{"uuid":"c8004856-77ab-4ca9-8744-606fa5a32672","token_id":1,"color":3,"transactions":[{"timestamp":1634179640,"price":0.10301,"block_number":13413777,"account":{"address":"0x94b8edf3f54fec7308b77b8d6814709a8929824b","tx_count":56,"eth":{"value":"3.505317476488681807","dynamic":"-0.12043317396514648"},"nft":{"value":7,"dynamic":5,"collections":[false,false,false,false,false,false,false],"collections2":{"89seconds":false,"artBlocks":false,"boredApes":false,"cryptoPunks":false,"ksoids":true,"meebits":false,"omnimorphs":true}}},"floor":0.10301},{"timestamp":1635903963,"price":0.11,"block_number":13541047,"account":{"address":"0xf66860499ff222467bfa52da79f26dd649bd13de","tx_count":4,"eth":{"value":"0.634608765551014019","dynamic":"0.634608765551014019"},"nft":{"value":63,"dynamic":63,"collections":[false,false,false,false,false,false,false],"collections2":{"89seconds":true,"artBlocks":false,"boredApes":false,"cryptoPunks":false,"ksoids":false,"meebits":false,"omnimorphs":false}}},"floor":0.05301},{"timestamp":1636805793,"price":0.095,"block_number":13607635,"account":{"address":"0x88ab731ff05493265917b941917c58bd8d4aa25f","tx_count":72,"eth":{"value":"1.475976947804163","dynamic":"1.427655711804163"},"nft":{"value":61,"dynamic":55,"collections":[false,false,false,false,false,false,false],"collections2":{"89seconds":true,"artBlocks":false,"boredApes":false,"cryptoPunks":false,"ksoids":true,"meebits":false,"omnimorphs":false}}},"floor":0.05301}]}