{"uuid":"7e954a8c-522e-405a-90ce-cc308f252c22","token_id":8,"color":1,"transactions":[{"timestamp":1634202809,"price":0.10301,"block_number":13415462,"account":{"address":"0x94b8edf3f54fec7308b77b8d6814709a8929824b","tx_count":56,"eth":{"value":"3.505317476488681807","dynamic":"-0.12043317396514648"},"nft":{"value":8,"dynamic":6,"collections":[false,false,false,false,false,false,false],"collections2":{"89seconds":false,"artBlocks":false,"boredApes":false,"cryptoPunks":false,"ksoids":true,"meebits":false,"omnimorphs":true}}},"floor":0.10301},{"timestamp":1636384908,"price":0.10555555555555556,"block_number":13576547,"account":{"address":"0xf66860499ff222467bfa52da79f26dd649bd13de","tx_count":9,"eth":{"value":"0.349171775700043491","dynamic":"0.349171775700043491"},"nft":{"value":65,"dynamic":65,"collections":[false,false,false,false,false,false,false],"collections2":{"89seconds":true,"artBlocks":false,"boredApes":false,"cryptoPunks":false,"ksoids":true,"meebits":false,"omnimorphs":false}}},"floor":0.07301},{"timestamp":1636805793,"price":0.095,"block_number":13607635,"account":{"address":"0x88ab731ff05493265917b941917c58bd8d4aa25f","tx_count":72,"eth":{"value":"1.475976947804163","dynamic":"1.427655711804163"},"nft":{"value":61,"dynamic":55,"collections":[false,false,false,false,false,false,false],"collections2":{"89seconds":true,"artBlocks":false,"boredApes":false,"cryptoPunks":false,"ksoids":true,"meebits":false,"omnimorphs":false}}},"floor":0.05301}]}