{"uuid":"62ab013e-a7f4-40dd-863f-3b5f8593991a","token_id":12,"color":1,"transactions":[{"timestamp":1634203787,"price":0.10301,"block_number":13415546,"account":{"address":"0x94b8edf3f54fec7308b77b8d6814709a8929824b","tx_count":56,"eth":{"value":"3.505317476488681807","dynamic":"-0.12043317396514648"},"nft":{"value":26,"dynamic":24,"collections":[false,false,false,false,false,false,false],"collections2":{"89seconds":false,"artBlocks":false,"boredApes":false,"cryptoPunks":false,"ksoids":true,"meebits":false,"omnimorphs":true}}},"floor":0.10301},{"timestamp":1640530315,"price":0.06571428571428571,"block_number":13881473,"account":{"address":"0xdc29fa68369886d6aca4de4e6f41eaee19b9075b","tx_count":11,"eth":{"value":"0.759974133385356078","dynamic":"0.759974133385356078"},"nft":{"value":2,"dynamic":2,"collections":[false,false,false,false,false,false,false],"collections2":{"89seconds":false,"artBlocks":false,"boredApes":false,"cryptoPunks":false,"ksoids":true,"meebits":false,"omnimorphs":false}}},"floor":0.061},{"timestamp":1640873736,"price":0.045,"block_number":13907167,"account":{"address":"0x94b8edf3f54fec7308b77b8d6814709a8929824b","tx_count":94,"eth":{"value":"1.471536045062900325","dynamic":"-2.154214605390927962"},"nft":{"value":45,"dynamic":43,"collections":[false,false,false,false,false,false,false],"collections2":{"89seconds":false,"artBlocks":false,"boredApes":false,"cryptoPunks":false,"ksoids":true,"meebits":false,"omnimorphs":false}}},"floor":0.0427},{"timestamp":1640878664,"price":0.044,"block_number":13907510,"account":{"address":"0x2f91373e3202cce0aa095e46dda94546591b7142","tx_count":47,"eth":{"value":"1.099651727083515647","dynamic":"1.092732393750182315"},"nft":{"value":19,"dynamic":19,"collections":[false,false,false,false,false,false,false],"collections2":{"89seconds":false,"artBlocks":false,"boredApes":false,"cryptoPunks":true,"ksoids":false,"meebits":false,"omnimorphs":false}}},"floor":0.042},{"timestamp":1640881198,"price":0.044,"block_number":13907709,"account":{"address":"0x94b8edf3f54fec7308b77b8d6814709a8929824b","tx_count":96,"eth":{"value":"2.290267929446504025","dynamic":"-1.335482721007324262"},"nft":{"value":33,"dynamic":31,"collections":[false,false,false,false,false,false,false],"collections2":{"89seconds":true,"artBlocks":false,"boredApes":false,"cryptoPunks":false,"ksoids":true,"meebits":false,"omnimorphs":false}}},"floor":0.042},{"timestamp":1640906689,"price":0.045,"block_number":13909642,"account":{"address":"0x2f91373e3202cce0aa095e46dda94546591b7142","tx_count":48,"eth":{"value":"1.169100652735413807","dynamic":"1.162181319402080475"},"nft":{"value":19,"dynamic":19,"collections":[false,false,false,false,false,false,false],"collections2":{"89seconds":false,"artBlocks":false,"boredApes":false,"cryptoPunks":true,"ksoids":false,"meebits":false,"omnimorphs":false}}},"floor":0.04},{"timestamp":1640965408,"price":0.065,"block_number":13913988,"account":{"address":"0xdaa5bacb610364edc81f7463426f8706bab83d0a","tx_count":91,"eth":{"value":"0.137106755649324579","dynamic":"0.137106755649324579"},"nft":{"value":28,"dynamic":28,"collections":[false,false,false,false,false,false,false],"collections2":{"89seconds":false,"artBlocks":false,"boredApes":true,"cryptoPunks":false,"ksoids":false,"meebits":false,"omnimorphs":false}}},"floor":0.06}]}