{"uuid":"d1b5a3e9-5cfd-4265-9431-33558a805c10","token_id":11,"color":0,"transactions":[{"timestamp":1634203786,"price":0.10301,"block_number":13415546,"account":{"address":"0x94b8edf3f54fec7308b77b8d6814709a8929824b","tx_count":56,"eth":{"value":"3.505317476488681807","dynamic":"-0.12043317396514648"},"nft":{"value":26,"dynamic":24,"collections":[false,false,false,false,false,false,false],"collections2":{"89seconds":false,"artBlocks":false,"boredApes":false,"cryptoPunks":false,"ksoids":true,"meebits":false,"omnimorphs":true}}},"floor":0.10301}]}