{"uuid":"92ecf301-96b9-41d0-8e10-f48662421322","token_id":14,"color":3,"transactions":[{"timestamp":1634203790,"price":0.10301,"block_number":13415546,"account":{"address":"0x94b8edf3f54fec7308b77b8d6814709a8929824b","tx_count":56,"eth":{"value":"3.505317476488681807","dynamic":"-0.12043317396514648"},"nft":{"value":26,"dynamic":24,"collections":[false,false,false,false,false,false,false],"collections2":{"89seconds":false,"artBlocks":false,"boredApes":false,"cryptoPunks":false,"ksoids":true,"meebits":false,"omnimorphs":true}}},"floor":0.10301},{"timestamp":1641011206,"price":0.05821428571428571,"block_number":13917384,"account":{"address":"0xd082fee0e66e84eeb9be47eea679bb671dc1dae9","tx_count":30,"eth":{"value":"0.173504141074597507","dynamic":"0.173504141074597507"},"nft":{"value":27,"dynamic":27,"collections":[false,false,false,false,false,false,false],"collections2":{"89seconds":false,"artBlocks":true,"boredApes":false,"cryptoPunks":false,"ksoids":false,"meebits":false,"omnimorphs":false}}},"floor":0.0575},{"timestamp":1641011574,"price":0.058,"block_number":13917415,"account":{"address":"0xd115bc76d59598f91944600ab36b77b2ecb3e765","tx_count":45,"eth":{"value":"0.113227951243936063","dynamic":"0.113227951243936063"},"nft":{"value":23,"dynamic":23,"collections":[false,false,false,false,false,false,false],"collections2":{"89seconds":false,"artBlocks":false,"boredApes":false,"cryptoPunks":false,"ksoids":true,"meebits":true,"omnimorphs":false}}},"floor":0.0575},{"timestamp":1641012031,"price":0.058,"block_number":13917449,"account":{"address":"0xd082fee0e66e84eeb9be47eea679bb671dc1dae9","tx_count":31,"eth":{"value":"0.234196808803677656","dynamic":"0.234196808803677656"},"nft":{"value":27,"dynamic":27,"collections":[false,false,false,false,false,false,false],"collections2":{"89seconds":false,"artBlocks":true,"boredApes":false,"cryptoPunks":false,"ksoids":false,"meebits":false,"omnimorphs":false}}},"floor":0.0575},{"timestamp":1641012278,"price":0.058,"block_number":13917470,"account":{"address":"0xd115bc76d59598f91944600ab36b77b2ecb3e765","tx_count":46,"eth":{"value":"0.111795995748917741","dynamic":"0.111795995748917741"},"nft":{"value":23,"dynamic":23,"collections":[false,false,false,false,false,false,false],"collections2":{"89seconds":false,"artBlocks":false,"boredApes":false,"cryptoPunks":false,"ksoids":true,"meebits":true,"omnimorphs":false}}},"floor":0.0575},{"timestamp":1641012823,"price":0.058,"block_number":13917501,"account":{"address":"0xd082fee0e66e84eeb9be47eea679bb671dc1dae9","tx_count":32,"eth":{"value":"0.173443144093306972","dynamic":"0.173443144093306972"},"nft":{"value":26,"dynamic":26,"collections":[false,false,false,false,false,false,false],"collections2":{"89seconds":false,"artBlocks":true,"boredApes":false,"cryptoPunks":false,"ksoids":false,"meebits":false,"omnimorphs":false}}},"floor":0.0569},{"timestamp":1641013007,"price":0.058,"block_number":13917513,"account":{"address":"0x94b8edf3f54fec7308b77b8d6814709a8929824b","tx_count":100,"eth":{"value":"3.600098552237495565","dynamic":"-0.025652098216332722"},"nft":{"value":19,"dynamic":17,"collections":[false,false,false,false,false,false,false],"collections2":{"89seconds":true,"artBlocks":false,"boredApes":false,"cryptoPunks":false,"ksoids":false,"meebits":false,"omnimorphs":false}}},"floor":0.0569}]}