{"uuid":"3aa8287f-ec8c-4085-8c69-d7b21ed808bd","token_id":15,"color":4,"transactions":[{"timestamp":1634203791,"price":0.10301,"block_number":13415546,"account":{"address":"0x94b8edf3f54fec7308b77b8d6814709a8929824b","tx_count":56,"eth":{"value":"3.505317476488681807","dynamic":"-0.12043317396514648"},"nft":{"value":26,"dynamic":24,"collections":[false,false,false,false,false,false,false],"collections2":{"89seconds":false,"artBlocks":false,"boredApes":false,"cryptoPunks":false,"ksoids":true,"meebits":false,"omnimorphs":true}}},"floor":0.10301},{"timestamp":1639944808,"price":0.07,"block_number":13837681,"account":{"address":"0x4e7ea23a608949f52820bf9d2c01f6d914d98203","tx_count":250,"eth":{"value":"2.660256404110808294","dynamic":"2.650182907493730487"},"nft":{"value":29,"dynamic":26,"collections":[false,false,false,false,false,false,false],"collections2":{"89seconds":true,"artBlocks":true,"boredApes":true,"cryptoPunks":true,"ksoids":true,"meebits":true,"omnimorphs":true}}},"floor":0.063},{"timestamp":1640965408,"price":0.065,"block_number":13913988,"account":{"address":"0xdaa5bacb610364edc81f7463426f8706bab83d0a","tx_count":91,"eth":{"value":"0.137106755649324579","dynamic":"0.137106755649324579"},"nft":{"value":28,"dynamic":28,"collections":[false,false,false,false,false,false,false],"collections2":{"89seconds":false,"artBlocks":false,"boredApes":true,"cryptoPunks":false,"ksoids":false,"meebits":false,"omnimorphs":false}}},"floor":0.06},{"timestamp":1640984633,"price":0.055,"block_number":13915400,"account":{"address":"0x6513b753670786367922fd32efbb6ce18abd3041","tx_count":523,"eth":{"value":"0.13975286513629122","dynamic":"-0.008966255969402069"},"nft":{"value":217,"dynamic":98,"collections":[false,false,false,false,false,false,false],"collections2":{"89seconds":false,"artBlocks":false,"boredApes":true,"cryptoPunks":false,"ksoids":false,"meebits":false,"omnimorphs":false}}},"floor":0.0599},{"timestamp":1641002704,"price":0.058,"block_number":13916734,"account":{"address":"0xdaa5bacb610364edc81f7463426f8706bab83d0a","tx_count":93,"eth":{"value":"0.639581884135628234","dynamic":"0.639581884135628234"},"nft":{"value":42,"dynamic":42,"collections":[false,false,false,false,false,false,false],"collections2":{"89seconds":false,"artBlocks":false,"boredApes":true,"cryptoPunks":false,"ksoids":false,"meebits":false,"omnimorphs":false}}},"floor":0.058}]}