{"uuid":"cb75cde0-8b0e-44a9-b3b9-3cf3f7808faa","token_id":18,"color":1,"transactions":[{"timestamp":1634203795,"price":0.10301,"block_number":13415546,"account":{"address":"0x94b8edf3f54fec7308b77b8d6814709a8929824b","tx_count":56,"eth":{"value":"3.505317476488681807","dynamic":"-0.12043317396514648"},"nft":{"value":26,"dynamic":24,"collections":[false,false,false,false,false,false,false],"collections2":{"89seconds":false,"artBlocks":false,"boredApes":false,"cryptoPunks":false,"ksoids":true,"meebits":false,"omnimorphs":true}}},"floor":0.10301},{"timestamp":1638897592,"price":0.1,"block_number":13759796,"account":{"address":"0xf66860499ff222467bfa52da79f26dd649bd13de","tx_count":19,"eth":{"value":"11.555051073392142743","dynamic":"11.555051073392142743"},"nft":{"value":51,"dynamic":51,"collections":[false,false,false,false,false,false,false],"collections2":{"89seconds":true,"artBlocks":false,"boredApes":false,"cryptoPunks":false,"ksoids":true,"meebits":false,"omnimorphs":false}}},"floor":0.08},{"timestamp":1639003954,"price":0.16,"block_number":13767532,"account":{"address":"0x26ff281395491eb5489e68358825fd4c797bc257","tx_count":2,"eth":{"value":"0.515020072991028379","dynamic":"0.515020072991028379"},"nft":{"value":0,"dynamic":0,"collections":[false,false,false,false,false,false,false],"collections2":{"89seconds":false,"artBlocks":false,"boredApes":false,"cryptoPunks":false,"ksoids":false,"meebits":false,"omnimorphs":false}}},"floor":0.08},{"timestamp":1639022327,"price":0.24,"block_number":13768837,"account":{"address":"0x050920eda4014e25ded17c346b425239a468d63d","tx_count":1755,"eth":{"value":"0.21543816349320094","dynamic":"-3.17531271982069195"},"nft":{"value":476,"dynamic":326,"collections":[false,false,false,false,false,false,false],"collections2":{"89seconds":false,"artBlocks":false,"boredApes":false,"cryptoPunks":false,"ksoids":false,"meebits":false,"omnimorphs":false}}},"floor":0.08},{"timestamp":1639169632,"price":0.32,"block_number":13779703,"account":{"address":"0xddede77cd4ca200c1a87b471b0f17ed30d15be4b","tx_count":142,"eth":{"value":"104.11687132607351612","dynamic":"24.698057306672222258"},"nft":{"value":1429,"dynamic":1429,"collections":[false,false,false,false,false,false,false],"collections2":{"89seconds":false,"artBlocks":false,"boredApes":false,"cryptoPunks":false,"ksoids":false,"meebits":false,"omnimorphs":false}}},"floor":0.0795},{"timestamp":1639591577,"price":0.4,"block_number":13811258,"account":{"address":"0x1f49e1fae7b487d6bcb86d702b06ee7a45b72ee8","tx_count":55,"eth":{"value":"18.055695110499956645","dynamic":"14.549863780959562651"},"nft":{"value":38,"dynamic":30,"collections":[false,false,false,false,false,false,false],"collections2":{"89seconds":false,"artBlocks":true,"boredApes":true,"cryptoPunks":true,"ksoids":false,"meebits":false,"omnimorphs":false}}},"floor":0.06},{"timestamp":1640023575,"price":0.4,"block_number":13843599,"account":{"address":"0xc13b9a35c33e6a13dc43dde0e248b94e21938e18","tx_count":322,"eth":{"value":"1.323481432979409255","dynamic":"-0.343624795539601734"},"nft":{"value":156,"dynamic":14,"collections":[false,false,false,false,false,false,false],"collections2":{"89seconds":false,"artBlocks":false,"boredApes":false,"cryptoPunks":false,"ksoids":false,"meebits":false,"omnimorphs":false}}},"floor":0.065}]}