{"uuid":"4a8314d1-7b5a-488a-b614-6fec3bc2bfae","token_id":26,"color":1,"transactions":[{"timestamp":1634204032,"price":0.10301,"block_number":13415566,"account":{"address":"0xf66860499ff222467bfa52da79f26dd649bd13de","tx_count":0,"eth":{"value":"0.65247199","dynamic":"0.65247199"},"nft":{"value":20,"dynamic":20,"collections":[false,false,false,false,false,false,false],"collections2":{"89seconds":false,"artBlocks":false,"boredApes":false,"cryptoPunks":false,"ksoids":false,"meebits":false,"omnimorphs":false}}},"floor":0.10301}]}