{"uuid":"194ae9ea-e13f-451f-ab83-ded919a86f73","token_id":25,"color":1,"transactions":[{"timestamp":1634204032,"price":0.10301,"block_number":13415566,"account":{"address":"0xf66860499ff222467bfa52da79f26dd649bd13de","tx_count":0,"eth":{"value":"0.65247199","dynamic":"0.65247199"},"nft":{"value":20,"dynamic":20,"collections":[false,false,false,false,false,false,false],"collections2":{"89seconds":false,"artBlocks":false,"boredApes":false,"cryptoPunks":false,"ksoids":false,"meebits":false,"omnimorphs":false}}},"floor":0.10301},{"timestamp":1639926767,"price":0.063,"block_number":13836341,"account":{"address":"0x4e7ea23a608949f52820bf9d2c01f6d914d98203","tx_count":248,"eth":{"value":"0.031949597490215788","dynamic":"0.021876100873137981"},"nft":{"value":23,"dynamic":20,"collections":[false,false,false,false,false,false,false],"collections2":{"89seconds":true,"artBlocks":true,"boredApes":true,"cryptoPunks":true,"ksoids":true,"meebits":true,"omnimorphs":true}}},"floor":0.063}]}