{"uuid":"adf13589-053a-466f-a914-3a303bbe7f2a","token_id":21,"color":0,"transactions":[{"timestamp":1634204072,"price":0.10301,"block_number":13415567,"account":{"address":"0xf66860499ff222467bfa52da79f26dd649bd13de","tx_count":0,"eth":{"value":"0.65247199","dynamic":"0.65247199"},"nft":{"value":0,"dynamic":0,"collections":[false,false,false,false,false,false,false],"collections2":{"89seconds":false,"artBlocks":false,"boredApes":false,"cryptoPunks":false,"ksoids":false,"meebits":false,"omnimorphs":false}}},"floor":0.10301},{"timestamp":1641009790,"price":0.058,"block_number":13917278,"account":{"address":"0xf66860499ff222467bfa52da79f26dd649bd13de","tx_count":68,"eth":{"value":"6.0244623701205123","dynamic":"6.0244623701205123"},"nft":{"value":54,"dynamic":54,"collections":[false,false,false,false,false,false,false],"collections2":{"89seconds":true,"artBlocks":false,"boredApes":false,"cryptoPunks":false,"ksoids":false,"meebits":false,"omnimorphs":false}}},"floor":0.0575}]}