{"uuid":"f16e9491-2069-41fd-8329-c6ed9da43043","token_id":24,"color":1,"transactions":[{"timestamp":1634204032,"price":0.10301,"block_number":13415566,"account":{"address":"0xf66860499ff222467bfa52da79f26dd649bd13de","tx_count":0,"eth":{"value":"0.65247199","dynamic":"0.65247199"},"nft":{"value":20,"dynamic":20,"collections":[false,false,false,false,false,false,false],"collections2":{"89seconds":false,"artBlocks":false,"boredApes":false,"cryptoPunks":false,"ksoids":false,"meebits":false,"omnimorphs":false}}},"floor":0.10301},{"timestamp":1640906275,"price":0.04,"block_number":13909599,"account":{"address":"0x655c91025a49e661f0e7bb1aa6b2ec030172f464","tx_count":161,"eth":{"value":"2.081277357549762912","dynamic":"1.521901814612497016"},"nft":{"value":93,"dynamic":49,"collections":[false,false,false,false,false,false,false],"collections2":{"89seconds":true,"artBlocks":false,"boredApes":false,"cryptoPunks":true,"ksoids":true,"meebits":true,"omnimorphs":false}}},"floor":0.04},{"timestamp":1640921089,"price":0.045,"block_number":13910716,"account":{"address":"0x2f91373e3202cce0aa095e46dda94546591b7142","tx_count":51,"eth":{"value":"0.285470746069397959","dynamic":"0.278551412736064627"},"nft":{"value":19,"dynamic":19,"collections":[false,false,false,false,false,false,false],"collections2":{"89seconds":false,"artBlocks":false,"boredApes":false,"cryptoPunks":true,"ksoids":false,"meebits":false,"omnimorphs":false}}},"floor":0.0355},{"timestamp":1640923080,"price":0.041666666666666664,"block_number":13910844,"account":{"address":"0x655c91025a49e661f0e7bb1aa6b2ec030172f464","tx_count":163,"eth":{"value":"0.843919388155680262","dynamic":"0.284543845218414366"},"nft":{"value":93,"dynamic":49,"collections":[false,false,false,false,false,false,false],"collections2":{"89seconds":true,"artBlocks":false,"boredApes":false,"cryptoPunks":true,"ksoids":true,"meebits":true,"omnimorphs":false}}},"floor":0.0355},{"timestamp":1641009790,"price":0.058,"block_number":13917278,"account":{"address":"0xf66860499ff222467bfa52da79f26dd649bd13de","tx_count":68,"eth":{"value":"6.0244623701205123","dynamic":"6.0244623701205123"},"nft":{"value":54,"dynamic":54,"collections":[false,false,false,false,false,false,false],"collections2":{"89seconds":true,"artBlocks":false,"boredApes":false,"cryptoPunks":false,"ksoids":false,"meebits":false,"omnimorphs":false}}},"floor":0.0575}]}