{"uuid":"6727fafa-0948-4881-9ce7-065092b3b2d4","token_id":23,"color":1,"transactions":[{"timestamp":1634204032,"price":0.10301,"block_number":13415566,"account":{"address":"0xf66860499ff222467bfa52da79f26dd649bd13de","tx_count":0,"eth":{"value":"0.65247199","dynamic":"0.65247199"},"nft":{"value":20,"dynamic":20,"collections":[false,false,false,false,false,false,false],"collections2":{"89seconds":false,"artBlocks":false,"boredApes":false,"cryptoPunks":false,"ksoids":false,"meebits":false,"omnimorphs":false}}},"floor":0.10301},{"timestamp":1641012010,"price":0.05875,"block_number":13917446,"account":{"address":"0x9a3437c540eb12991a7dd889de3802de1403e425","tx_count":6,"eth":{"value":"0.4760359044","dynamic":"0.4760359044"},"nft":{"value":9,"dynamic":9,"collections":[false,false,false,false,false,false,false],"collections2":{"89seconds":false,"artBlocks":false,"boredApes":false,"cryptoPunks":false,"ksoids":true,"meebits":false,"omnimorphs":false}}},"floor":0.0575},{"timestamp":1641012823,"price":0.05875,"block_number":13917501,"account":{"address":"0xf66860499ff222467bfa52da79f26dd649bd13de","tx_count":69,"eth":{"value":"5.947940669315446682","dynamic":"5.947940669315446682"},"nft":{"value":46,"dynamic":46,"collections":[false,false,false,false,false,false,false],"collections2":{"89seconds":true,"artBlocks":false,"boredApes":false,"cryptoPunks":false,"ksoids":false,"meebits":false,"omnimorphs":false}}},"floor":0.0569}]}