{"uuid":"d5670e2f-6867-4451-8d0a-56b11c7d9cc5","token_id":37,"color":0,"transactions":[{"timestamp":1634204889,"price":0.10301,"block_number":13415626,"account":{"address":"0xf66860499ff222467bfa52da79f26dd649bd13de","tx_count":0,"eth":{"value":"0.65247199","dynamic":"0.65247199"},"nft":{"value":10,"dynamic":10,"collections":[false,false,false,false,false,false,false],"collections2":{"89seconds":false,"artBlocks":false,"boredApes":false,"cryptoPunks":false,"ksoids":false,"meebits":false,"omnimorphs":false}}},"floor":0.10301}]}