{"uuid":"971fcc56-983f-4a5b-b8b5-6eead33b398f","token_id":36,"color":5,"transactions":[{"timestamp":1634204888,"price":0.10301,"block_number":13415626,"account":{"address":"0xf66860499ff222467bfa52da79f26dd649bd13de","tx_count":0,"eth":{"value":"0.65247199","dynamic":"0.65247199"},"nft":{"value":10,"dynamic":10,"collections":[false,false,false,false,false,false,false],"collections2":{"89seconds":false,"artBlocks":false,"boredApes":false,"cryptoPunks":false,"ksoids":false,"meebits":false,"omnimorphs":false}}},"floor":0.10301}]}