{"uuid":"ac9cc963-6225-4b26-95a2-8e4325465382","token_id":32,"color":1,"transactions":[{"timestamp":1634204884,"price":0.10301,"block_number":13415625,"account":{"address":"0xf66860499ff222467bfa52da79f26dd649bd13de","tx_count":0,"eth":{"value":"0.65247199","dynamic":"0.65247199"},"nft":{"value":10,"dynamic":10,"collections":[false,false,false,false,false,false,false],"collections2":{"89seconds":false,"artBlocks":false,"boredApes":false,"cryptoPunks":false,"ksoids":false,"meebits":false,"omnimorphs":false}}},"floor":0.10301}]}