{"uuid":"05903604-d296-4d7f-b09d-7f55b647b2dd","token_id":47,"color":5,"transactions":[{"timestamp":1634205032,"price":0.10301,"block_number":13415636,"account":{"address":"0x88ab731ff05493265917b941917c58bd8d4aa25f","tx_count":41,"eth":{"value":"6.176264194899826","dynamic":"5.900355476899826"},"nft":{"value":53,"dynamic":47,"collections":[false,false,false,false,false,false,false],"collections2":{"89seconds":true,"artBlocks":false,"boredApes":false,"cryptoPunks":false,"ksoids":true,"meebits":false,"omnimorphs":false}}},"floor":0.10301}]}