{"uuid":"cab27520-8201-4db9-8063-f10f1c104165","token_id":40,"color":3,"transactions":[{"timestamp":1634204892,"price":0.10301,"block_number":13415626,"account":{"address":"0xf66860499ff222467bfa52da79f26dd649bd13de","tx_count":0,"eth":{"value":"0.65247199","dynamic":"0.65247199"},"nft":{"value":10,"dynamic":10,"collections":[false,false,false,false,false,false,false],"collections2":{"89seconds":false,"artBlocks":false,"boredApes":false,"cryptoPunks":false,"ksoids":false,"meebits":false,"omnimorphs":false}}},"floor":0.10301}]}