{"uuid":"937a3f0d-05e2-4b6f-8b9f-471d625df3f6","token_id":45,"color":4,"transactions":[{"timestamp":1634205078,"price":0.10301,"block_number":13415638,"account":{"address":"0x88ab731ff05493265917b941917c58bd8d4aa25f","tx_count":41,"eth":{"value":"6.176264194899826","dynamic":"5.900355476899826"},"nft":{"value":33,"dynamic":27,"collections":[false,false,false,false,false,false,false],"collections2":{"89seconds":true,"artBlocks":false,"boredApes":false,"cryptoPunks":false,"ksoids":true,"meebits":false,"omnimorphs":false}}},"floor":0.10301},{"timestamp":1636057580,"price":0.09,"block_number":13552329,"account":{"address":"0xc38376ce593c339f63add5ec298fc1192e7d2128","tx_count":222,"eth":{"value":"2.461501535873625062","dynamic":"-22.269982070368894262"},"nft":{"value":125,"dynamic":121,"collections":[false,false,false,false,false,false,false],"collections2":{"89seconds":true,"artBlocks":false,"boredApes":false,"cryptoPunks":false,"ksoids":true,"meebits":false,"omnimorphs":false}}},"floor":0.05301},{"timestamp":1636192304,"price":0.08846153846153847,"block_number":13562297,"account":{"address":"0xc38376ce593c339f63add5ec298fc1192e7d2128","tx_count":233,"eth":{"value":"1.378140165873625062","dynamic":"-13.335547344368894262"},"nft":{"value":104,"dynamic":103,"collections":[false,false,false,false,false,false,false],"collections2":{"89seconds":true,"artBlocks":false,"boredApes":false,"cryptoPunks":false,"ksoids":false,"meebits":false,"omnimorphs":false}}},"floor":0.05301},{"timestamp":1636195679,"price":0.085,"block_number":13562532,"account":{"address":"0xc38376ce593c339f63add5ec298fc1192e7d2128","tx_count":235,"eth":{"value":"0.178004955873625062","dynamic":"-14.535682554368894262"},"nft":{"value":105,"dynamic":104,"collections":[false,false,false,false,false,false,false],"collections2":{"89seconds":true,"artBlocks":false,"boredApes":false,"cryptoPunks":false,"ksoids":false,"meebits":false,"omnimorphs":false}}},"floor":0.05301},{"timestamp":1636217141,"price":0.085,"block_number":13564141,"account":{"address":"0xc38376ce593c339f63add5ec298fc1192e7d2128","tx_count":237,"eth":{"value":"1.335192607873625062","dynamic":"-13.378494902368894262"},"nft":{"value":106,"dynamic":105,"collections":[false,false,false,false,false,false,false],"collections2":{"89seconds":true,"artBlocks":false,"boredApes":false,"cryptoPunks":false,"ksoids":false,"meebits":false,"omnimorphs":false}}},"floor":0.05301},{"timestamp":1636219932,"price":0.085,"block_number":13564328,"account":{"address":"0xc38376ce593c339f63add5ec298fc1192e7d2128","tx_count":239,"eth":{"value":"0.570784628873625062","dynamic":"-14.137877000368894262"},"nft":{"value":117,"dynamic":116,"collections":[false,false,false,false,false,false,false],"collections2":{"89seconds":true,"artBlocks":false,"boredApes":false,"cryptoPunks":false,"ksoids":false,"meebits":false,"omnimorphs":false}}},"floor":0.05301},{"timestamp":1636221152,"price":0.085,"block_number":13564418,"account":{"address":"0xc38376ce593c339f63add5ec298fc1192e7d2128","tx_count":241,"eth":{"value":"0.126034691873625062","dynamic":"-14.582626937368894262"},"nft":{"value":113,"dynamic":112,"collections":[false,false,false,false,false,false,false],"collections2":{"89seconds":true,"artBlocks":false,"boredApes":false,"cryptoPunks":false,"ksoids":false,"meebits":false,"omnimorphs":false}}},"floor":0.05301}]}