{"uuid":"b8cd2df4-e5fc-4565-9503-84cdd7e305b6","token_id":44,"color":3,"transactions":[{"timestamp":1634205077,"price":0.10301,"block_number":13415638,"account":{"address":"0x88ab731ff05493265917b941917c58bd8d4aa25f","tx_count":41,"eth":{"value":"6.176264194899826","dynamic":"5.900355476899826"},"nft":{"value":33,"dynamic":27,"collections":[false,false,false,false,false,false,false],"collections2":{"89seconds":true,"artBlocks":false,"boredApes":false,"cryptoPunks":false,"ksoids":true,"meebits":false,"omnimorphs":false}}},"floor":0.10301}]}