{"uuid":"9df90a41-6f5e-44f9-a50b-5b0579975de6","token_id":49,"color":5,"transactions":[{"timestamp":1634205032,"price":0.10301,"block_number":13415636,"account":{"address":"0x88ab731ff05493265917b941917c58bd8d4aa25f","tx_count":41,"eth":{"value":"6.176264194899826","dynamic":"5.900355476899826"},"nft":{"value":53,"dynamic":47,"collections":[false,false,false,false,false,false,false],"collections2":{"89seconds":true,"artBlocks":false,"boredApes":false,"cryptoPunks":false,"ksoids":true,"meebits":false,"omnimorphs":false}}},"floor":0.10301},{"timestamp":1639318360,"price":0.08,"block_number":13790772,"account":{"address":"0x069ad4294f8b920eb96c57278b0468cd10d951a6","tx_count":45,"eth":{"value":"0.20002093190865344","dynamic":"0.174481835367921023"},"nft":{"value":10,"dynamic":10,"collections":[false,false,false,false,false,false,false],"collections2":{"89seconds":false,"artBlocks":false,"boredApes":false,"cryptoPunks":true,"ksoids":false,"meebits":false,"omnimorphs":false}}},"floor":0.079},{"timestamp":1639324621,"price":0.075,"block_number":13791226,"account":{"address":"0x6fa7df83b23d1eefa1772a3ebe3eaa46a6a5c604","tx_count":2,"eth":{"value":"0.042282220962","dynamic":"0.042282220962"},"nft":{"value":0,"dynamic":0,"collections":[false,false,false,false,false,false,false],"collections2":{"89seconds":false,"artBlocks":false,"boredApes":false,"cryptoPunks":false,"ksoids":false,"meebits":false,"omnimorphs":false}}},"floor":0.075}]}