{"uuid":"85c30682-3e6d-411d-a94b-7b4a00642f22","token_id":54,"color":3,"transactions":[{"timestamp":1634205649,"price":0.10301,"block_number":13415672,"account":{"address":"0x88ab731ff05493265917b941917c58bd8d4aa25f","tx_count":41,"eth":{"value":"6.176264194899826","dynamic":"5.900355476899826"},"nft":{"value":43,"dynamic":37,"collections":[false,false,false,false,false,false,false],"collections2":{"89seconds":true,"artBlocks":false,"boredApes":false,"cryptoPunks":false,"ksoids":true,"meebits":false,"omnimorphs":false}}},"floor":0.10301},{"timestamp":1636057580,"price":0.09,"block_number":13552329,"account":{"address":"0xc38376ce593c339f63add5ec298fc1192e7d2128","tx_count":222,"eth":{"value":"2.461501535873625062","dynamic":"-22.269982070368894262"},"nft":{"value":125,"dynamic":121,"collections":[false,false,false,false,false,false,false],"collections2":{"89seconds":true,"artBlocks":false,"boredApes":false,"cryptoPunks":false,"ksoids":true,"meebits":false,"omnimorphs":false}}},"floor":0.05301},{"timestamp":1636231516,"price":0.09011111111111111,"block_number":13565161,"account":{"address":"0xc38376ce593c339f63add5ec298fc1192e7d2128","tx_count":246,"eth":{"value":"0.547217385873625062","dynamic":"-14.161444243368894262"},"nft":{"value":108,"dynamic":104,"collections":[false,false,false,false,false,false,false],"collections2":{"89seconds":false,"artBlocks":false,"boredApes":false,"cryptoPunks":false,"ksoids":true,"meebits":false,"omnimorphs":false}}},"floor":0.05301},{"timestamp":1636233107,"price":0.09052631578947369,"block_number":13565285,"account":{"address":"0xc38376ce593c339f63add5ec298fc1192e7d2128","tx_count":249,"eth":{"value":"0.551324592873625062","dynamic":"-14.157337036368894262"},"nft":{"value":118,"dynamic":114,"collections":[false,false,false,false,false,false,false],"collections2":{"89seconds":false,"artBlocks":false,"boredApes":false,"cryptoPunks":false,"ksoids":true,"meebits":false,"omnimorphs":false}}},"floor":0.05301},{"timestamp":1636234638,"price":0.09,"block_number":13565407,"account":{"address":"0xc38376ce593c339f63add5ec298fc1192e7d2128","tx_count":251,"eth":{"value":"0.323090582873625062","dynamic":"-14.385571046368894262"},"nft":{"value":118,"dynamic":114,"collections":[false,false,false,false,false,false,false],"collections2":{"89seconds":false,"artBlocks":false,"boredApes":false,"cryptoPunks":false,"ksoids":true,"meebits":false,"omnimorphs":false}}},"floor":0.05301},{"timestamp":1636267469,"price":0.08125,"block_number":13567871,"account":{"address":"0xc38376ce593c339f63add5ec298fc1192e7d2128","tx_count":253,"eth":{"value":"0.307754843873625062","dynamic":"-7.381479143368894262"},"nft":{"value":118,"dynamic":114,"collections":[false,false,false,false,false,false,false],"collections2":{"89seconds":false,"artBlocks":false,"boredApes":false,"cryptoPunks":false,"ksoids":true,"meebits":false,"omnimorphs":false}}},"floor":0.07301},{"timestamp":1636268655,"price":0.08166666666666667,"block_number":13567953,"account":{"address":"0xc38376ce593c339f63add5ec298fc1192e7d2128","tx_count":255,"eth":{"value":"0.351923344873625062","dynamic":"-7.337310642368894262"},"nft":{"value":106,"dynamic":102,"collections":[false,false,false,false,false,false,false],"collections2":{"89seconds":false,"artBlocks":false,"boredApes":false,"cryptoPunks":false,"ksoids":true,"meebits":false,"omnimorphs":false}}},"floor":0.07301}]}