{"uuid":"1d2918c3-cf1c-4509-a24f-b6ca67f2b07f","token_id":58,"color":1,"transactions":[{"timestamp":1634205653,"price":0.10301,"block_number":13415672,"account":{"address":"0x88ab731ff05493265917b941917c58bd8d4aa25f","tx_count":41,"eth":{"value":"6.176264194899826","dynamic":"5.900355476899826"},"nft":{"value":43,"dynamic":37,"collections":[false,false,false,false,false,false,false],"collections2":{"89seconds":true,"artBlocks":false,"boredApes":false,"cryptoPunks":false,"ksoids":true,"meebits":false,"omnimorphs":false}}},"floor":0.10301},{"timestamp":1635971766,"price":0.09,"block_number":13546096,"account":{"address":"0xc38376ce593c339f63add5ec298fc1192e7d2128","tx_count":221,"eth":{"value":"3.477729395873625062","dynamic":"-21.253754210368894262"},"nft":{"value":118,"dynamic":114,"collections":[false,false,false,false,false,false,false],"collections2":{"89seconds":true,"artBlocks":false,"boredApes":false,"cryptoPunks":false,"ksoids":true,"meebits":false,"omnimorphs":false}}},"floor":0.05301},{"timestamp":1636280311,"price":0.10192307692307692,"block_number":13568790,"account":{"address":"0xc38376ce593c339f63add5ec298fc1192e7d2128","tx_count":262,"eth":{"value":"0.796614631873625062","dynamic":"-6.892619355368894262"},"nft":{"value":88,"dynamic":87,"collections":[false,false,false,false,false,false,false],"collections2":{"89seconds":false,"artBlocks":false,"boredApes":false,"cryptoPunks":false,"ksoids":false,"meebits":true,"omnimorphs":false}}},"floor":0.07301},{"timestamp":1636295642,"price":0.1,"block_number":13569911,"account":{"address":"0xc38376ce593c339f63add5ec298fc1192e7d2128","tx_count":265,"eth":{"value":"0.844241330200137863","dynamic":"-6.844992657042381461"},"nft":{"value":102,"dynamic":101,"collections":[false,false,false,false,false,false,false],"collections2":{"89seconds":false,"artBlocks":false,"boredApes":false,"cryptoPunks":false,"ksoids":false,"meebits":true,"omnimorphs":false}}},"floor":0.07301},{"timestamp":1639573339,"price":0.07,"block_number":13809880,"account":{"address":"0xc38376ce593c339f63add5ec298fc1192e7d2128","tx_count":276,"eth":{"value":"3.874507004289291447","dynamic":"0.856345245236953255"},"nft":{"value":112,"dynamic":82,"collections":[false,false,false,false,false,false,false],"collections2":{"89seconds":true,"artBlocks":false,"boredApes":false,"cryptoPunks":false,"ksoids":false,"meebits":true,"omnimorphs":false}}},"floor":0.07},{"timestamp":1639656366,"price":0.07,"block_number":13816103,"account":{"address":"0xc38376ce593c339f63add5ec298fc1192e7d2128","tx_count":279,"eth":{"value":"2.010610754289291447","dynamic":"-1.007551004763046745"},"nft":{"value":120,"dynamic":90,"collections":[false,false,false,false,false,false,false],"collections2":{"89seconds":true,"artBlocks":false,"boredApes":false,"cryptoPunks":false,"ksoids":false,"meebits":true,"omnimorphs":false}}},"floor":0.065},{"timestamp":1639661861,"price":0.07,"block_number":13816493,"account":{"address":"0xc38376ce593c339f63add5ec298fc1192e7d2128","tx_count":282,"eth":{"value":"3.449908383289291447","dynamic":"0.431746624236953255"},"nft":{"value":118,"dynamic":88,"collections":[false,false,false,false,false,false,false],"collections2":{"89seconds":true,"artBlocks":false,"boredApes":false,"cryptoPunks":false,"ksoids":false,"meebits":true,"omnimorphs":false}}},"floor":0.07}]}