{"uuid":"aeb8e6cf-a78c-42c4-9669-2b21761654d5","token_id":55,"color":4,"transactions":[{"timestamp":1634205650,"price":0.10301,"block_number":13415672,"account":{"address":"0x88ab731ff05493265917b941917c58bd8d4aa25f","tx_count":41,"eth":{"value":"6.176264194899826","dynamic":"5.900355476899826"},"nft":{"value":43,"dynamic":37,"collections":[false,false,false,false,false,false,false],"collections2":{"89seconds":true,"artBlocks":false,"boredApes":false,"cryptoPunks":false,"ksoids":true,"meebits":false,"omnimorphs":false}}},"floor":0.10301}]}