{"uuid":"37837fc4-0e4d-436f-a5d3-ebd35678a434","token_id":64,"color":2,"transactions":[{"timestamp":1634205835,"price":0.10301,"block_number":13415682,"account":{"address":"0xd55265a92bc98a8d5c8ffcdb2287d734db480901","tx_count":146,"eth":{"value":"0.151614976615602379","dynamic":"0.151614976615602379"},"nft":{"value":58,"dynamic":58,"collections":[false,false,false,false,false,false,false],"collections2":{"89seconds":false,"artBlocks":false,"boredApes":false,"cryptoPunks":false,"ksoids":false,"meebits":false,"omnimorphs":true}}},"floor":0.10301}]}