{"uuid":"e82c479c-0e84-4e62-99c1-124a48db2318","token_id":60,"color":3,"transactions":[{"timestamp":1634205656,"price":0.10301,"block_number":13415672,"account":{"address":"0x88ab731ff05493265917b941917c58bd8d4aa25f","tx_count":41,"eth":{"value":"6.176264194899826","dynamic":"5.900355476899826"},"nft":{"value":43,"dynamic":37,"collections":[false,false,false,false,false,false,false],"collections2":{"89seconds":true,"artBlocks":false,"boredApes":false,"cryptoPunks":false,"ksoids":true,"meebits":false,"omnimorphs":false}}},"floor":0.10301},{"timestamp":1636027628,"price":0.1,"block_number":13550097,"account":{"address":"0x94b8edf3f54fec7308b77b8d6814709a8929824b","tx_count":63,"eth":{"value":"3.36098954027290976","dynamic":"-0.264761110180918527"},"nft":{"value":58,"dynamic":56,"collections":[false,false,false,false,false,false,false],"collections2":{"89seconds":true,"artBlocks":false,"boredApes":false,"cryptoPunks":false,"ksoids":true,"meebits":false,"omnimorphs":true}}},"floor":0.05301},{"timestamp":1639841907,"price":0.075,"block_number":13829956,"account":{"address":"0xdc29fa68369886d6aca4de4e6f41eaee19b9075b","tx_count":5,"eth":{"value":"1.619720163939990041","dynamic":"1.619720163939990041"},"nft":{"value":11,"dynamic":11,"collections":[false,false,false,false,false,false,false],"collections2":{"89seconds":false,"artBlocks":false,"boredApes":false,"cryptoPunks":false,"ksoids":true,"meebits":false,"omnimorphs":false}}},"floor":0.0689},{"timestamp":1639852502,"price":0.072,"block_number":13830760,"account":{"address":"0x94b8edf3f54fec7308b77b8d6814709a8929824b","tx_count":81,"eth":{"value":"0.397288587246267855","dynamic":"-3.228462063207560432"},"nft":{"value":47,"dynamic":45,"collections":[false,false,false,false,false,false,false],"collections2":{"89seconds":true,"artBlocks":false,"boredApes":false,"cryptoPunks":false,"ksoids":false,"meebits":false,"omnimorphs":false}}},"floor":0.068},{"timestamp":1639861207,"price":0.07,"block_number":13831421,"account":{"address":"0x94b8edf3f54fec7308b77b8d6814709a8929824b","tx_count":83,"eth":{"value":"0.080704310705072909","dynamic":"-3.545046339748755378"},"nft":{"value":52,"dynamic":50,"collections":[false,false,false,false,false,false,false],"collections2":{"89seconds":true,"artBlocks":false,"boredApes":false,"cryptoPunks":false,"ksoids":false,"meebits":false,"omnimorphs":false}}},"floor":0.068},{"timestamp":1639870815,"price":0.07,"block_number":13832153,"account":{"address":"0xdc29fa68369886d6aca4de4e6f41eaee19b9075b","tx_count":7,"eth":{"value":"1.448015596878137105","dynamic":"1.448015596878137105"},"nft":{"value":3,"dynamic":3,"collections":[false,false,false,false,false,false,false],"collections2":{"89seconds":true,"artBlocks":false,"boredApes":false,"cryptoPunks":false,"ksoids":true,"meebits":false,"omnimorphs":false}}},"floor":0.067},{"timestamp":1639873484,"price":0.07,"block_number":13832353,"account":{"address":"0x94b8edf3f54fec7308b77b8d6814709a8929824b","tx_count":85,"eth":{"value":"0.474858068809069809","dynamic":"-3.150892581644758478"},"nft":{"value":50,"dynamic":48,"collections":[false,false,false,false,false,false,false],"collections2":{"89seconds":true,"artBlocks":false,"boredApes":false,"cryptoPunks":false,"ksoids":false,"meebits":false,"omnimorphs":false}}},"floor":0.067}]}