{"uuid":"216ee191-0f57-4209-a1ad-ddbeb4026e31","token_id":62,"color":3,"transactions":[{"timestamp":1634205827,"price":0.10301,"block_number":13415681,"account":{"address":"0xd55265a92bc98a8d5c8ffcdb2287d734db480901","tx_count":146,"eth":{"value":"0.151614976615602379","dynamic":"0.151614976615602379"},"nft":{"value":58,"dynamic":58,"collections":[false,false,false,false,false,false,false],"collections2":{"89seconds":false,"artBlocks":false,"boredApes":false,"cryptoPunks":false,"ksoids":false,"meebits":false,"omnimorphs":true}}},"floor":0.10301},{"timestamp":1637137189,"price":0.085,"block_number":13631832,"account":{"address":"0x2d1871a17af46ac094d517bcd6ad77c3abc14862","tx_count":6,"eth":{"value":"4.580033580846937398","dynamic":"4.580033580846937398"},"nft":{"value":3,"dynamic":3,"collections":[false,false,false,false,false,false,false],"collections2":{"89seconds":false,"artBlocks":false,"boredApes":false,"cryptoPunks":false,"ksoids":false,"meebits":false,"omnimorphs":true}}},"floor":0.085},{"timestamp":1638041902,"price":0.1,"block_number":13697965,"account":{"address":"0x2d1871a17af46ac094d517bcd6ad77c3abc14862","tx_count":42,"eth":{"value":"1.197347457685001355","dynamic":"1.197347457685001355"},"nft":{"value":6,"dynamic":6,"collections":[false,false,false,false,false,false,false],"collections2":{"89seconds":false,"artBlocks":false,"boredApes":false,"cryptoPunks":false,"ksoids":true,"meebits":false,"omnimorphs":true}}},"floor":0.08},{"timestamp":1638045141,"price":0.125,"block_number":13698194,"account":{"address":"0x2d1871a17af46ac094d517bcd6ad77c3abc14862","tx_count":45,"eth":{"value":"0.905492750235784551","dynamic":"0.905492750235784551"},"nft":{"value":8,"dynamic":8,"collections":[false,false,false,false,false,false,false],"collections2":{"89seconds":false,"artBlocks":false,"boredApes":false,"cryptoPunks":false,"ksoids":true,"meebits":false,"omnimorphs":true}}},"floor":0.08},{"timestamp":1638092609,"price":0.14,"block_number":13701666,"account":{"address":"0x2d1871a17af46ac094d517bcd6ad77c3abc14862","tx_count":52,"eth":{"value":"0.139864956286523683","dynamic":"0.139864956286523683"},"nft":{"value":5,"dynamic":5,"collections":[false,false,false,false,false,false,false],"collections2":{"89seconds":false,"artBlocks":false,"boredApes":false,"cryptoPunks":false,"ksoids":true,"meebits":false,"omnimorphs":true}}},"floor":0.08},{"timestamp":1639047309,"price":0.08,"block_number":13770639,"account":{"address":"0x2d1871a17af46ac094d517bcd6ad77c3abc14862","tx_count":65,"eth":{"value":"0.052963355653884585","dynamic":"0.052963355653884585"},"nft":{"value":16,"dynamic":16,"collections":[false,false,false,false,false,false,false],"collections2":{"89seconds":false,"artBlocks":false,"boredApes":false,"cryptoPunks":false,"ksoids":true,"meebits":false,"omnimorphs":true}}},"floor":0.07},{"timestamp":1639139440,"price":0.08,"block_number":13777432,"account":{"address":"0x2d1871a17af46ac094d517bcd6ad77c3abc14862","tx_count":70,"eth":{"value":"0.352691091495377189","dynamic":"0.352691091495377189"},"nft":{"value":9,"dynamic":9,"collections":[false,false,false,false,false,false,false],"collections2":{"89seconds":false,"artBlocks":false,"boredApes":false,"cryptoPunks":false,"ksoids":true,"meebits":false,"omnimorphs":true}}},"floor":0.08}]}