{"uuid":"d81d8af3-0427-4620-9b08-5cb3617e5443","token_id":61,"color":1,"transactions":[{"timestamp":1634205823,"price":0.10301,"block_number":13415681,"account":{"address":"0xd55265a92bc98a8d5c8ffcdb2287d734db480901","tx_count":146,"eth":{"value":"0.151614976615602379","dynamic":"0.151614976615602379"},"nft":{"value":58,"dynamic":58,"collections":[false,false,false,false,false,false,false],"collections2":{"89seconds":false,"artBlocks":false,"boredApes":false,"cryptoPunks":false,"ksoids":false,"meebits":false,"omnimorphs":true}}},"floor":0.10301},{"timestamp":1636430458,"price":0.09,"block_number":13579970,"account":{"address":"0x70cb3da7c96edd965e442ccdab6cf024e83f9f96","tx_count":9,"eth":{"value":"0.051819145421132372","dynamic":"0.051819145421132372"},"nft":{"value":0,"dynamic":0,"collections":[false,false,false,false,false,false,false],"collections2":{"89seconds":false,"artBlocks":false,"boredApes":false,"cryptoPunks":false,"ksoids":false,"meebits":false,"omnimorphs":false}}},"floor":0.07301}]}