{"uuid":"e6fdcb5c-071e-40bc-899f-e8314c808d04","token_id":66,"color":5,"transactions":[{"timestamp":1634205842,"price":0.10301,"block_number":13415682,"account":{"address":"0xd55265a92bc98a8d5c8ffcdb2287d734db480901","tx_count":146,"eth":{"value":"0.151614976615602379","dynamic":"0.151614976615602379"},"nft":{"value":58,"dynamic":58,"collections":[false,false,false,false,false,false,false],"collections2":{"89seconds":false,"artBlocks":false,"boredApes":false,"cryptoPunks":false,"ksoids":false,"meebits":false,"omnimorphs":true}}},"floor":0.10301},{"timestamp":1634399511,"price":0.1,"block_number":13429921,"account":{"address":"0xeb296fc0b2a9712b32b1003edbfc5e409662686d","tx_count":269,"eth":{"value":"0.295015967844979026","dynamic":"0.284356852785149791"},"nft":{"value":92,"dynamic":92,"collections":[false,false,false,false,false,false,false],"collections2":{"89seconds":false,"artBlocks":false,"boredApes":false,"cryptoPunks":false,"ksoids":false,"meebits":false,"omnimorphs":false}}},"floor":0.164},{"timestamp":1636557682,"price":0.085,"block_number":13589260,"account":{"address":"0xa6238ad98fd85cf70f21e6268abfa27cd5be11d3","tx_count":4,"eth":{"value":"0.03804981027830723","dynamic":"0.03804981027830723"},"nft":{"value":1,"dynamic":1,"collections":[false,false,false,false,false,false,false],"collections2":{"89seconds":false,"artBlocks":false,"boredApes":false,"cryptoPunks":false,"ksoids":false,"meebits":false,"omnimorphs":false}}},"floor":0.076}]}