{"uuid":"f7c57f46-b3ba-4e37-9f62-266ff14f9840","token_id":68,"color":4,"transactions":[{"timestamp":1634205849,"price":0.10301,"block_number":13415682,"account":{"address":"0x42f30aa6d2237248638d1c74ddfcf80f4ecd340a","tx_count":81,"eth":{"value":"3.532305022269347805","dynamic":"3.532305022269347805"},"nft":{"value":32,"dynamic":32,"collections":[false,false,false,false,false,false,false],"collections2":{"89seconds":false,"artBlocks":false,"boredApes":false,"cryptoPunks":false,"ksoids":false,"meebits":false,"omnimorphs":false}}},"floor":0.10301},{"timestamp":1635682641,"price":0.1,"block_number":13524737,"account":{"address":"0xc35a5fec6be6957899e15559be252db882220b37","tx_count":29533,"eth":{"value":"45.659980548537204236","dynamic":"45.587479565428997142"},"nft":{"value":6807,"dynamic":801,"collections":[false,false,false,false,false,false,false],"collections2":{"89seconds":true,"artBlocks":true,"boredApes":true,"cryptoPunks":true,"ksoids":true,"meebits":true,"omnimorphs":false}}},"floor":0.05301},{"timestamp":1639477413,"price":0.06,"block_number":13802733,"account":{"address":"0x03b16ab6e23bdbeeab719d8e4c49d63674876253","tx_count":37218,"eth":{"value":"1.281161099491401324","dynamic":"1.233594951045320518"},"nft":{"value":15,"dynamic":13,"collections":[false,false,false,false,false,false,false],"collections2":{"89seconds":true,"artBlocks":false,"boredApes":false,"cryptoPunks":false,"ksoids":false,"meebits":false,"omnimorphs":false}}},"floor":0.06},{"timestamp":1639478491,"price":0.06,"block_number":13802822,"account":{"address":"0x03b16ab6e23bdbeeab719d8e4c49d63674876253","tx_count":37240,"eth":{"value":"3.915804052430090176","dynamic":"3.86823790398400937"},"nft":{"value":17,"dynamic":15,"collections":[false,false,false,false,false,false,false],"collections2":{"89seconds":true,"artBlocks":false,"boredApes":false,"cryptoPunks":false,"ksoids":false,"meebits":false,"omnimorphs":false}}},"floor":0.06},{"timestamp":1639481371,"price":0.06,"block_number":13803031,"account":{"address":"0x03b16ab6e23bdbeeab719d8e4c49d63674876253","tx_count":37262,"eth":{"value":"2.910972764790254134","dynamic":"2.863406616344173328"},"nft":{"value":5,"dynamic":3,"collections":[false,false,false,false,false,false,false],"collections2":{"89seconds":true,"artBlocks":false,"boredApes":false,"cryptoPunks":false,"ksoids":false,"meebits":false,"omnimorphs":false}}},"floor":0.06},{"timestamp":1639482180,"price":0.06,"block_number":13803091,"account":{"address":"0x03b16ab6e23bdbeeab719d8e4c49d63674876253","tx_count":37274,"eth":{"value":"2.211896644627109498","dynamic":"2.164330496181028692"},"nft":{"value":4,"dynamic":2,"collections":[false,false,false,false,false,false,false],"collections2":{"89seconds":true,"artBlocks":false,"boredApes":false,"cryptoPunks":false,"ksoids":false,"meebits":false,"omnimorphs":false}}},"floor":0.06},{"timestamp":1639483328,"price":0.06,"block_number":13803193,"account":{"address":"0x03b16ab6e23bdbeeab719d8e4c49d63674876253","tx_count":37286,"eth":{"value":"1.708755337685423984","dynamic":"1.661189189239343178"},"nft":{"value":4,"dynamic":2,"collections":[false,false,false,false,false,false,false],"collections2":{"89seconds":true,"artBlocks":false,"boredApes":false,"cryptoPunks":false,"ksoids":false,"meebits":false,"omnimorphs":false}}},"floor":0.06}]}