{"uuid":"523d0e16-7397-4dd2-b686-5c6bb229c3b3","token_id":67,"color":2,"transactions":[{"timestamp":1634205846,"price":0.10301,"block_number":13415682,"account":{"address":"0xaaefdead24f1c5a8b8e04594c585fb5539b92e61","tx_count":106,"eth":{"value":"0.009799086718640843","dynamic":"-0.047331249173859157"},"nft":{"value":36,"dynamic":36,"collections":[false,false,false,false,false,false,false],"collections2":{"89seconds":false,"artBlocks":false,"boredApes":false,"cryptoPunks":false,"ksoids":false,"meebits":false,"omnimorphs":false}}},"floor":0.10301},{"timestamp":1639658903,"price":0.07,"block_number":13816286,"account":{"address":"0xc35a5fec6be6957899e15559be252db882220b37","tx_count":30163,"eth":{"value":"8.167869774365282865","dynamic":"-33.33784223580900161"},"nft":{"value":3336,"dynamic":635,"collections":[false,false,false,false,false,false,false],"collections2":{"89seconds":false,"artBlocks":true,"boredApes":false,"cryptoPunks":true,"ksoids":false,"meebits":false,"omnimorphs":false}}},"floor":0.07}]}