{"uuid":"61403f44-872f-408b-9b89-a89b57f8e8a2","token_id":69,"color":4,"transactions":[{"timestamp":1634205851,"price":0.10301,"block_number":13415682,"account":{"address":"0x8ffa8d00db5df56a20c30b737c5efdaabe140df4","tx_count":21,"eth":{"value":"0.90186715751072724","dynamic":"0.90186715751072724"},"nft":{"value":7,"dynamic":7,"collections":[false,false,false,false,false,false,false],"collections2":{"89seconds":false,"artBlocks":false,"boredApes":false,"cryptoPunks":false,"ksoids":false,"meebits":false,"omnimorphs":true}}},"floor":0.10301},{"timestamp":1634829775,"price":0.129,"block_number":13461788,"account":{"address":"0x6d83cf25d2b01e443c54845736e383296d90d271","tx_count":384,"eth":{"value":"0.134198318741826565","dynamic":"-7.521540179294e-06"},"nft":{"value":41,"dynamic":40,"collections":[false,false,false,false,false,false,false],"collections2":{"89seconds":false,"artBlocks":false,"boredApes":false,"cryptoPunks":false,"ksoids":false,"meebits":false,"omnimorphs":true}}},"floor":0.115191},{"timestamp":1634865078,"price":0.22,"block_number":13464458,"account":{"address":"0x92fab452e2f14c7730f79031906e06326c916946","tx_count":2056,"eth":{"value":"0.588808385071390047","dynamic":"0.440163983794256897"},"nft":{"value":1499,"dynamic":371,"collections":[false,false,false,false,false,false,false],"collections2":{"89seconds":false,"artBlocks":false,"boredApes":false,"cryptoPunks":true,"ksoids":false,"meebits":true,"omnimorphs":false}}},"floor":0.10301},{"timestamp":1635024847,"price":0.14,"block_number":13476254,"account":{"address":"0x82b1f29c5608238df2618f996827933c0d844079","tx_count":1160,"eth":{"value":"1.370260391418727462","dynamic":"-3.355635909283123879"},"nft":{"value":569,"dynamic":228,"collections":[false,false,false,false,false,false,false],"collections2":{"89seconds":false,"artBlocks":true,"boredApes":false,"cryptoPunks":true,"ksoids":false,"meebits":true,"omnimorphs":false}}},"floor":0.12420000000000002}]}