{"uuid":"0545507d-af53-4951-933b-f7999b3009ae","token_id":63,"color":0,"transactions":[{"timestamp":1634205830,"price":0.10301,"block_number":13415681,"account":{"address":"0xd55265a92bc98a8d5c8ffcdb2287d734db480901","tx_count":146,"eth":{"value":"0.151614976615602379","dynamic":"0.151614976615602379"},"nft":{"value":58,"dynamic":58,"collections":[false,false,false,false,false,false,false],"collections2":{"89seconds":false,"artBlocks":false,"boredApes":false,"cryptoPunks":false,"ksoids":false,"meebits":false,"omnimorphs":true}}},"floor":0.10301},{"timestamp":1634399612,"price":0.1,"block_number":13429930,"account":{"address":"0xeb296fc0b2a9712b32b1003edbfc5e409662686d","tx_count":270,"eth":{"value":"0.17424769899585135","dynamic":"0.163588583936022115"},"nft":{"value":92,"dynamic":92,"collections":[false,false,false,false,false,false,false],"collections2":{"89seconds":false,"artBlocks":false,"boredApes":false,"cryptoPunks":false,"ksoids":false,"meebits":false,"omnimorphs":false}}},"floor":0.164},{"timestamp":1637179851,"price":0.09,"block_number":13635055,"account":{"address":"0x42ace118ba499119b8bca0177e02116119d156e5","tx_count":10,"eth":{"value":"0.028203558573469073","dynamic":"0.028203558573469073"},"nft":{"value":4,"dynamic":4,"collections":[false,false,false,false,false,false,false],"collections2":{"89seconds":false,"artBlocks":false,"boredApes":false,"cryptoPunks":false,"ksoids":false,"meebits":false,"omnimorphs":false}}},"floor":0.06804}]}