{"uuid":"8d945589-73fd-4672-af35-b129f4843a01","token_id":65,"color":4,"transactions":[{"timestamp":1634205838,"price":0.10301,"block_number":13415682,"account":{"address":"0xd55265a92bc98a8d5c8ffcdb2287d734db480901","tx_count":146,"eth":{"value":"0.151614976615602379","dynamic":"0.151614976615602379"},"nft":{"value":58,"dynamic":58,"collections":[false,false,false,false,false,false,false],"collections2":{"89seconds":false,"artBlocks":false,"boredApes":false,"cryptoPunks":false,"ksoids":false,"meebits":false,"omnimorphs":true}}},"floor":0.10301},{"timestamp":1634399656,"price":0.11,"block_number":13429934,"account":{"address":"0xeb296fc0b2a9712b32b1003edbfc5e409662686d","tx_count":271,"eth":{"value":"0.043728019832384536","dynamic":"0.033068904772555301"},"nft":{"value":92,"dynamic":92,"collections":[false,false,false,false,false,false,false],"collections2":{"89seconds":false,"artBlocks":false,"boredApes":false,"cryptoPunks":false,"ksoids":false,"meebits":false,"omnimorphs":false}}},"floor":0.164}]}