{"uuid":"e36cfccf-c788-46ce-a544-131766b99e2a","token_id":70,"color":2,"transactions":[{"timestamp":1634205852,"price":0.10301,"block_number":13415682,"account":{"address":"0x8ffa8d00db5df56a20c30b737c5efdaabe140df4","tx_count":21,"eth":{"value":"0.90186715751072724","dynamic":"0.90186715751072724"},"nft":{"value":7,"dynamic":7,"collections":[false,false,false,false,false,false,false],"collections2":{"89seconds":false,"artBlocks":false,"boredApes":false,"cryptoPunks":false,"ksoids":false,"meebits":false,"omnimorphs":true}}},"floor":0.10301},{"timestamp":1634793002,"price":0.14,"block_number":13459081,"account":{"address":"0x10e244473d9398f830dc527b5e06f8e0cf0309d7","tx_count":598,"eth":{"value":"0.046761185732980626","dynamic":"-0.973828083131184272"},"nft":{"value":43,"dynamic":39,"collections":[false,false,false,false,false,false,false],"collections2":{"89seconds":false,"artBlocks":false,"boredApes":false,"cryptoPunks":false,"ksoids":false,"meebits":false,"omnimorphs":false}}},"floor":0.10301},{"timestamp":1635141902,"price":0.15,"block_number":13484852,"account":{"address":"0x0fa5d6b58fecfadc51d102ce613b3d1d681a47f5","tx_count":3,"eth":{"value":"0.120172968996361672","dynamic":"0.120172968996361672"},"nft":{"value":3,"dynamic":3,"collections":[false,false,false,false,false,false,false],"collections2":{"89seconds":false,"artBlocks":false,"boredApes":false,"cryptoPunks":false,"ksoids":true,"meebits":false,"omnimorphs":false}}},"floor":0.10301}]}