{"uuid":"691c8714-b289-4043-8767-9331a2eec08e","token_id":78,"color":1,"transactions":[{"timestamp":1634205812,"price":0.10301,"block_number":13415682,"account":{"address":"0x446d8fed6c6124f8df17ed19de46977a29c30fd8","tx_count":15,"eth":{"value":"2.194018112887916995","dynamic":"2.182087175387916995"},"nft":{"value":8,"dynamic":8,"collections":[false,false,false,false,false,false,false],"collections2":{"89seconds":false,"artBlocks":false,"boredApes":false,"cryptoPunks":false,"ksoids":false,"meebits":false,"omnimorphs":false}}},"floor":0.10301}]}