{"uuid":"f3a7b8a0-a7bd-4bd4-903e-94f3aef6c353","token_id":73,"color":0,"transactions":[{"timestamp":1634205857,"price":0.10301,"block_number":13415682,"account":{"address":"0x632c8bf984bdfb9ea73f69052af23bd47db8fb81","tx_count":58,"eth":{"value":"2.009239297036524919","dynamic":"2.009239297036524919"},"nft":{"value":12,"dynamic":12,"collections":[false,false,false,false,false,false,false],"collections2":{"89seconds":false,"artBlocks":false,"boredApes":false,"cryptoPunks":false,"ksoids":false,"meebits":false,"omnimorphs":true}}},"floor":0.10301},{"timestamp":1634412461,"price":0.135,"block_number":13430899,"account":{"address":"0x52e14e8dfc87e8875ce5e9a94019f497b82b3e01","tx_count":632,"eth":{"value":"0.460717184359982326","dynamic":"0.416706269397154113"},"nft":{"value":134,"dynamic":133,"collections":[false,false,false,false,false,false,false],"collections2":{"89seconds":false,"artBlocks":false,"boredApes":false,"cryptoPunks":false,"ksoids":false,"meebits":false,"omnimorphs":true}}},"floor":0.10301},{"timestamp":1634412579,"price":0.19,"block_number":13430910,"account":{"address":"0x632c8bf984bdfb9ea73f69052af23bd47db8fb81","tx_count":76,"eth":{"value":"0.532808496358592433","dynamic":"0.532808496358592433"},"nft":{"value":13,"dynamic":13,"collections":[false,false,false,false,false,false,false],"collections2":{"89seconds":false,"artBlocks":false,"boredApes":false,"cryptoPunks":false,"ksoids":false,"meebits":false,"omnimorphs":true}}},"floor":0.10301},{"timestamp":1634412737,"price":0.19,"block_number":13430922,"account":{"address":"0x52e14e8dfc87e8875ce5e9a94019f497b82b3e01","tx_count":633,"eth":{"value":"0.435407118529942562","dynamic":"0.391396203567114349"},"nft":{"value":134,"dynamic":133,"collections":[false,false,false,false,false,false,false],"collections2":{"89seconds":false,"artBlocks":false,"boredApes":false,"cryptoPunks":false,"ksoids":false,"meebits":false,"omnimorphs":true}}},"floor":0.10301},{"timestamp":1634412886,"price":0.19,"block_number":13430935,"account":{"address":"0x632c8bf984bdfb9ea73f69052af23bd47db8fb81","tx_count":77,"eth":{"value":"0.508243953319308333","dynamic":"0.508243953319308333"},"nft":{"value":13,"dynamic":13,"collections":[false,false,false,false,false,false,false],"collections2":{"89seconds":false,"artBlocks":false,"boredApes":false,"cryptoPunks":false,"ksoids":false,"meebits":false,"omnimorphs":true}}},"floor":0.10301},{"timestamp":1634413211,"price":0.18,"block_number":13430959,"account":{"address":"0x52e14e8dfc87e8875ce5e9a94019f497b82b3e01","tx_count":634,"eth":{"value":"0.41819067812811288","dynamic":"0.374179763165284667"},"nft":{"value":134,"dynamic":133,"collections":[false,false,false,false,false,false,false],"collections2":{"89seconds":false,"artBlocks":false,"boredApes":false,"cryptoPunks":false,"ksoids":false,"meebits":false,"omnimorphs":true}}},"floor":0.10301},{"timestamp":1634413798,"price":0.15,"block_number":13430993,"account":{"address":"0x632c8bf984bdfb9ea73f69052af23bd47db8fb81","tx_count":78,"eth":{"value":"0.512406026290433239","dynamic":"0.512406026290433239"},"nft":{"value":13,"dynamic":13,"collections":[false,false,false,false,false,false,false],"collections2":{"89seconds":false,"artBlocks":false,"boredApes":false,"cryptoPunks":false,"ksoids":false,"meebits":false,"omnimorphs":true}}},"floor":0.10301}]}