{"uuid":"00c557b4-2c6e-4210-a160-0973cb4a70af","token_id":71,"color":2,"transactions":[{"timestamp":1634205854,"price":0.10301,"block_number":13415682,"account":{"address":"0x632c8bf984bdfb9ea73f69052af23bd47db8fb81","tx_count":58,"eth":{"value":"2.009239297036524919","dynamic":"2.009239297036524919"},"nft":{"value":12,"dynamic":12,"collections":[false,false,false,false,false,false,false],"collections2":{"89seconds":false,"artBlocks":false,"boredApes":false,"cryptoPunks":false,"ksoids":false,"meebits":false,"omnimorphs":true}}},"floor":0.10301},{"timestamp":1634387113,"price":0.166,"block_number":13429012,"account":{"address":"0x52e14e8dfc87e8875ce5e9a94019f497b82b3e01","tx_count":626,"eth":{"value":"0.66479558444013868","dynamic":"0.664746379477310467"},"nft":{"value":131,"dynamic":131,"collections":[false,false,false,false,false,false,false],"collections2":{"89seconds":false,"artBlocks":false,"boredApes":false,"cryptoPunks":false,"ksoids":false,"meebits":false,"omnimorphs":true}}},"floor":0.12150000000000001},{"timestamp":1634387292,"price":0.166,"block_number":13429028,"account":{"address":"0x632c8bf984bdfb9ea73f69052af23bd47db8fb81","tx_count":72,"eth":{"value":"0.022240784156392427","dynamic":"0.022240784156392427"},"nft":{"value":14,"dynamic":14,"collections":[false,false,false,false,false,false,false],"collections2":{"89seconds":false,"artBlocks":false,"boredApes":false,"cryptoPunks":false,"ksoids":false,"meebits":false,"omnimorphs":true}}},"floor":0.12150000000000001},{"timestamp":1634387775,"price":0.166,"block_number":13429062,"account":{"address":"0x52e14e8dfc87e8875ce5e9a94019f497b82b3e01","tx_count":627,"eth":{"value":"0.640096625475424042","dynamic":"0.640047420512595829"},"nft":{"value":131,"dynamic":131,"collections":[false,false,false,false,false,false,false],"collections2":{"89seconds":false,"artBlocks":false,"boredApes":false,"cryptoPunks":false,"ksoids":false,"meebits":false,"omnimorphs":true}}},"floor":0.15},{"timestamp":1634388282,"price":0.166,"block_number":13429103,"account":{"address":"0x632c8bf984bdfb9ea73f69052af23bd47db8fb81","tx_count":73,"eth":{"value":"0.099128481841757955","dynamic":"0.099128481841757955"},"nft":{"value":14,"dynamic":14,"collections":[false,false,false,false,false,false,false],"collections2":{"89seconds":false,"artBlocks":false,"boredApes":false,"cryptoPunks":false,"ksoids":false,"meebits":false,"omnimorphs":true}}},"floor":0.135},{"timestamp":1634390840,"price":0.165,"block_number":13429294,"account":{"address":"0x52e14e8dfc87e8875ce5e9a94019f497b82b3e01","tx_count":629,"eth":{"value":"0.514342075787967492","dynamic":"0.514292870825139279"},"nft":{"value":131,"dynamic":131,"collections":[false,false,false,false,false,false,false],"collections2":{"89seconds":false,"artBlocks":false,"boredApes":false,"cryptoPunks":false,"ksoids":false,"meebits":false,"omnimorphs":true}}},"floor":0.135},{"timestamp":1634390991,"price":0.165,"block_number":13429306,"account":{"address":"0x632c8bf984bdfb9ea73f69052af23bd47db8fb81","tx_count":74,"eth":{"value":"0.073102635254742705","dynamic":"0.073102635254742705"},"nft":{"value":14,"dynamic":14,"collections":[false,false,false,false,false,false,false],"collections2":{"89seconds":false,"artBlocks":false,"boredApes":false,"cryptoPunks":false,"ksoids":false,"meebits":false,"omnimorphs":true}}},"floor":0.135}]}