{"uuid":"62728d80-9864-4002-8f39-5d854758fdb8","token_id":72,"color":3,"transactions":[{"timestamp":1634205856,"price":0.10301,"block_number":13415682,"account":{"address":"0x632c8bf984bdfb9ea73f69052af23bd47db8fb81","tx_count":58,"eth":{"value":"2.009239297036524919","dynamic":"2.009239297036524919"},"nft":{"value":12,"dynamic":12,"collections":[false,false,false,false,false,false,false],"collections2":{"89seconds":false,"artBlocks":false,"boredApes":false,"cryptoPunks":false,"ksoids":false,"meebits":false,"omnimorphs":true}}},"floor":0.10301},{"timestamp":1634207289,"price":0.4,"block_number":13415782,"account":{"address":"0x977945406d77377025b7604523287e1074796e53","tx_count":332,"eth":{"value":"0.176459152911837992","dynamic":"-0.180700768817285336"},"nft":{"value":28,"dynamic":18,"collections":[false,false,false,false,false,false,false],"collections2":{"89seconds":false,"artBlocks":false,"boredApes":false,"cryptoPunks":false,"ksoids":false,"meebits":false,"omnimorphs":true}}},"floor":0.10301},{"timestamp":1636709691,"price":0.08,"block_number":13600550,"account":{"address":"0xf3c1b801ddb2127c25c13bfc1dcf19ac187bd161","tx_count":356,"eth":{"value":"0.03272191038434505","dynamic":"-0.626919353902397483"},"nft":{"value":34,"dynamic":18,"collections":[false,false,false,false,false,false,false],"collections2":{"89seconds":false,"artBlocks":false,"boredApes":false,"cryptoPunks":false,"ksoids":false,"meebits":true,"omnimorphs":false}}},"floor":0.075},{"timestamp":1637445822,"price":0.09,"block_number":13654405,"account":{"address":"0x977945406d77377025b7604523287e1074796e53","tx_count":368,"eth":{"value":"0.014332808398933495","dynamic":"-0.284599387945553407"},"nft":{"value":31,"dynamic":23,"collections":[false,false,false,false,false,false,false],"collections2":{"89seconds":false,"artBlocks":false,"boredApes":false,"cryptoPunks":false,"ksoids":false,"meebits":false,"omnimorphs":true}}},"floor":0.09},{"timestamp":1637446663,"price":0.09001,"block_number":13654459,"account":{"address":"0xf3c1b801ddb2127c25c13bfc1dcf19ac187bd161","tx_count":372,"eth":{"value":"0.020395026267041825","dynamic":"-0.461320067453762427"},"nft":{"value":36,"dynamic":20,"collections":[false,false,false,false,false,false,false],"collections2":{"89seconds":false,"artBlocks":false,"boredApes":false,"cryptoPunks":false,"ksoids":false,"meebits":true,"omnimorphs":false}}},"floor":0.09}]}