{"uuid":"4c62ba57-3e73-4b7d-ad83-97f3b23db205","token_id":76,"color":4,"transactions":[{"timestamp":1634205812,"price":0.10301,"block_number":13415682,"account":{"address":"0x92bcfd8132d58af96b40b15f349ed8c7665b4eb0","tx_count":121,"eth":{"value":"3.627260276330241297","dynamic":"3.627260276330241297"},"nft":{"value":14,"dynamic":14,"collections":[false,false,false,false,false,false,false],"collections2":{"89seconds":false,"artBlocks":false,"boredApes":false,"cryptoPunks":false,"ksoids":false,"meebits":false,"omnimorphs":false}}},"floor":0.10301},{"timestamp":1634206048,"price":0.3,"block_number":13415696,"account":{"address":"0x651e0f50bf70ff2524ee1fc2aeb85dc2ab46a020","tx_count":37,"eth":{"value":"0.659429499351218362","dynamic":"0.659429499351218362"},"nft":{"value":23,"dynamic":23,"collections":[false,false,false,false,false,false,false],"collections2":{"89seconds":false,"artBlocks":false,"boredApes":false,"cryptoPunks":false,"ksoids":false,"meebits":false,"omnimorphs":false}}},"floor":0.10301},{"timestamp":1634411453,"price":0.35,"block_number":13430822,"account":{"address":"0xd15d558cb022566ce7c291d1f229420bca842349","tx_count":169,"eth":{"value":"0.529952401581604758","dynamic":"0.529952401581604758"},"nft":{"value":44,"dynamic":44,"collections":[false,false,false,false,false,false,false],"collections2":{"89seconds":false,"artBlocks":false,"boredApes":false,"cryptoPunks":false,"ksoids":false,"meebits":false,"omnimorphs":false}}},"floor":0.10301},{"timestamp":1635285867,"price":0.189,"block_number":13495562,"account":{"address":"0xd3e2e76e4ab0322614fe7aaa3be0b04bed83d0d0","tx_count":2221,"eth":{"value":"4.020616537148342923","dynamic":"-3.238584745790801653"},"nft":{"value":570,"dynamic":416,"collections":[false,false,false,false,false,false,false],"collections2":{"89seconds":true,"artBlocks":true,"boredApes":false,"cryptoPunks":true,"ksoids":false,"meebits":true,"omnimorphs":false}}},"floor":0.10851731257809272}]}