{"uuid":"91473090-c2c1-4015-ab9c-8f32f70d35e9","token_id":75,"color":2,"transactions":[{"timestamp":1634205861,"price":0.10301,"block_number":13415682,"account":{"address":"0x92bcfd8132d58af96b40b15f349ed8c7665b4eb0","tx_count":121,"eth":{"value":"3.627260276330241297","dynamic":"3.627260276330241297"},"nft":{"value":17,"dynamic":17,"collections":[false,false,false,false,false,false,false],"collections2":{"89seconds":false,"artBlocks":false,"boredApes":false,"cryptoPunks":false,"ksoids":false,"meebits":false,"omnimorphs":false}}},"floor":0.10301},{"timestamp":1634206390,"price":0.4,"block_number":13415723,"account":{"address":"0x362b2ce5cd32b8b7c381e064087c0214d3b8f174","tx_count":289,"eth":{"value":"1.028488180189486653","dynamic":"1.028488180189486653"},"nft":{"value":118,"dynamic":118,"collections":[false,false,false,false,false,false,false],"collections2":{"cryptoPunks":false,"ksoids":false}}},"floor":0.10301},{"timestamp":1634311041,"price":0.249,"block_number":13423399,"account":{"address":"0xc5b0d67b004563d633ba58a198441e992a12b04d","tx_count":43,"eth":{"value":"5.755293988204790917","dynamic":"-3.180945838795209083"},"nft":{"value":36,"dynamic":22,"collections":[false,false,false,false,false,false,false],"collections2":{"89seconds":false,"artBlocks":false,"boredApes":false,"cryptoPunks":false,"ksoids":true,"meebits":false,"omnimorphs":false}}},"floor":0.1791},{"timestamp":1637404023,"price":0.09523809523809523,"block_number":13651346,"account":{"address":"0xd4ffd5bdc785fe5f8b8d3568ab43b8da8492ca4d","tx_count":208,"eth":{"value":"5970.8776294976164634","dynamic":"1778.2040544592828684"},"nft":{"value":189,"dynamic":188,"collections":[false,false,false,false,false,false,false],"collections2":{"89seconds":false,"artBlocks":false,"boredApes":false,"cryptoPunks":false,"ksoids":false,"meebits":false,"omnimorphs":false}}},"floor":0.098},{"timestamp":1637497646,"price":0.1,"block_number":13658176,"account":{"address":"0xc5b0d67b004563d633ba58a198441e992a12b04d","tx_count":137,"eth":{"value":"27.341210018754633826","dynamic":"18.404970191754633828"},"nft":{"value":166,"dynamic":166,"collections":[false,false,false,false,false,false,false],"collections2":{"89seconds":false,"artBlocks":false,"boredApes":false,"cryptoPunks":false,"ksoids":false,"meebits":false,"omnimorphs":false}}},"floor":0.09},{"timestamp":1638087763,"price":0.09666666666666666,"block_number":13701323,"account":{"address":"0xd4ffd5bdc785fe5f8b8d3568ab43b8da8492ca4d","tx_count":211,"eth":{"value":"5980.7425667657613193","dynamic":"1788.0689917274277243"},"nft":{"value":63,"dynamic":62,"collections":[false,false,false,false,false,false,false],"collections2":{"89seconds":false,"artBlocks":false,"boredApes":false,"cryptoPunks":false,"ksoids":false,"meebits":false,"omnimorphs":false}}},"floor":0.08},{"timestamp":1639952951,"price":0.07777777777777778,"block_number":13838260,"account":{"address":"0xc5b0d67b004563d633ba58a198441e992a12b04d","tx_count":139,"eth":{"value":"127.17418464313900152","dynamic":"118.237944816139001515"},"nft":{"value":185,"dynamic":185,"collections":[false,false,false,false,false,false,false],"collections2":{"89seconds":false,"artBlocks":false,"boredApes":false,"cryptoPunks":false,"ksoids":false,"meebits":false,"omnimorphs":false}}},"floor":0.065}]}