{"uuid":"826e9972-9028-463a-9ae7-ae7f91c455a6","token_id":74,"color":4,"transactions":[{"timestamp":1634205859,"price":0.10301,"block_number":13415682,"account":{"address":"0x632c8bf984bdfb9ea73f69052af23bd47db8fb81","tx_count":58,"eth":{"value":"2.009239297036524919","dynamic":"2.009239297036524919"},"nft":{"value":12,"dynamic":12,"collections":[false,false,false,false,false,false,false],"collections2":{"89seconds":false,"artBlocks":false,"boredApes":false,"cryptoPunks":false,"ksoids":false,"meebits":false,"omnimorphs":true}}},"floor":0.10301},{"timestamp":1634847474,"price":0.12,"block_number":13463113,"account":{"address":"0x52e14e8dfc87e8875ce5e9a94019f497b82b3e01","tx_count":686,"eth":{"value":"1.90993979299816722","dynamic":"1.907792083035339007"},"nft":{"value":159,"dynamic":158,"collections":[false,false,false,false,false,false,false],"collections2":{"89seconds":false,"artBlocks":false,"boredApes":false,"cryptoPunks":false,"ksoids":false,"meebits":false,"omnimorphs":false}}},"floor":0.1098},{"timestamp":1634847660,"price":0.12,"block_number":13463127,"account":{"address":"0x632c8bf984bdfb9ea73f69052af23bd47db8fb81","tx_count":100,"eth":{"value":"1.362887039395775419","dynamic":"1.362887039395775419"},"nft":{"value":8,"dynamic":8,"collections":[false,false,false,false,false,false,false],"collections2":{"89seconds":false,"artBlocks":false,"boredApes":false,"cryptoPunks":false,"ksoids":false,"meebits":false,"omnimorphs":false}}},"floor":0.1098},{"timestamp":1634851832,"price":0.123,"block_number":13463417,"account":{"address":"0x52e14e8dfc87e8875ce5e9a94019f497b82b3e01","tx_count":690,"eth":{"value":"1.31116961005598079","dynamic":"1.309021900093152577"},"nft":{"value":163,"dynamic":162,"collections":[false,false,false,false,false,false,false],"collections2":{"89seconds":false,"artBlocks":false,"boredApes":false,"cryptoPunks":false,"ksoids":false,"meebits":false,"omnimorphs":false}}},"floor":0.10301},{"timestamp":1634851979,"price":0.115,"block_number":13463431,"account":{"address":"0x632c8bf984bdfb9ea73f69052af23bd47db8fb81","tx_count":102,"eth":{"value":"1.462842193873404597","dynamic":"1.462842193873404597"},"nft":{"value":8,"dynamic":8,"collections":[false,false,false,false,false,false,false],"collections2":{"89seconds":false,"artBlocks":false,"boredApes":false,"cryptoPunks":false,"ksoids":false,"meebits":false,"omnimorphs":false}}},"floor":0.122},{"timestamp":1634852127,"price":0.12,"block_number":13463447,"account":{"address":"0x52e14e8dfc87e8875ce5e9a94019f497b82b3e01","tx_count":692,"eth":{"value":"1.380197519106780738","dynamic":"1.378049809143952525"},"nft":{"value":164,"dynamic":163,"collections":[false,false,false,false,false,false,false],"collections2":{"89seconds":false,"artBlocks":false,"boredApes":false,"cryptoPunks":false,"ksoids":false,"meebits":false,"omnimorphs":false}}},"floor":0.1098},{"timestamp":1634852435,"price":0.121,"block_number":13463468,"account":{"address":"0x632c8bf984bdfb9ea73f69052af23bd47db8fb81","tx_count":104,"eth":{"value":"1.53099938009234584","dynamic":"1.53099938009234584"},"nft":{"value":8,"dynamic":8,"collections":[false,false,false,false,false,false,false],"collections2":{"89seconds":false,"artBlocks":false,"boredApes":false,"cryptoPunks":false,"ksoids":false,"meebits":false,"omnimorphs":false}}},"floor":0.122}]}