{"uuid":"9d20e8f9-8bb2-43b3-967f-9ca1fe9548eb","token_id":79,"color":2,"transactions":[{"timestamp":1634205812,"price":0.10301,"block_number":13415682,"account":{"address":"0x446d8fed6c6124f8df17ed19de46977a29c30fd8","tx_count":15,"eth":{"value":"2.194018112887916995","dynamic":"2.182087175387916995"},"nft":{"value":8,"dynamic":8,"collections":[false,false,false,false,false,false,false],"collections2":{"89seconds":false,"artBlocks":false,"boredApes":false,"cryptoPunks":false,"ksoids":false,"meebits":false,"omnimorphs":false}}},"floor":0.10301}]}