{"uuid":"8d558fac-6fea-4e52-8a82-b95db8b68a90","token_id":77,"color":3,"transactions":[{"timestamp":1634205812,"price":0.10301,"block_number":13415682,"account":{"address":"0x92bcfd8132d58af96b40b15f349ed8c7665b4eb0","tx_count":121,"eth":{"value":"3.627260276330241297","dynamic":"3.627260276330241297"},"nft":{"value":14,"dynamic":14,"collections":[false,false,false,false,false,false,false],"collections2":{"89seconds":false,"artBlocks":false,"boredApes":false,"cryptoPunks":false,"ksoids":false,"meebits":false,"omnimorphs":false}}},"floor":0.10301},{"timestamp":1634207113,"price":0.24,"block_number":13415773,"account":{"address":"0xe1821d597e7ffe1d523a0ffd121de7d4e6f2d299","tx_count":252,"eth":{"value":"3.268324594145249549","dynamic":"-6.285324928300296019"},"nft":{"value":515,"dynamic":5,"collections":[false,false,false,false,false,false,false],"collections2":{"89seconds":false,"artBlocks":false,"boredApes":false,"cryptoPunks":false,"ksoids":true,"meebits":false,"omnimorphs":false}}},"floor":0.10301},{"timestamp":1638259112,"price":0.09,"block_number":13713636,"account":{"address":"0x9948ffd4b0e40a096f8979cdaeea7d852f6ea177","tx_count":373,"eth":{"value":"1.191746039575231992","dynamic":"1.038088653781613689"},"nft":{"value":37,"dynamic":22,"collections":[false,false,false,false,false,false,false],"collections2":{"89seconds":false,"artBlocks":false,"boredApes":false,"cryptoPunks":false,"ksoids":false,"meebits":true,"omnimorphs":false}}},"floor":0.068},{"timestamp":1638262655,"price":0.08,"block_number":13713876,"account":{"address":"0xe1821d597e7ffe1d523a0ffd121de7d4e6f2d299","tx_count":263,"eth":{"value":"8.347487164238512324","dynamic":"-0.685759091857525582"},"nft":{"value":10,"dynamic":6,"collections":[false,false,false,false,false,false,false],"collections2":{"89seconds":false,"artBlocks":false,"boredApes":false,"cryptoPunks":false,"ksoids":true,"meebits":false,"omnimorphs":false}}},"floor":0.068},{"timestamp":1638263141,"price":0.075,"block_number":13713902,"account":{"address":"0x9948ffd4b0e40a096f8979cdaeea7d852f6ea177","tx_count":375,"eth":{"value":"1.164306674641070568","dynamic":"1.010649288847452265"},"nft":{"value":38,"dynamic":23,"collections":[false,false,false,false,false,false,false],"collections2":{"89seconds":false,"artBlocks":false,"boredApes":false,"cryptoPunks":false,"ksoids":false,"meebits":true,"omnimorphs":false}}},"floor":0.068},{"timestamp":1638263565,"price":0.08,"block_number":13713926,"account":{"address":"0xe1821d597e7ffe1d523a0ffd121de7d4e6f2d299","tx_count":264,"eth":{"value":"8.318426726215424522","dynamic":"-0.714819529880613384"},"nft":{"value":11,"dynamic":7,"collections":[false,false,false,false,false,false,false],"collections2":{"89seconds":false,"artBlocks":false,"boredApes":false,"cryptoPunks":false,"ksoids":true,"meebits":false,"omnimorphs":false}}},"floor":0.068},{"timestamp":1638264014,"price":0.08,"block_number":13713958,"account":{"address":"0x9948ffd4b0e40a096f8979cdaeea7d852f6ea177","tx_count":376,"eth":{"value":"1.139332092904330834","dynamic":"0.985674707110712531"},"nft":{"value":37,"dynamic":22,"collections":[false,false,false,false,false,false,false],"collections2":{"89seconds":false,"artBlocks":false,"boredApes":false,"cryptoPunks":false,"ksoids":false,"meebits":true,"omnimorphs":false}}},"floor":0.068}]}