{"uuid":"2553fb16-8974-4b9c-bac9-ab7a5fb1aaaf","token_id":80,"color":3,"transactions":[{"timestamp":1634205812,"price":0.10301,"block_number":13415682,"account":{"address":"0x7e36c0afa568c014a3c0d88a8cb0b83219a3a13a","tx_count":156,"eth":{"value":"0.042013343105099217","dynamic":"-0.037029369380062381"},"nft":{"value":57,"dynamic":55,"collections":[false,false,false,false,false,false,false],"collections2":{"89seconds":false,"artBlocks":false,"boredApes":false,"cryptoPunks":false,"ksoids":false,"meebits":false,"omnimorphs":false}}},"floor":0.10301},{"timestamp":1639919398,"price":0.08,"block_number":13835779,"account":{"address":"0x485bc6462dcbdf213efa2564e804a0faff1bf4c2","tx_count":4,"eth":{"value":"0.008955467130695498","dynamic":"0.008955467130695498"},"nft":{"value":0,"dynamic":0,"collections":[false,false,false,false,false,false,false],"collections2":{"89seconds":false,"artBlocks":false,"boredApes":false,"cryptoPunks":false,"ksoids":false,"meebits":false,"omnimorphs":false}}},"floor":0.065}]}