{"uuid":"b7927800-12bf-4ea2-b68f-21300eb661eb","token_id":87,"color":1,"transactions":[{"timestamp":1634205830,"price":0.10301,"block_number":13415683,"account":{"address":"0xd26ab3b4d3b0697f06c792d30a62687cfd104ed1","tx_count":74,"eth":{"value":"0.11357356525198748","dynamic":"-0.065670994343718543"},"nft":{"value":18,"dynamic":13,"collections":[false,false,false,false,false,false,false],"collections2":{"89seconds":false,"artBlocks":false,"boredApes":false,"cryptoPunks":false,"ksoids":true,"meebits":false,"omnimorphs":false}}},"floor":0.10301}]}