{"uuid":"3eb5e90a-3455-40cf-ae8f-7d94099bfc2e","token_id":83,"color":4,"transactions":[{"timestamp":1634205872,"price":0.10301,"block_number":13415685,"account":{"address":"0x721030f47f80a76022966b02bef3967a687ba004","tx_count":164,"eth":{"value":"0.609817476811719435","dynamic":"0.609817476811719435"},"nft":{"value":63,"dynamic":63,"collections":[false,false,false,false,false,false,false],"collections2":{"89seconds":false,"artBlocks":false,"boredApes":false,"cryptoPunks":false,"ksoids":false,"meebits":false,"omnimorphs":true}}},"floor":0.10301},{"timestamp":1634208140,"price":0.25,"block_number":13415851,"account":{"address":"0xf3c1b801ddb2127c25c13bfc1dcf19ac187bd161","tx_count":321,"eth":{"value":"0.286887836293114915","dynamic":"-0.514902276381050013"},"nft":{"value":29,"dynamic":22,"collections":[false,false,false,false,false,false,false],"collections2":{"89seconds":false,"artBlocks":false,"boredApes":false,"cryptoPunks":false,"ksoids":false,"meebits":true,"omnimorphs":false}}},"floor":0.10301},{"timestamp":1636712491,"price":0.077,"block_number":13600761,"account":{"address":"0x977945406d77377025b7604523287e1074796e53","tx_count":364,"eth":{"value":"0.024450063039814336","dynamic":"-1.539572215427337097"},"nft":{"value":33,"dynamic":24,"collections":[false,false,false,false,false,false,false],"collections2":{"89seconds":false,"artBlocks":false,"boredApes":false,"cryptoPunks":false,"ksoids":false,"meebits":false,"omnimorphs":true}}},"floor":0.075},{"timestamp":1636713216,"price":0.077,"block_number":13600814,"account":{"address":"0xf3c1b801ddb2127c25c13bfc1dcf19ac187bd161","tx_count":359,"eth":{"value":"0.047641154557005305","dynamic":"-0.612000109729737228"},"nft":{"value":35,"dynamic":19,"collections":[false,false,false,false,false,false,false],"collections2":{"89seconds":false,"artBlocks":false,"boredApes":false,"cryptoPunks":false,"ksoids":false,"meebits":true,"omnimorphs":false}}},"floor":0.075},{"timestamp":1637450823,"price":0.091,"block_number":13654784,"account":{"address":"0xf3c1b801ddb2127c25c13bfc1dcf19ac187bd161","tx_count":375,"eth":{"value":"0.030775638253437828","dynamic":"-0.450939455467366424"},"nft":{"value":37,"dynamic":21,"collections":[false,false,false,false,false,false,false],"collections2":{"89seconds":false,"artBlocks":false,"boredApes":false,"cryptoPunks":false,"ksoids":false,"meebits":true,"omnimorphs":false}}},"floor":0.09},{"timestamp":1638037601,"price":0.28169155840935317,"block_number":13697636,"account":{"address":"0xc35a5fec6be6957899e15559be252db882220b37","tx_count":29918,"eth":{"value":"8.684678832319212669","dynamic":"6.198159837903168619"},"nft":{"value":100,"dynamic":100,"collections":[false,false,false,false,false,false,false],"collections2":{"89seconds":true,"artBlocks":true,"boredApes":true,"cryptoPunks":true,"ksoids":true,"meebits":true,"omnimorphs":false}}},"floor":0.08},{"timestamp":1638040256,"price":0.1,"block_number":13697842,"account":{"address":"0xc35a5fec6be6957899e15559be252db882220b37","tx_count":29930,"eth":{"value":"8.467799617488111838","dynamic":"5.862880623072067788"},"nft":{"value":150,"dynamic":150,"collections":[false,false,false,false,false,false,false],"collections2":{"89seconds":true,"artBlocks":true,"boredApes":true,"cryptoPunks":true,"ksoids":true,"meebits":true,"omnimorphs":false}}},"floor":0.08}]}