{"uuid":"2bd658af-0000-4560-8b5c-7aedb8d39ae1","token_id":85,"color":1,"transactions":[{"timestamp":1634205830,"price":0.10301,"block_number":13415683,"account":{"address":"0xe22476ec67859060066a9f6dd688e59ca93a0d1e","tx_count":296,"eth":{"value":"0.055086826027620604","dynamic":"0.055086826027620604"},"nft":{"value":21,"dynamic":21,"collections":[false,false,false,false,false,false,false],"collections2":{"89seconds":false,"artBlocks":false,"boredApes":false,"cryptoPunks":false,"ksoids":false,"meebits":false,"omnimorphs":false}}},"floor":0.10301},{"timestamp":1634481256,"price":0.179,"block_number":13435982,"account":{"address":"0xb282100108e572c21a199ec9b0b4e9cca3bb641c","tx_count":100,"eth":{"value":"13.073896845770590531","dynamic":"13.073896845770590531"},"nft":{"value":34,"dynamic":34,"collections":[false,false,false,false,false,false,false],"collections2":{"89seconds":false,"artBlocks":false,"boredApes":false,"cryptoPunks":false,"ksoids":false,"meebits":false,"omnimorphs":false}}},"floor":0.16191}]}