{"uuid":"faec0cc5-444b-4d23-b3d0-a0c29e423d17","token_id":84,"color":0,"transactions":[{"timestamp":1634205830,"price":0.10301,"block_number":13415683,"account":{"address":"0xe22476ec67859060066a9f6dd688e59ca93a0d1e","tx_count":296,"eth":{"value":"0.055086826027620604","dynamic":"0.055086826027620604"},"nft":{"value":21,"dynamic":21,"collections":[false,false,false,false,false,false,false],"collections2":{"89seconds":false,"artBlocks":false,"boredApes":false,"cryptoPunks":false,"ksoids":false,"meebits":false,"omnimorphs":false}}},"floor":0.10301},{"timestamp":1634672504,"price":0.145,"block_number":13450110,"account":{"address":"0xfbda58bcaafe5242f3f4aedde42dc2966d4d5b48","tx_count":916,"eth":{"value":"0.58249876945288714","dynamic":"0.458503568021295061"},"nft":{"value":299,"dynamic":270,"collections":[false,false,false,false,false,false,false],"collections2":{"89seconds":false,"artBlocks":false,"boredApes":false,"cryptoPunks":false,"ksoids":false,"meebits":false,"omnimorphs":false}}},"floor":0.1125},{"timestamp":1634996600,"price":0.12,"block_number":13474111,"account":{"address":"0xfbda58bcaafe5242f3f4aedde42dc2966d4d5b48","tx_count":992,"eth":{"value":"0.179410313691503245","dynamic":"-0.055362169071988184"},"nft":{"value":324,"dynamic":294,"collections":[false,false,false,false,false,false,false],"collections2":{"89seconds":false,"artBlocks":false,"boredApes":false,"cryptoPunks":false,"ksoids":false,"meebits":false,"omnimorphs":false}}},"floor":0.10935000000000002},{"timestamp":1636070455,"price":0.1,"block_number":13553259,"account":{"address":"0x1a1f337faa595a3603b4a3e67776150e7883954d","tx_count":303,"eth":{"value":"430.15946966019099146","dynamic":"390.53809765711372914"},"nft":{"value":111,"dynamic":102,"collections":[false,false,false,false,false,false,false],"collections2":{"89seconds":false,"artBlocks":true,"boredApes":false,"cryptoPunks":true,"ksoids":false,"meebits":true,"omnimorphs":false}}},"floor":0.05301},{"timestamp":1637191773,"price":0.1,"block_number":13635890,"account":{"address":"0x55013e79dc8fb573588b22447633c049e13ff1f3","tx_count":248,"eth":{"value":"258.03836409511326816","dynamic":"237.23973949785095884"},"nft":{"value":139,"dynamic":129,"collections":[false,false,false,false,false,false,false],"collections2":{"89seconds":false,"artBlocks":true,"boredApes":true,"cryptoPunks":true,"ksoids":false,"meebits":true,"omnimorphs":false}}},"floor":0.08},{"timestamp":1637193180,"price":0.03,"block_number":13635986,"account":{"address":"0xfbda58bcaafe5242f3f4aedde42dc2966d4d5b48","tx_count":1082,"eth":{"value":"0.24830659342497491","dynamic":"-0.053868956489673545"},"nft":{"value":357,"dynamic":318,"collections":[false,false,false,false,false,false,false],"collections2":{"89seconds":false,"artBlocks":false,"boredApes":false,"cryptoPunks":false,"ksoids":false,"meebits":false,"omnimorphs":false}}},"floor":0.08},{"timestamp":1637350191,"price":0.1,"block_number":13647418,"account":{"address":"0xb5d7752659227d07390981ce5d9d069c023174cf","tx_count":128,"eth":{"value":"89.56228688064442703","dynamic":"72.89520498064442702"},"nft":{"value":28,"dynamic":28,"collections":[false,false,false,false,false,false,false],"collections2":{"89seconds":false,"artBlocks":false,"boredApes":false,"cryptoPunks":true,"ksoids":false,"meebits":false,"omnimorphs":false}}},"floor":0.095}]}