{"uuid":"ab67a431-443a-404f-b4c0-ea6dc1d00047","token_id":81,"color":4,"transactions":[{"timestamp":1634205867,"price":0.10301,"block_number":13415685,"account":{"address":"0xf2d0dd5bc95a3ebc2bcba0b6ffdf9b6b3ebb42dd","tx_count":36,"eth":{"value":"0.244336811057118205","dynamic":"0.244336811057118205"},"nft":{"value":6,"dynamic":6,"collections":[false,false,false,false,false,false,false],"collections2":{"89seconds":false,"artBlocks":false,"boredApes":false,"cryptoPunks":false,"ksoids":false,"meebits":false,"omnimorphs":false}}},"floor":0.10301},{"timestamp":1634410237,"price":0.3,"block_number":13430737,"account":{"address":"0xd15d558cb022566ce7c291d1f229420bca842349","tx_count":168,"eth":{"value":"0.306676544162043168","dynamic":"0.306676544162043168"},"nft":{"value":44,"dynamic":44,"collections":[false,false,false,false,false,false,false],"collections2":{"89seconds":false,"artBlocks":false,"boredApes":false,"cryptoPunks":false,"ksoids":false,"meebits":false,"omnimorphs":false}}},"floor":0.10301},{"timestamp":1635044186,"price":0.16,"block_number":13477659,"account":{"address":"0x5b952e34c04e44faf89ca38bca83d5a92d85a7e7","tx_count":91,"eth":{"value":"1.049015390970728903","dynamic":"1.048362840970728903"},"nft":{"value":49,"dynamic":49,"collections":[false,false,false,false,false,false,false],"collections2":{"89seconds":false,"artBlocks":false,"boredApes":false,"cryptoPunks":false,"ksoids":false,"meebits":false,"omnimorphs":false}}},"floor":0.138},{"timestamp":1639495120,"price":0.069,"block_number":13804076,"account":{"address":"0x420021031006f89ea584b01f7f5d41f8a3070b32","tx_count":99,"eth":{"value":"1.756744665265951008","dynamic":"1.277467043097431688"},"nft":{"value":45,"dynamic":33,"collections":[false,false,false,false,false,false,false],"collections2":{"89seconds":false,"artBlocks":false,"boredApes":false,"cryptoPunks":false,"ksoids":false,"meebits":false,"omnimorphs":false}}},"floor":0.069},{"timestamp":1639497441,"price":0.069,"block_number":13804243,"account":{"address":"0x5b952e34c04e44faf89ca38bca83d5a92d85a7e7","tx_count":233,"eth":{"value":"4.499310147870970139","dynamic":"3.225538366875899328"},"nft":{"value":94,"dynamic":66,"collections":[false,false,false,false,false,false,false],"collections2":{"89seconds":false,"artBlocks":true,"boredApes":false,"cryptoPunks":false,"ksoids":false,"meebits":false,"omnimorphs":false}}},"floor":0.069},{"timestamp":1639617877,"price":0.06,"block_number":13813244,"account":{"address":"0x16159d7ca98069177a57b9afe876284eeeafd909","tx_count":87,"eth":{"value":"2.589511399239349369","dynamic":"2.589511399239349369"},"nft":{"value":13,"dynamic":13,"collections":[false,false,false,false,false,false,false],"collections2":{"89seconds":false,"artBlocks":true,"boredApes":false,"cryptoPunks":false,"ksoids":false,"meebits":false,"omnimorphs":false}}},"floor":0.06},{"timestamp":1639617995,"price":0.06,"block_number":13813253,"account":{"address":"0x5b952e34c04e44faf89ca38bca83d5a92d85a7e7","tx_count":239,"eth":{"value":"4.29412904635954017","dynamic":"3.020357265364469359"},"nft":{"value":94,"dynamic":66,"collections":[false,false,false,false,false,false,false],"collections2":{"89seconds":false,"artBlocks":true,"boredApes":false,"cryptoPunks":false,"ksoids":false,"meebits":false,"omnimorphs":false}}},"floor":0.06}]}