{"uuid":"84a0ccd1-e7e9-4410-bdf6-12618fb0acc0","token_id":82,"color":3,"transactions":[{"timestamp":1634205868,"price":0.10301,"block_number":13415685,"account":{"address":"0xf2d0dd5bc95a3ebc2bcba0b6ffdf9b6b3ebb42dd","tx_count":36,"eth":{"value":"0.244336811057118205","dynamic":"0.244336811057118205"},"nft":{"value":6,"dynamic":6,"collections":[false,false,false,false,false,false,false],"collections2":{"89seconds":false,"artBlocks":false,"boredApes":false,"cryptoPunks":false,"ksoids":false,"meebits":false,"omnimorphs":false}}},"floor":0.10301},{"timestamp":1634226789,"price":0.5,"block_number":13417250,"account":{"address":"0x07587c046d4d4bd97c2d64edbfab1c1fe28a10e5","tx_count":1653,"eth":{"value":"0.021944553048588249","dynamic":"-1.662910563089142726"},"nft":{"value":361,"dynamic":303,"collections":[false,false,false,false,false,false,false],"collections2":{"89seconds":false,"boredApes":false,"cryptoPunks":false,"ksoids":false}}},"floor":0.10301},{"timestamp":1635103627,"price":0.16,"block_number":13482036,"account":{"address":"0xc47c0dccfbb4d1c20d53569a288738f22e32275b","tx_count":136,"eth":{"value":"1.630927107001336111","dynamic":"1.630803412600539605"},"nft":{"value":35,"dynamic":35,"collections":[false,false,false,false,false,false,false],"collections2":{"89seconds":false,"artBlocks":false,"boredApes":false,"cryptoPunks":false,"ksoids":false,"meebits":false,"omnimorphs":false}}},"floor":0.10301}]}