{"uuid":"b1776431-2f7e-448d-8676-42604c89557a","token_id":86,"color":0,"transactions":[{"timestamp":1634205830,"price":0.10301,"block_number":13415683,"account":{"address":"0xd26ab3b4d3b0697f06c792d30a62687cfd104ed1","tx_count":74,"eth":{"value":"0.11357356525198748","dynamic":"-0.065670994343718543"},"nft":{"value":18,"dynamic":13,"collections":[false,false,false,false,false,false,false],"collections2":{"89seconds":false,"artBlocks":false,"boredApes":false,"cryptoPunks":false,"ksoids":true,"meebits":false,"omnimorphs":false}}},"floor":0.10301},{"timestamp":1634926981,"price":1,"block_number":13468995,"account":{"address":"0x1757d400578cf8a2f3da8228e4402fb1bb3fc968","tx_count":125,"eth":{"value":"257.9782257062945686","dynamic":"254.12844878544438965"},"nft":{"value":121,"dynamic":61,"collections":[false,false,false,false,false,false,false],"collections2":{"89seconds":true,"artBlocks":false,"boredApes":true,"cryptoPunks":true,"ksoids":false,"meebits":true,"omnimorphs":false}}},"floor":0.10301}]}