{"uuid":"8985aae2-4b79-4914-bf8b-14278633d2e1","token_id":89,"color":5,"transactions":[{"timestamp":1634205830,"price":0.10301,"block_number":13415683,"account":{"address":"0xd26ab3b4d3b0697f06c792d30a62687cfd104ed1","tx_count":74,"eth":{"value":"0.11357356525198748","dynamic":"-0.065670994343718543"},"nft":{"value":18,"dynamic":13,"collections":[false,false,false,false,false,false,false],"collections2":{"89seconds":false,"artBlocks":false,"boredApes":false,"cryptoPunks":false,"ksoids":true,"meebits":false,"omnimorphs":false}}},"floor":0.10301},{"timestamp":1639300126,"price":0.00001,"block_number":13789418,"account":{"address":"0x64829386258cc2d27ab313469446c284533b1365","tx_count":2,"eth":{"value":"0.133501829277041702","dynamic":"0.133501829277041702"},"nft":{"value":2,"dynamic":2,"collections":[false,false,false,false,false,false,false],"collections2":{"89seconds":false,"artBlocks":false,"boredApes":false,"cryptoPunks":false,"ksoids":false,"meebits":false,"omnimorphs":false}}},"floor":0.07},{"timestamp":1639300749,"price":0.00001,"block_number":13789462,"account":{"address":"0xd26ab3b4d3b0697f06c792d30a62687cfd104ed1","tx_count":112,"eth":{"value":"0.206264248060840616","dynamic":"0.163092799213493804"},"nft":{"value":33,"dynamic":27,"collections":[false,false,false,false,false,false,false],"collections2":{"89seconds":false,"artBlocks":true,"boredApes":false,"cryptoPunks":false,"ksoids":true,"meebits":false,"omnimorphs":false}}},"floor":0.07},{"timestamp":1639301627,"price":0.00001,"block_number":13789515,"account":{"address":"0x64829386258cc2d27ab313469446c284533b1365","tx_count":5,"eth":{"value":"0.104239986339068781","dynamic":"0.104239986339068781"},"nft":{"value":0,"dynamic":0,"collections":[false,false,false,false,false,false,false],"collections2":{"89seconds":false,"artBlocks":false,"boredApes":false,"cryptoPunks":false,"ksoids":false,"meebits":false,"omnimorphs":false}}},"floor":0.07},{"timestamp":1639301725,"price":0.00001,"block_number":13789524,"account":{"address":"0xd26ab3b4d3b0697f06c792d30a62687cfd104ed1","tx_count":114,"eth":{"value":"0.187576159147265626","dynamic":"0.144404710299918814"},"nft":{"value":34,"dynamic":28,"collections":[false,false,false,false,false,false,false],"collections2":{"89seconds":false,"artBlocks":true,"boredApes":false,"cryptoPunks":false,"ksoids":true,"meebits":false,"omnimorphs":false}}},"floor":0.07},{"timestamp":1639301855,"price":0.00001,"block_number":13789532,"account":{"address":"0x64829386258cc2d27ab313469446c284533b1365","tx_count":6,"eth":{"value":"0.094611576843545701","dynamic":"0.094611576843545701"},"nft":{"value":0,"dynamic":0,"collections":[false,false,false,false,false,false,false],"collections2":{"89seconds":false,"artBlocks":false,"boredApes":false,"cryptoPunks":false,"ksoids":false,"meebits":false,"omnimorphs":false}}},"floor":0.07},{"timestamp":1639302000,"price":0.00001,"block_number":13789542,"account":{"address":"0xd26ab3b4d3b0697f06c792d30a62687cfd104ed1","tx_count":115,"eth":{"value":"0.178314330267131216","dynamic":"0.135142881419784404"},"nft":{"value":34,"dynamic":28,"collections":[false,false,false,false,false,false,false],"collections2":{"89seconds":false,"artBlocks":true,"boredApes":false,"cryptoPunks":false,"ksoids":true,"meebits":false,"omnimorphs":false}}},"floor":0.07}]}