{"uuid":"84be3cfb-594e-4bd1-ad73-b8d7a1bbda4d","token_id":98,"color":5,"transactions":[{"timestamp":1634205917,"price":0.10301,"block_number":13415687,"account":{"address":"0x22c8e4bd7f39ade04b4c3f9640859bf55466d92a","tx_count":11,"eth":{"value":"0.126344907581904018","dynamic":"0.126344907581904018"},"nft":{"value":2,"dynamic":2,"collections":[false,false,false,false,false,false,false],"collections2":{"89seconds":false,"artBlocks":false,"boredApes":false,"cryptoPunks":false,"ksoids":false,"meebits":false,"omnimorphs":false}}},"floor":0.10301},{"timestamp":1634229599,"price":0.317,"block_number":13417456,"account":{"address":"0xf4c29bc5cbefd546e270b518d18a8153b1dbb384","tx_count":12,"eth":{"value":"0.788658501778673632","dynamic":"0.788658501778673632"},"nft":{"value":4,"dynamic":4,"collections":[false,false,false,false,false,false,false],"collections2":{"89seconds":false,"artBlocks":false,"boredApes":false,"cryptoPunks":false,"ksoids":false,"meebits":false,"omnimorphs":false}}},"floor":0.10301}]}