{"uuid":"16fa047f-385c-48ee-bf8f-035acb36526a","token_id":91,"color":3,"transactions":[{"timestamp":1634205830,"price":0.10301,"block_number":13415683,"account":{"address":"0xc10f5f82b7b0392db11bbf06cde93fc0aea120cb","tx_count":163,"eth":{"value":"0.241083350906285459","dynamic":"0.241083350906285459"},"nft":{"value":45,"dynamic":45,"collections":[false,false,false,false,false,false,false],"collections2":{"89seconds":false,"artBlocks":false,"boredApes":false,"cryptoPunks":false,"ksoids":false,"meebits":false,"omnimorphs":false}}},"floor":0.10301},{"timestamp":1636395696,"price":0.11,"block_number":13577324,"account":{"address":"0x8dbbca57ea56290efa14d835bbfd34faf1d89753","tx_count":3441,"eth":{"value":"2.596837206489503439","dynamic":"-25.39744409822138039"},"nft":{"value":2506,"dynamic":815,"collections":[false,false,false,false,false,false,false],"collections2":{"89seconds":true,"artBlocks":true,"boredApes":true,"cryptoPunks":true,"ksoids":true,"meebits":true,"omnimorphs":false}}},"floor":0.07301},{"timestamp":1636398869,"price":0.11,"block_number":13577550,"account":{"address":"0x167d05cc6e91c40e7eb06b9497fb2b6d81757df7","tx_count":66,"eth":{"value":"0.109460576540844292","dynamic":"0.109460576540844292"},"nft":{"value":19,"dynamic":19,"collections":[false,false,false,false,false,false,false],"collections2":{"89seconds":false,"artBlocks":false,"boredApes":false,"cryptoPunks":false,"ksoids":false,"meebits":false,"omnimorphs":false}}},"floor":0.07301},{"timestamp":1638539434,"price":0.078,"block_number":13733932,"account":{"address":"0x4e7ea23a608949f52820bf9d2c01f6d914d98203","tx_count":170,"eth":{"value":"0.295826873334539075","dynamic":"0.285753376717461268"},"nft":{"value":15,"dynamic":12,"collections":[false,false,false,false,false,false,false],"collections2":{"89seconds":true,"artBlocks":true,"boredApes":true,"cryptoPunks":true,"ksoids":true,"meebits":true,"omnimorphs":true}}},"floor":0.065}]}