{"uuid":"3018ad08-b550-4b7a-99a2-0eda6df4f6e0","token_id":97,"color":2,"transactions":[{"timestamp":1634205859,"price":0.10301,"block_number":13415684,"account":{"address":"0x0029ab135b5be72168bf80f140d60a9264dbd0c5","tx_count":662,"eth":{"value":"0.804795688258266392","dynamic":"-0.278048570769169257"},"nft":{"value":41,"dynamic":30,"collections":[false,false,false,false,false,false,false],"collections2":{"89seconds":false,"artBlocks":false,"boredApes":false,"cryptoPunks":false,"ksoids":false,"meebits":false,"omnimorphs":false}}},"floor":0.10301}]}