{"uuid":"3e245218-0c48-42c6-a42e-11e459a29951","token_id":99,"color":4,"transactions":[{"timestamp":1634205921,"price":0.10301,"block_number":13415687,"account":{"address":"0x7a338df4136bf0d79e994c99f271d8a0e05cb4bb","tx_count":13,"eth":{"value":"0.665563336981245504","dynamic":"0.665563336981245504"},"nft":{"value":2,"dynamic":2,"collections":[false,false,false,false,false,false,false],"collections2":{"89seconds":false,"artBlocks":false,"boredApes":false,"cryptoPunks":false,"ksoids":false,"meebits":false,"omnimorphs":false}}},"floor":0.10301},{"timestamp":1634258641,"price":0.19,"block_number":13419554,"account":{"address":"0xcbc886742ef678aa37d624c6465ece1c49fad352","tx_count":2,"eth":{"value":"0.116631185","dynamic":"0.116631185"},"nft":{"value":1,"dynamic":1,"collections":[false,false,false,false,false,false,false],"collections2":{"89seconds":false,"artBlocks":false,"boredApes":false,"cryptoPunks":false,"ksoids":false,"meebits":false,"omnimorphs":false}}},"floor":0.2}]}