{"uuid":"adfe22c7-3a78-4d8a-8a60-6afacf8a89c6","token_id":95,"color":4,"transactions":[{"timestamp":1634205830,"price":0.10301,"block_number":13415683,"account":{"address":"0x581d3f084bbb21d1091d2871b31e600d36f0a6d9","tx_count":18,"eth":{"value":"0.071214081674079458","dynamic":"0.071214081674079458"},"nft":{"value":25,"dynamic":25,"collections":[false,false,false,false,false,false,false],"collections2":{"89seconds":false,"artBlocks":false,"boredApes":false,"cryptoPunks":false,"ksoids":false,"meebits":false,"omnimorphs":false}}},"floor":0.10301}]}