{"uuid":"8d5a10c6-908e-4be1-81ae-ef26a9664a71","token_id":92,"color":3,"transactions":[{"timestamp":1634205830,"price":0.10301,"block_number":13415683,"account":{"address":"0xc1b29b0dd1812b3dbcee90da00d3443f52117b7c","tx_count":217,"eth":{"value":"0.345433832881257075","dynamic":"0.345433832881257075"},"nft":{"value":121,"dynamic":121,"collections":[false,false,false,false,false,false,false],"collections2":{"89seconds":false,"artBlocks":false,"boredApes":false,"cryptoPunks":false,"ksoids":false,"meebits":false,"omnimorphs":false}}},"floor":0.10301},{"timestamp":1634216906,"price":0.23,"block_number":13416489,"account":{"address":"0xb6321c5e3d0a97b8d4218bc15ec95bd8d1f7d639","tx_count":568,"eth":{"value":"110.478395194198985865","dynamic":"110.478395194198985865"},"nft":{"value":457,"dynamic":457,"collections":[false,false,false,false,false,false,false],"collections2":{"89seconds":false,"artBlocks":false,"boredApes":false,"cryptoPunks":false,"ksoids":false,"meebits":false,"omnimorphs":false}}},"floor":0.10301}]}