{"uuid":"7eae2664-eb99-4e38-848a-527958bd6a21","token_id":90,"color":4,"transactions":[{"timestamp":1634205830,"price":0.10301,"block_number":13415683,"account":{"address":"0x53aeb4a27ee6a2a3f7f21f5f2e14785480ac556f","tx_count":30,"eth":{"value":"0.203039562951365189","dynamic":"0.203039562951365189"},"nft":{"value":5,"dynamic":5,"collections":[false,false,false,false,false,false,false],"collections2":{"89seconds":false,"artBlocks":false,"boredApes":false,"cryptoPunks":false,"ksoids":false,"meebits":false,"omnimorphs":false}}},"floor":0.10301}]}