{"uuid":"47acac71-54a4-49d9-9939-dd319c8fc6d5","token_id":96,"color":3,"transactions":[{"timestamp":1634205830,"price":0.10301,"block_number":13415683,"account":{"address":"0x581d3f084bbb21d1091d2871b31e600d36f0a6d9","tx_count":18,"eth":{"value":"0.071214081674079458","dynamic":"0.071214081674079458"},"nft":{"value":25,"dynamic":25,"collections":[false,false,false,false,false,false,false],"collections2":{"89seconds":false,"artBlocks":false,"boredApes":false,"cryptoPunks":false,"ksoids":false,"meebits":false,"omnimorphs":false}}},"floor":0.10301}]}