{"uuid":"463444bf-b83e-4e98-b1ac-b2b07c760206","token_id":104,"color":1,"transactions":[{"timestamp":1634206006,"price":0.10301,"block_number":13415689,"account":{"address":"0x8671c63bd4e5334f09ef74969bfb02d93e93f0e5","tx_count":9,"eth":{"value":"0.308301630378699677","dynamic":"0.308301630378699677"},"nft":{"value":3,"dynamic":3,"collections":[false,false,false,false,false,false,false],"collections2":{"89seconds":false,"artBlocks":false,"boredApes":false,"cryptoPunks":false,"ksoids":false,"meebits":false,"omnimorphs":false}}},"floor":0.10301},{"timestamp":1637363117,"price":0.096,"block_number":13648351,"account":{"address":"0x632c8bf984bdfb9ea73f69052af23bd47db8fb81","tx_count":136,"eth":{"value":"1.147579386755059671","dynamic":"1.147579386755059671"},"nft":{"value":13,"dynamic":13,"collections":[false,false,false,false,false,false,false],"collections2":{"89seconds":false,"artBlocks":true,"boredApes":false,"cryptoPunks":false,"ksoids":false,"meebits":false,"omnimorphs":false}}},"floor":0.094},{"timestamp":1637365006,"price":0.1,"block_number":13648509,"account":{"address":"0x52e14e8dfc87e8875ce5e9a94019f497b82b3e01","tx_count":864,"eth":{"value":"0.797036539318266947","dynamic":"0.742149374779748816"},"nft":{"value":243,"dynamic":240,"collections":[false,false,false,false,false,false,false],"collections2":{"89seconds":false,"artBlocks":true,"boredApes":false,"cryptoPunks":false,"ksoids":false,"meebits":false,"omnimorphs":false}}},"floor":0.099},{"timestamp":1637366305,"price":0.1,"block_number":13648618,"account":{"address":"0x632c8bf984bdfb9ea73f69052af23bd47db8fb81","tx_count":139,"eth":{"value":"0.488188371269093812","dynamic":"0.488188371269093812"},"nft":{"value":13,"dynamic":13,"collections":[false,false,false,false,false,false,false],"collections2":{"89seconds":false,"artBlocks":true,"boredApes":false,"cryptoPunks":false,"ksoids":false,"meebits":false,"omnimorphs":false}}},"floor":0.099},{"timestamp":1637368969,"price":0.1,"block_number":13648825,"account":{"address":"0x52e14e8dfc87e8875ce5e9a94019f497b82b3e01","tx_count":867,"eth":{"value":"0.195405782339878707","dynamic":"0.140518617801360576"},"nft":{"value":259,"dynamic":256,"collections":[false,false,false,false,false,false,false],"collections2":{"89seconds":false,"artBlocks":true,"boredApes":false,"cryptoPunks":false,"ksoids":false,"meebits":false,"omnimorphs":false}}},"floor":0.089},{"timestamp":1637372751,"price":0.1,"block_number":13649092,"account":{"address":"0x632c8bf984bdfb9ea73f69052af23bd47db8fb81","tx_count":143,"eth":{"value":"2.245853891624492211","dynamic":"2.245853891624492211"},"nft":{"value":13,"dynamic":13,"collections":[false,false,false,false,false,false,false],"collections2":{"89seconds":false,"artBlocks":true,"boredApes":false,"cryptoPunks":false,"ksoids":false,"meebits":false,"omnimorphs":false}}},"floor":0.099},{"timestamp":1637374039,"price":0.1,"block_number":13649184,"account":{"address":"0x52e14e8dfc87e8875ce5e9a94019f497b82b3e01","tx_count":869,"eth":{"value":"2.596509862404550406","dynamic":"2.541622697866032275"},"nft":{"value":246,"dynamic":243,"collections":[false,false,false,false,false,false,false],"collections2":{"89seconds":false,"artBlocks":true,"boredApes":false,"cryptoPunks":false,"ksoids":false,"meebits":false,"omnimorphs":false}}},"floor":0.099}]}