{"uuid":"19fff16f-caab-49b5-b3f7-a72e21e119dd","token_id":102,"color":1,"transactions":[{"timestamp":1634205980,"price":0.10301,"block_number":13415688,"account":{"address":"0x638b2aa3dfc973c9dc727060cb54d7e39541b7f5","tx_count":622,"eth":{"value":"1.094123171633134752","dynamic":"-1.252110560927329978"},"nft":{"value":94,"dynamic":81,"collections":[false,false,false,false,false,false,false],"collections2":{"89seconds":false,"artBlocks":false,"boredApes":false,"cryptoPunks":false,"ksoids":false,"meebits":false,"omnimorphs":false}}},"floor":0.10301},{"timestamp":1635450996,"price":0.18,"block_number":13507720,"account":{"address":"0xca33145d429a0201e61a8777669b712ff0033896","tx_count":505,"eth":{"value":"1.293590896181923671","dynamic":"0.83069195331484222"},"nft":{"value":81,"dynamic":56,"collections":[false,false,false,false,false,false,false],"collections2":{"89seconds":false,"artBlocks":false,"boredApes":false,"cryptoPunks":false,"ksoids":false,"meebits":false,"omnimorphs":false}}},"floor":0.06082637490000001},{"timestamp":1635451822,"price":0.18,"block_number":13507784,"account":{"address":"0x5cb3e1082a473b61e85f6823c3f9a17a23b0e8f8","tx_count":13,"eth":{"value":"0.049828612205570833","dynamic":"0.022177212205570833"},"nft":{"value":11,"dynamic":11,"collections":[false,false,false,false,false,false,false],"collections2":{"89seconds":false,"artBlocks":true,"boredApes":false,"cryptoPunks":false,"ksoids":false,"meebits":false,"omnimorphs":false}}},"floor":0.05301},{"timestamp":1635457915,"price":0.18,"block_number":13508211,"account":{"address":"0xbe05e2e6d6d134790ead6e112f2044760e18e660","tx_count":380,"eth":{"value":"0.309400157660116101","dynamic":"-0.255131923339883899"},"nft":{"value":82,"dynamic":80,"collections":[false,false,false,false,false,false,false],"collections2":{"89seconds":false,"artBlocks":false,"boredApes":true,"cryptoPunks":false,"ksoids":false,"meebits":false,"omnimorphs":false}}},"floor":0.05301},{"timestamp":1635462622,"price":0.18,"block_number":13508586,"account":{"address":"0x5cb3e1082a473b61e85f6823c3f9a17a23b0e8f8","tx_count":15,"eth":{"value":"0.383764872288974744","dynamic":"0.356113472288974744"},"nft":{"value":11,"dynamic":11,"collections":[false,false,false,false,false,false,false],"collections2":{"89seconds":false,"artBlocks":true,"boredApes":false,"cryptoPunks":false,"ksoids":false,"meebits":false,"omnimorphs":false}}},"floor":0.05301},{"timestamp":1635534316,"price":0.183,"block_number":13513816,"account":{"address":"0xbe05e2e6d6d134790ead6e112f2044760e18e660","tx_count":382,"eth":{"value":"0.349226998103083283","dynamic":"-0.214085402896916717"},"nft":{"value":83,"dynamic":81,"collections":[false,false,false,false,false,false,false],"collections2":{"89seconds":false,"artBlocks":false,"boredApes":true,"cryptoPunks":false,"ksoids":false,"meebits":false,"omnimorphs":false}}},"floor":0.05301},{"timestamp":1635539768,"price":0.19,"block_number":13514246,"account":{"address":"0x5cb3e1082a473b61e85f6823c3f9a17a23b0e8f8","tx_count":16,"eth":{"value":"0.322250634480714082","dynamic":"0.294599234480714082"},"nft":{"value":11,"dynamic":11,"collections":[false,false,false,false,false,false,false],"collections2":{"89seconds":false,"artBlocks":true,"boredApes":false,"cryptoPunks":false,"ksoids":false,"meebits":false,"omnimorphs":false}}},"floor":0.05301}]}