{"uuid":"147ff3cd-b0d8-435c-a019-6321e70ca1fe","token_id":106,"color":0,"transactions":[{"timestamp":1634206020,"price":0.10301,"block_number":13415690,"account":{"address":"0x8951f25adcc7c3256dd9b521ed726fb587a46d52","tx_count":1742,"eth":{"value":"5.846672758342433304","dynamic":"5.846672758342433304"},"nft":{"value":237,"dynamic":237,"collections":[false,false,false,false,false,false,false],"collections2":{"89seconds":false,"artBlocks":false,"boredApes":false,"cryptoPunks":false,"ksoids":false,"meebits":false,"omnimorphs":false}}},"floor":0.10301},{"timestamp":1634223244,"price":0.33,"block_number":13416960,"account":{"address":"0x50e7b0f8b2811a7877191c3d2be56bc191772601","tx_count":78,"eth":{"value":"0.039913577938454564","dynamic":"0.039913577938454564"},"nft":{"value":14,"dynamic":14,"collections":[false,false,false,false,false,false,false],"collections2":{"89seconds":false,"artBlocks":false,"boredApes":false,"cryptoPunks":false,"ksoids":false,"meebits":false,"omnimorphs":false}}},"floor":0.10301},{"timestamp":1634228239,"price":0.36,"block_number":13417356,"account":{"address":"0xe101907cc4c1e427989a14747343d6dd7cda2031","tx_count":40,"eth":{"value":"0.010633516619733588","dynamic":"0.010633516619733588"},"nft":{"value":1,"dynamic":1,"collections":[false,false,false,false,false,false,false],"collections2":{"89seconds":false,"artBlocks":false,"boredApes":false,"cryptoPunks":false,"ksoids":false,"meebits":false,"omnimorphs":false}}},"floor":0.10301},{"timestamp":1634239371,"price":0.22,"block_number":13418149,"account":{"address":"0x018593a5f56066deebbe58d886b9910c15923d92","tx_count":723,"eth":{"value":"0.329740236304581747","dynamic":"0.329740236304581747"},"nft":{"value":104,"dynamic":104,"collections":[false,false,false,false,false,false,false],"collections2":{"89seconds":false,"artBlocks":false,"boredApes":false,"cryptoPunks":false,"ksoids":false,"meebits":false,"omnimorphs":false}}},"floor":0.10301},{"timestamp":1637357034,"price":0.333,"block_number":13647888,"account":{"address":"0x94ce8464791e5107b795d09588a07c504a4cf032","tx_count":3,"eth":{"value":"0.062169640874483974","dynamic":"0.062169640874483974"},"nft":{"value":3,"dynamic":3,"collections":[false,false,false,false,false,false,false],"collections2":{"89seconds":true,"artBlocks":false,"boredApes":false,"cryptoPunks":false,"ksoids":false,"meebits":false,"omnimorphs":true}}},"floor":0.095},{"timestamp":1638038826,"price":0.091,"block_number":13697736,"account":{"address":"0x4e7ea23a608949f52820bf9d2c01f6d914d98203","tx_count":164,"eth":{"value":"0.300070122176190462","dynamic":"0.289996625559112655"},"nft":{"value":15,"dynamic":12,"collections":[false,false,false,false,false,false,false],"collections2":{"89seconds":true,"artBlocks":true,"boredApes":true,"cryptoPunks":true,"ksoids":true,"meebits":true,"omnimorphs":true}}},"floor":0.08},{"timestamp":1639549350,"price":0.091,"block_number":13808078,"account":{"address":"0x1802078a402bd329f65674ac23086922007a0b23","tx_count":2,"eth":{"value":"0.02434161845000772","dynamic":"0.02392161845000772"},"nft":{"value":1,"dynamic":1,"collections":[false,false,false,false,false,false,false],"collections2":{"89seconds":false,"artBlocks":false,"boredApes":false,"cryptoPunks":false,"ksoids":false,"meebits":false,"omnimorphs":false}}},"floor":0.0699}]}