{"uuid":"88e01244-b10f-466f-bde9-e285d5b60f36","token_id":109,"color":5,"transactions":[{"timestamp":1634206022,"price":0.10301,"block_number":13415692,"account":{"address":"0x417db1f52745a47cbed93eccbe1f59eaa1488f83","tx_count":12,"eth":{"value":"0.190464527216185786","dynamic":"0.190464527216185786"},"nft":{"value":4,"dynamic":4,"collections":[false,false,false,false,false,false,false],"collections2":{"89seconds":false,"artBlocks":false,"boredApes":false,"cryptoPunks":false,"ksoids":false,"meebits":false,"omnimorphs":false}}},"floor":0.10301},{"timestamp":1634854916,"price":0.12,"block_number":13463671,"account":{"address":"0x632c8bf984bdfb9ea73f69052af23bd47db8fb81","tx_count":112,"eth":{"value":"1.246807351558000353","dynamic":"1.246807351558000353"},"nft":{"value":8,"dynamic":8,"collections":[false,false,false,false,false,false,false],"collections2":{"89seconds":false,"artBlocks":false,"boredApes":false,"cryptoPunks":false,"ksoids":false,"meebits":false,"omnimorphs":false}}},"floor":0.1098},{"timestamp":1634857295,"price":0.12,"block_number":13463845,"account":{"address":"0x52e14e8dfc87e8875ce5e9a94019f497b82b3e01","tx_count":704,"eth":{"value":"1.14426640339631893","dynamic":"1.142118693433490717"},"nft":{"value":163,"dynamic":162,"collections":[false,false,false,false,false,false,false],"collections2":{"89seconds":false,"artBlocks":false,"boredApes":false,"cryptoPunks":false,"ksoids":false,"meebits":false,"omnimorphs":false}}},"floor":0.1098},{"timestamp":1634857413,"price":0.12,"block_number":13463854,"account":{"address":"0x632c8bf984bdfb9ea73f69052af23bd47db8fb81","tx_count":115,"eth":{"value":"1.186444458230680823","dynamic":"1.186444458230680823"},"nft":{"value":7,"dynamic":7,"collections":[false,false,false,false,false,false,false],"collections2":{"89seconds":false,"artBlocks":false,"boredApes":false,"cryptoPunks":false,"ksoids":false,"meebits":false,"omnimorphs":false}}},"floor":0.1098},{"timestamp":1634857686,"price":0.12,"block_number":13463875,"account":{"address":"0x52e14e8dfc87e8875ce5e9a94019f497b82b3e01","tx_count":707,"eth":{"value":"0.873755254888550562","dynamic":"0.871607544925722349"},"nft":{"value":163,"dynamic":162,"collections":[false,false,false,false,false,false,false],"collections2":{"89seconds":false,"artBlocks":false,"boredApes":false,"cryptoPunks":false,"ksoids":false,"meebits":false,"omnimorphs":false}}},"floor":0.122},{"timestamp":1634857836,"price":0.12,"block_number":13463888,"account":{"address":"0x632c8bf984bdfb9ea73f69052af23bd47db8fb81","tx_count":116,"eth":{"value":"1.279991041697056573","dynamic":"1.279991041697056573"},"nft":{"value":7,"dynamic":7,"collections":[false,false,false,false,false,false,false],"collections2":{"89seconds":false,"artBlocks":false,"boredApes":false,"cryptoPunks":false,"ksoids":false,"meebits":false,"omnimorphs":false}}},"floor":0.1098},{"timestamp":1634857992,"price":0.12,"block_number":13463901,"account":{"address":"0x52e14e8dfc87e8875ce5e9a94019f497b82b3e01","tx_count":708,"eth":{"value":"0.96683632463858633","dynamic":"0.964688614675758117"},"nft":{"value":165,"dynamic":164,"collections":[false,false,false,false,false,false,false],"collections2":{"89seconds":false,"artBlocks":false,"boredApes":false,"cryptoPunks":false,"ksoids":false,"meebits":false,"omnimorphs":false}}},"floor":0.10301}]}