{"uuid":"a860cbcd-2c00-461a-82b3-1f6834708218","token_id":108,"color":3,"transactions":[{"timestamp":1634205954,"price":0.10301,"block_number":13415689,"account":{"address":"0x417db1f52745a47cbed93eccbe1f59eaa1488f83","tx_count":12,"eth":{"value":"0.190464527216185786","dynamic":"0.190464527216185786"},"nft":{"value":2,"dynamic":2,"collections":[false,false,false,false,false,false,false],"collections2":{"89seconds":false,"artBlocks":false,"boredApes":false,"cryptoPunks":false,"ksoids":false,"meebits":false,"omnimorphs":false}}},"floor":0.10301},{"timestamp":1634854950,"price":0.12,"block_number":13463677,"account":{"address":"0x632c8bf984bdfb9ea73f69052af23bd47db8fb81","tx_count":113,"eth":{"value":"1.227433528862286394","dynamic":"1.227433528862286394"},"nft":{"value":9,"dynamic":9,"collections":[false,false,false,false,false,false,false],"collections2":{"89seconds":false,"artBlocks":false,"boredApes":false,"cryptoPunks":false,"ksoids":false,"meebits":false,"omnimorphs":false}}},"floor":0.122},{"timestamp":1634856619,"price":0.12,"block_number":13463805,"account":{"address":"0x52e14e8dfc87e8875ce5e9a94019f497b82b3e01","tx_count":703,"eth":{"value":"1.164611896344688832","dynamic":"1.162464186381860619"},"nft":{"value":164,"dynamic":163,"collections":[false,false,false,false,false,false,false],"collections2":{"89seconds":false,"artBlocks":false,"boredApes":false,"cryptoPunks":false,"ksoids":false,"meebits":false,"omnimorphs":false}}},"floor":0.122},{"timestamp":1634857295,"price":0.12,"block_number":13463845,"account":{"address":"0x632c8bf984bdfb9ea73f69052af23bd47db8fb81","tx_count":114,"eth":{"value":"1.319866581458514507","dynamic":"1.319866581458514507"},"nft":{"value":8,"dynamic":8,"collections":[false,false,false,false,false,false,false],"collections2":{"89seconds":false,"artBlocks":false,"boredApes":false,"cryptoPunks":false,"ksoids":false,"meebits":false,"omnimorphs":false}}},"floor":0.122},{"timestamp":1634857686,"price":0.12,"block_number":13463875,"account":{"address":"0x52e14e8dfc87e8875ce5e9a94019f497b82b3e01","tx_count":707,"eth":{"value":"0.873755254888550562","dynamic":"0.871607544925722349"},"nft":{"value":163,"dynamic":162,"collections":[false,false,false,false,false,false,false],"collections2":{"89seconds":false,"artBlocks":false,"boredApes":false,"cryptoPunks":false,"ksoids":false,"meebits":false,"omnimorphs":false}}},"floor":0.1098},{"timestamp":1634857862,"price":0.12,"block_number":13463890,"account":{"address":"0x632c8bf984bdfb9ea73f69052af23bd47db8fb81","tx_count":117,"eth":{"value":"1.146494595066086349","dynamic":"1.146494595066086349"},"nft":{"value":7,"dynamic":7,"collections":[false,false,false,false,false,false,false],"collections2":{"89seconds":false,"artBlocks":false,"boredApes":false,"cryptoPunks":false,"ksoids":false,"meebits":false,"omnimorphs":false}}},"floor":0.122},{"timestamp":1634858008,"price":0.12,"block_number":13463902,"account":{"address":"0x52e14e8dfc87e8875ce5e9a94019f497b82b3e01","tx_count":709,"eth":{"value":"0.832147744226526344","dynamic":"0.830000034263698131"},"nft":{"value":165,"dynamic":164,"collections":[false,false,false,false,false,false,false],"collections2":{"89seconds":false,"artBlocks":false,"boredApes":false,"cryptoPunks":false,"ksoids":false,"meebits":false,"omnimorphs":false}}},"floor":0.122}]}