{"uuid":"44470a61-e3af-4b47-b553-d776bf6f5d27","token_id":101,"color":3,"transactions":[{"timestamp":1634205976,"price":0.10301,"block_number":13415688,"account":{"address":"0x638b2aa3dfc973c9dc727060cb54d7e39541b7f5","tx_count":622,"eth":{"value":"1.094123171633134752","dynamic":"-1.252110560927329978"},"nft":{"value":94,"dynamic":81,"collections":[false,false,false,false,false,false,false],"collections2":{"89seconds":false,"artBlocks":false,"boredApes":false,"cryptoPunks":false,"ksoids":false,"meebits":false,"omnimorphs":false}}},"floor":0.10301},{"timestamp":1635605117,"price":0.1,"block_number":13519077,"account":{"address":"0x17491afae0a20b58601bbd94111000204e89a1b3","tx_count":23,"eth":{"value":"0.312732357798539833","dynamic":"-2.59395673799302065"},"nft":{"value":9,"dynamic":9,"collections":[false,false,false,false,false,false,false],"collections2":{"89seconds":false,"artBlocks":false,"boredApes":false,"cryptoPunks":false,"ksoids":false,"meebits":false,"omnimorphs":false}}},"floor":0.05301}]}