{"uuid":"006aec19-15a3-4072-8b4e-3fbbc583482c","token_id":100,"color":0,"transactions":[{"timestamp":1634205972,"price":0.10301,"block_number":13415688,"account":{"address":"0x638b2aa3dfc973c9dc727060cb54d7e39541b7f5","tx_count":622,"eth":{"value":"1.094123171633134752","dynamic":"-1.252110560927329978"},"nft":{"value":94,"dynamic":81,"collections":[false,false,false,false,false,false,false],"collections2":{"89seconds":false,"artBlocks":false,"boredApes":false,"cryptoPunks":false,"ksoids":false,"meebits":false,"omnimorphs":false}}},"floor":0.10301},{"timestamp":1635862877,"price":0.098,"block_number":13538022,"account":{"address":"0x2def8c95901a01d4f8428083db4ce8b7d5f743ae","tx_count":161,"eth":{"value":"0.451314897176646465","dynamic":"0.451314897176646465"},"nft":{"value":82,"dynamic":82,"collections":[false,false,false,false,false,false,false],"collections2":{"89seconds":false,"artBlocks":false,"boredApes":false,"cryptoPunks":false,"ksoids":false,"meebits":false,"omnimorphs":false}}},"floor":0.0898180847180347},{"timestamp":1639620284,"price":0.06,"block_number":13813412,"account":{"address":"0xf6c6d88845a2108f453349ae539ad79fd8912d3e","tx_count":16,"eth":{"value":"0.22156133332059698","dynamic":"0.22156133332059698"},"nft":{"value":6,"dynamic":6,"collections":[false,false,false,false,false,false,false],"collections2":{"89seconds":false,"artBlocks":false,"boredApes":false,"cryptoPunks":false,"ksoids":false,"meebits":false,"omnimorphs":false}}},"floor":0.06},{"timestamp":1640369606,"price":0.093,"block_number":13869441,"account":{"address":"0x40bd1ec852a15b1e5bda71908a451fe2ac391654","tx_count":38,"eth":{"value":"0.780144711977574661","dynamic":"0.780144711977574661"},"nft":{"value":6,"dynamic":6,"collections":[false,false,false,false,false,false,false],"collections2":{"89seconds":false,"artBlocks":false,"boredApes":false,"cryptoPunks":false,"ksoids":false,"meebits":false,"omnimorphs":false}}},"floor":0.0499}]}