{"uuid":"46be8bb8-6bd8-4264-b2b0-03f9df6f810c","token_id":103,"color":4,"transactions":[{"timestamp":1634205981,"price":0.10301,"block_number":13415688,"account":{"address":"0x1cbfb5dfd9424701d0d3a1adac7608b5a1a9852b","tx_count":14,"eth":{"value":"0.013747148264057847","dynamic":"0.013747148264057847"},"nft":{"value":1,"dynamic":1,"collections":[false,false,false,false,false,false,false],"collections2":{"89seconds":false,"artBlocks":false,"boredApes":false,"cryptoPunks":false,"ksoids":false,"meebits":false,"omnimorphs":false}}},"floor":0.10301},{"timestamp":1634317118,"price":0.164,"block_number":13423842,"account":{"address":"0x6f0abf5491915d5fa104a54ed0a9faffda867d4e","tx_count":131,"eth":{"value":"38.68436172466055232","dynamic":"-21.284355582691170426"},"nft":{"value":28,"dynamic":24,"collections":[false,false,false,false,false,false,false],"collections2":{"89seconds":false,"artBlocks":false,"boredApes":false,"cryptoPunks":false,"ksoids":true,"meebits":false,"omnimorphs":false}}},"floor":0.10301}]}