{"uuid":"5ec85c5e-467f-451e-ad51-053a9e87a192","token_id":107,"color":4,"transactions":[{"timestamp":1634205954,"price":0.10301,"block_number":13415689,"account":{"address":"0x8951f25adcc7c3256dd9b521ed726fb587a46d52","tx_count":1742,"eth":{"value":"5.846672758342433304","dynamic":"5.846672758342433304"},"nft":{"value":239,"dynamic":239,"collections":[false,false,false,false,false,false,false],"collections2":{"89seconds":false,"artBlocks":false,"boredApes":false,"cryptoPunks":false,"ksoids":false,"meebits":false,"omnimorphs":false}}},"floor":0.10301},{"timestamp":1634397010,"price":0.13,"block_number":13429745,"account":{"address":"0x7dfb3dea1935c677c041e2f6982b9eeec937502b","tx_count":127,"eth":{"value":"0.129867366556493273","dynamic":"0.129867366556493273"},"nft":{"value":36,"dynamic":36,"collections":[false,false,false,false,false,false,false],"collections2":{"89seconds":false,"artBlocks":false,"boredApes":false,"cryptoPunks":false,"ksoids":false,"meebits":false,"omnimorphs":true}}},"floor":0.164},{"timestamp":1634836954,"price":0.12,"block_number":13462335,"account":{"address":"0xcb37f1fe07988e6ff6c21b28b986fed13ebfa549","tx_count":258,"eth":{"value":"0.012232354909519954","dynamic":"-0.058679364490480046"},"nft":{"value":101,"dynamic":100,"collections":[false,false,false,false,false,false,false],"collections2":{"89seconds":false,"artBlocks":false,"boredApes":false,"cryptoPunks":false,"ksoids":false,"meebits":false,"omnimorphs":false}}},"floor":0.12799},{"timestamp":1638277819,"price":0.1377,"block_number":13714954,"account":{"address":"0x7b17343cbb6a50c9e2258001d3d40eade394b824","tx_count":11,"eth":{"value":"0.325782433959900572","dynamic":"0.325782433959900572"},"nft":{"value":6,"dynamic":6,"collections":[false,false,false,false,false,false,false],"collections2":{"89seconds":false,"artBlocks":false,"boredApes":false,"cryptoPunks":false,"ksoids":false,"meebits":false,"omnimorphs":false}}},"floor":0.068}]}