{"uuid":"2fe4a9ab-106f-4fc9-b2e0-adca04e531ab","token_id":105,"color":3,"transactions":[{"timestamp":1634205954,"price":0.10301,"block_number":13415689,"account":{"address":"0x8951f25adcc7c3256dd9b521ed726fb587a46d52","tx_count":1742,"eth":{"value":"5.846672758342433304","dynamic":"5.846672758342433304"},"nft":{"value":239,"dynamic":239,"collections":[false,false,false,false,false,false,false],"collections2":{"89seconds":false,"artBlocks":false,"boredApes":false,"cryptoPunks":false,"ksoids":false,"meebits":false,"omnimorphs":false}}},"floor":0.10301},{"timestamp":1634209668,"price":0,"block_number":13415947,"account":{"address":"0x50e7b0f8b2811a7877191c3d2be56bc191772601","tx_count":75,"eth":{"value":"0.101266959189127804","dynamic":"0.101266959189127804"},"nft":{"value":14,"dynamic":14,"collections":[false,false,false,false,false,false,false],"collections2":{"89seconds":false,"artBlocks":false,"boredApes":false,"cryptoPunks":false,"ksoids":false,"meebits":false,"omnimorphs":false}}},"floor":0.10301},{"timestamp":1634209941,"price":0,"block_number":13415966,"account":{"address":"0x8951f25adcc7c3256dd9b521ed726fb587a46d52","tx_count":1746,"eth":{"value":"5.717712405867468958","dynamic":"5.717712405867468958"},"nft":{"value":240,"dynamic":240,"collections":[false,false,false,false,false,false,false],"collections2":{"89seconds":false,"artBlocks":false,"boredApes":false,"cryptoPunks":false,"ksoids":false,"meebits":false,"omnimorphs":false}}},"floor":0.10301},{"timestamp":1634228168,"price":0.3,"block_number":13417351,"account":{"address":"0x5e232591dd398062fd893d03b1525fa1848d569e","tx_count":71,"eth":{"value":"0.107735351986193843","dynamic":"-0.231728340416955999"},"nft":{"value":18,"dynamic":18,"collections":[false,false,false,false,false,false,false],"collections2":{"89seconds":false,"artBlocks":false,"boredApes":false,"cryptoPunks":false,"ksoids":false,"meebits":false,"omnimorphs":false}}},"floor":0.10301}]}