{"uuid":"25bd4adc-0085-4e8c-a1c9-db0283772cc0","token_id":118,"color":4,"transactions":[{"timestamp":1634205994,"price":0.10301,"block_number":13415690,"account":{"address":"0x51b58094fcceb49174a4f7d5eefb012ba6461c51","tx_count":1314,"eth":{"value":"9.869338743730105708","dynamic":"9.344544663284194782"},"nft":{"value":242,"dynamic":240,"collections":[false,false,false,false,false,false,false],"collections2":{"89seconds":false,"artBlocks":false,"boredApes":false,"cryptoPunks":false,"ksoids":false,"meebits":false,"omnimorphs":false}}},"floor":0.10301},{"timestamp":1635586363,"price":0.075,"block_number":13517696,"account":{"address":"0xd8ad6f3285764b8d3981a685f917426743dca90a","tx_count":7,"eth":{"value":"0.572500383209338187","dynamic":"0.572500383209338187"},"nft":{"value":8,"dynamic":8,"collections":[false,false,false,false,false,false,false],"collections2":{"89seconds":false,"artBlocks":false,"boredApes":false,"cryptoPunks":false,"ksoids":false,"meebits":false,"omnimorphs":false}}},"floor":0.05301},{"timestamp":1638708884,"price":0.09,"block_number":13746206,"account":{"address":"0x0a267cf51ef038fc00e71801f5a524aec06e4f07","tx_count":1,"eth":{"value":"0","dynamic":"0"},"nft":{"value":8,"dynamic":8,"collections":[false,false,false,false,false,false,false],"collections2":{"89seconds":false,"artBlocks":false,"boredApes":false,"cryptoPunks":false,"ksoids":false,"meebits":false,"omnimorphs":false}}},"floor":0.0675}]}