{"uuid":"62259dac-b409-4faa-8902-a6afccc3188a","token_id":113,"color":0,"transactions":[{"timestamp":1634206041,"price":0.10301,"block_number":13415693,"account":{"address":"0xde8b953eafd05c63d12547bce980117267f38215","tx_count":133,"eth":{"value":"0.160899006513909095","dynamic":"0.160899006513909095"},"nft":{"value":102,"dynamic":102,"collections":[false,false,false,false,false,false,false],"collections2":{"89seconds":false,"artBlocks":false,"boredApes":false,"cryptoPunks":false,"ksoids":false,"meebits":false,"omnimorphs":false}}},"floor":0.10301}]}