{"uuid":"76086166-56de-4277-96e1-ed3c7c5f44e7","token_id":116,"color":2,"transactions":[{"timestamp":1634205954,"price":0.10301,"block_number":13415689,"account":{"address":"0xcbfb9a917c2b45fbd8e820e66602ef26dff9cd40","tx_count":483,"eth":{"value":"0.196656279844221255","dynamic":"-0.102045533931032394"},"nft":{"value":197,"dynamic":165,"collections":[false,false,false,false,false,false,false],"collections2":{"89seconds":false,"artBlocks":false,"boredApes":false,"cryptoPunks":false,"ksoids":false,"meebits":false,"omnimorphs":false}}},"floor":0.10301},{"timestamp":1634639052,"price":0.13,"block_number":13447655,"account":{"address":"0x672508c9ff3d81c67ed107a32901ad943f653dfe","tx_count":48,"eth":{"value":"0.167264648119092534","dynamic":"0.167264648119092534"},"nft":{"value":6,"dynamic":6,"collections":[false,false,false,false,false,false,false],"collections2":{"89seconds":false,"artBlocks":false,"boredApes":false,"cryptoPunks":false,"ksoids":false,"meebits":false,"omnimorphs":false}}},"floor":0.1125},{"timestamp":1638478064,"price":0.07,"block_number":13729510,"account":{"address":"0xdaa5bacb610364edc81f7463426f8706bab83d0a","tx_count":39,"eth":{"value":"0.17692044635991654","dynamic":"0.17692044635991654"},"nft":{"value":9,"dynamic":9,"collections":[false,false,false,false,false,false,false],"collections2":{"89seconds":false,"artBlocks":false,"boredApes":true,"cryptoPunks":false,"ksoids":false,"meebits":true,"omnimorphs":false}}},"floor":0.068},{"timestamp":1638940117,"price":0.075,"block_number":13762904,"account":{"address":"0x6513b753670786367922fd32efbb6ce18abd3041","tx_count":464,"eth":{"value":"0.153999965414876628","dynamic":"-0.166259329510774407"},"nft":{"value":219,"dynamic":121,"collections":[false,false,false,false,false,false,false],"collections2":{"89seconds":false,"artBlocks":false,"boredApes":true,"cryptoPunks":false,"ksoids":true,"meebits":false,"omnimorphs":false}}},"floor":0.075},{"timestamp":1639078215,"price":0.08,"block_number":13772882,"account":{"address":"0xd082fee0e66e84eeb9be47eea679bb671dc1dae9","tx_count":2,"eth":{"value":"0.082202141666296112","dynamic":"0.082202141666296112"},"nft":{"value":1,"dynamic":1,"collections":[false,false,false,false,false,false,false],"collections2":{"89seconds":false,"artBlocks":true,"boredApes":false,"cryptoPunks":false,"ksoids":false,"meebits":false,"omnimorphs":false}}},"floor":0.08},{"timestamp":1639142456,"price":0.08,"block_number":13777635,"account":{"address":"0xd082fee0e66e84eeb9be47eea679bb671dc1dae9","tx_count":8,"eth":{"value":"0.112524314244131314","dynamic":"0.112524314244131314"},"nft":{"value":8,"dynamic":8,"collections":[false,false,false,false,false,false,false],"collections2":{"89seconds":false,"artBlocks":true,"boredApes":false,"cryptoPunks":false,"ksoids":false,"meebits":false,"omnimorphs":false}}},"floor":0.08},{"timestamp":1640901311,"price":0.05,"block_number":13909252,"account":{"address":"0x57c23be389a66a94bbe83871ead5450272f1efd3","tx_count":159,"eth":{"value":"0.149795647392014334","dynamic":"0.136651681312665123"},"nft":{"value":49,"dynamic":43,"collections":[false,false,false,false,false,false,false],"collections2":{"89seconds":false,"artBlocks":false,"boredApes":false,"cryptoPunks":false,"ksoids":false,"meebits":false,"omnimorphs":false}}},"floor":0.03861}]}