{"uuid":"a87a9f3c-ef59-459f-834e-c14fed2bf06c","token_id":110,"color":5,"transactions":[{"timestamp":1634206025,"price":0.10301,"block_number":13415692,"account":{"address":"0x4a6cef84d7fc0f3abf481c59121a48de2b69668f","tx_count":56,"eth":{"value":"0.889086917325804443","dynamic":"0.889086917325804443"},"nft":{"value":27,"dynamic":27,"collections":[false,false,false,false,false,false,false],"collections2":{"89seconds":false,"artBlocks":false,"boredApes":false,"cryptoPunks":false,"ksoids":false,"meebits":false,"omnimorphs":false}}},"floor":0.10301},{"timestamp":1634233774,"price":0.3,"block_number":13417746,"account":{"address":"0x3180cb17d895cf6a3572a37a846eacc3892ae0fe","tx_count":6,"eth":{"value":"3.074064444163758932","dynamic":"3.074064444163758932"},"nft":{"value":4,"dynamic":4,"collections":[false,false,false,false,false,false,false],"collections2":{"89seconds":false,"artBlocks":false,"boredApes":false,"cryptoPunks":false,"ksoids":false,"meebits":false,"omnimorphs":false}}},"floor":0.10301}]}