{"uuid":"ca44109c-e513-486d-a2d3-2bf7d3f6694b","token_id":115,"color":0,"transactions":[{"timestamp":1634205954,"price":0.10301,"block_number":13415689,"account":{"address":"0xcbfb9a917c2b45fbd8e820e66602ef26dff9cd40","tx_count":483,"eth":{"value":"0.196656279844221255","dynamic":"-0.102045533931032394"},"nft":{"value":197,"dynamic":165,"collections":[false,false,false,false,false,false,false],"collections2":{"89seconds":false,"artBlocks":false,"boredApes":false,"cryptoPunks":false,"ksoids":false,"meebits":false,"omnimorphs":false}}},"floor":0.10301},{"timestamp":1634835252,"price":0.13,"block_number":13462207,"account":{"address":"0xf65e1e27c0911154593fd612cf045d8fcf90070f","tx_count":345,"eth":{"value":"1.893400968864898652","dynamic":"1.893400968864898652"},"nft":{"value":69,"dynamic":69,"collections":[false,false,false,false,false,false,false],"collections2":{"89seconds":false,"artBlocks":false,"boredApes":false,"cryptoPunks":false,"ksoids":false,"meebits":false,"omnimorphs":false}}},"floor":0.1036719},{"timestamp":1635262893,"price":0.123,"block_number":13493860,"account":{"address":"0xe920772328de70c6c57f5d5fecd59f57954b3a66","tx_count":49,"eth":{"value":"0.029224863689601391","dynamic":"0.029224863689601391"},"nft":{"value":6,"dynamic":6,"collections":[false,false,false,false,false,false,false],"collections2":{"89seconds":false,"artBlocks":false,"boredApes":false,"cryptoPunks":false,"ksoids":false,"meebits":false,"omnimorphs":false}}},"floor":0.10301},{"timestamp":1635466736,"price":0.22,"block_number":13508915,"account":{"address":"0xca732469b336831fcbe82bf96206a8f5403b2e9c","tx_count":139,"eth":{"value":"0.03786075229612939","dynamic":"0.03672205429612939"},"nft":{"value":27,"dynamic":26,"collections":[false,false,false,false,false,false,false],"collections2":{"89seconds":false,"artBlocks":false,"boredApes":false,"cryptoPunks":false,"ksoids":false,"meebits":false,"omnimorphs":false}}},"floor":0.05301},{"timestamp":1638765366,"price":0.3,"block_number":13750226,"account":{"address":"0xe2c3ac3e807c249a0ba1d34be8f1c62279bf8b43","tx_count":195,"eth":{"value":"0.08488054538072769","dynamic":"0.076819820578887611"},"nft":{"value":8,"dynamic":7,"collections":[false,false,false,false,false,false,false],"collections2":{"89seconds":false,"artBlocks":false,"boredApes":false,"cryptoPunks":false,"ksoids":false,"meebits":false,"omnimorphs":false}}},"floor":0.07}]}