{"uuid":"2cd4870c-02f2-47b3-8fde-8ddb42f289e8","token_id":112,"color":5,"transactions":[{"timestamp":1634206036,"price":0.10301,"block_number":13415693,"account":{"address":"0xde8b953eafd05c63d12547bce980117267f38215","tx_count":133,"eth":{"value":"0.160899006513909095","dynamic":"0.160899006513909095"},"nft":{"value":102,"dynamic":102,"collections":[false,false,false,false,false,false,false],"collections2":{"89seconds":false,"artBlocks":false,"boredApes":false,"cryptoPunks":false,"ksoids":false,"meebits":false,"omnimorphs":false}}},"floor":0.10301},{"timestamp":1634989653,"price":0.145,"block_number":13473562,"account":{"address":"0x864298c823925036dae6976e03d2b2a59053f12c","tx_count":103,"eth":{"value":"0.234811784704916415","dynamic":"0.203330918599743217"},"nft":{"value":81,"dynamic":75,"collections":[false,false,false,false,false,false,false],"collections2":{"89seconds":false,"artBlocks":false,"boredApes":false,"cryptoPunks":false,"ksoids":false,"meebits":false,"omnimorphs":false}}},"floor":0.12150000000000001},{"timestamp":1634990576,"price":0.1455,"block_number":13473643,"account":{"address":"0xde8b953eafd05c63d12547bce980117267f38215","tx_count":162,"eth":{"value":"0.119343569287700336","dynamic":"0.119343569287700336"},"nft":{"value":125,"dynamic":125,"collections":[false,false,false,false,false,false,false],"collections2":{"89seconds":false,"artBlocks":false,"boredApes":false,"cryptoPunks":false,"ksoids":false,"meebits":false,"omnimorphs":false}}},"floor":0.135},{"timestamp":1634991891,"price":0.1456,"block_number":13473738,"account":{"address":"0x3794c06934f83981b08eb5a16821507a05feceab","tx_count":36,"eth":{"value":"0.139160894842558854","dynamic":"0.139160894842558854"},"nft":{"value":22,"dynamic":22,"collections":[false,false,false,false,false,false,false],"collections2":{"89seconds":false,"artBlocks":false,"boredApes":false,"cryptoPunks":false,"ksoids":false,"meebits":false,"omnimorphs":false}}},"floor":0.10301},{"timestamp":1634992952,"price":0.1457,"block_number":13473822,"account":{"address":"0xde8b953eafd05c63d12547bce980117267f38215","tx_count":164,"eth":{"value":"0.375504855137331176","dynamic":"0.375504855137331176"},"nft":{"value":125,"dynamic":125,"collections":[false,false,false,false,false,false,false],"collections2":{"89seconds":false,"artBlocks":false,"boredApes":false,"cryptoPunks":false,"ksoids":false,"meebits":false,"omnimorphs":false}}},"floor":0.12150000000000001},{"timestamp":1634994055,"price":0.1458,"block_number":13473921,"account":{"address":"0x864298c823925036dae6976e03d2b2a59053f12c","tx_count":107,"eth":{"value":"0.055129631150513373","dynamic":"0.023648765045340175"},"nft":{"value":79,"dynamic":73,"collections":[false,false,false,false,false,false,false],"collections2":{"89seconds":false,"artBlocks":false,"boredApes":false,"cryptoPunks":false,"ksoids":false,"meebits":false,"omnimorphs":false}}},"floor":0.10935000000000002},{"timestamp":1634994360,"price":0.1459,"block_number":13473948,"account":{"address":"0xde8b953eafd05c63d12547bce980117267f38215","tx_count":166,"eth":{"value":"0.339068938745893126","dynamic":"0.339068938745893126"},"nft":{"value":125,"dynamic":125,"collections":[false,false,false,false,false,false,false],"collections2":{"89seconds":false,"artBlocks":false,"boredApes":false,"cryptoPunks":false,"ksoids":false,"meebits":false,"omnimorphs":false}}},"floor":0.135}]}