{"uuid":"e95869d9-d2a2-4b99-a1d4-6df12d505311","token_id":119,"color":2,"transactions":[{"timestamp":1634205994,"price":0.10301,"block_number":13415690,"account":{"address":"0x51b58094fcceb49174a4f7d5eefb012ba6461c51","tx_count":1314,"eth":{"value":"9.869338743730105708","dynamic":"9.344544663284194782"},"nft":{"value":242,"dynamic":240,"collections":[false,false,false,false,false,false,false],"collections2":{"89seconds":false,"artBlocks":false,"boredApes":false,"cryptoPunks":false,"ksoids":false,"meebits":false,"omnimorphs":false}}},"floor":0.10301},{"timestamp":1635628919,"price":0.075,"block_number":13520843,"account":{"address":"0x021afda9886dce1cca8cecd130e4f2891b2b91d1","tx_count":504,"eth":{"value":"2.196009889700700234","dynamic":"1.679748120527053992"},"nft":{"value":90,"dynamic":89,"collections":[false,false,false,false,false,false,false],"collections2":{"89seconds":false,"artBlocks":false,"boredApes":false,"cryptoPunks":false,"ksoids":false,"meebits":false,"omnimorphs":false}}},"floor":0.068},{"timestamp":1636917851,"price":0.085,"block_number":13615814,"account":{"address":"0xe18c96e166b4cbbbbd990b665ac4ace565b5e4d6","tx_count":244,"eth":{"value":"0.651773254278366007","dynamic":"-0.303291208397664937"},"nft":{"value":41,"dynamic":40,"collections":[false,false,false,false,false,false,false],"collections2":{"89seconds":false,"artBlocks":false,"boredApes":false,"cryptoPunks":false,"ksoids":false,"meebits":false,"omnimorphs":false}}},"floor":0.0666}]}