{"uuid":"0265b978-4893-4f35-9e62-795bb1e12c76","token_id":117,"color":0,"transactions":[{"timestamp":1634205994,"price":0.10301,"block_number":13415690,"account":{"address":"0x2aba42b4fb232b67265fe37d06f45d8fc86eb761","tx_count":149,"eth":{"value":"0.599417631829023755","dynamic":"0.599417631829023755"},"nft":{"value":39,"dynamic":39,"collections":[false,false,false,false,false,false,false],"collections2":{"89seconds":false,"artBlocks":false,"boredApes":false,"cryptoPunks":false,"ksoids":false,"meebits":false,"omnimorphs":false}}},"floor":0.10301},{"timestamp":1634343308,"price":0.13,"block_number":13425773,"account":{"address":"0x261182bfa8887cf349ecb06ef41731156c0961f1","tx_count":54,"eth":{"value":"0.023252270465786048","dynamic":"0.023252270465786048"},"nft":{"value":30,"dynamic":30,"collections":[false,false,false,false,false,false,false],"collections2":{"89seconds":false,"artBlocks":false,"boredApes":false,"cryptoPunks":false,"ksoids":false,"meebits":false,"omnimorphs":true}}},"floor":0.13557106434779911}]}