{"uuid":"5012c682-f6f6-4836-9640-55bd6244419b","token_id":114,"color":2,"transactions":[{"timestamp":1634205954,"price":0.10301,"block_number":13415689,"account":{"address":"0xde8b953eafd05c63d12547bce980117267f38215","tx_count":133,"eth":{"value":"0.160899006513909095","dynamic":"0.160899006513909095"},"nft":{"value":107,"dynamic":107,"collections":[false,false,false,false,false,false,false],"collections2":{"89seconds":false,"artBlocks":false,"boredApes":false,"cryptoPunks":false,"ksoids":false,"meebits":false,"omnimorphs":false}}},"floor":0.10301}]}