{"uuid":"0c9378f7-ddb5-4d2b-8a14-e17580d3d84c","token_id":111,"color":4,"transactions":[{"timestamp":1634206029,"price":0.10301,"block_number":13415693,"account":{"address":"0x4a6cef84d7fc0f3abf481c59121a48de2b69668f","tx_count":56,"eth":{"value":"0.889086917325804443","dynamic":"0.889086917325804443"},"nft":{"value":27,"dynamic":27,"collections":[false,false,false,false,false,false,false],"collections2":{"89seconds":false,"artBlocks":false,"boredApes":false,"cryptoPunks":false,"ksoids":false,"meebits":false,"omnimorphs":false}}},"floor":0.10301},{"timestamp":1634295968,"price":0.2,"block_number":13422276,"account":{"address":"0x90b298f5ff8a52d15c2709087f327af698fe9729","tx_count":5854,"eth":{"value":"36.016486286442859332","dynamic":"36.008087469379457916"},"nft":{"value":1459,"dynamic":627,"collections":[false,false,false,false,false,false,false],"collections2":{"artBlocks":false,"boredApes":false,"cryptoPunks":false,"ksoids":false,"meebits":false}}},"floor":0.2}]}