{"uuid":"0f8b17ed-5731-4e71-bc39-e847f23d6ec3","token_id":122,"color":4,"transactions":[{"timestamp":1634205994,"price":0.10301,"block_number":13415690,"account":{"address":"0xd1598c76c78acc698a5241578ea0b21afb29ad44","tx_count":133,"eth":{"value":"0.012045554248416942","dynamic":"-0.252154455751583058"},"nft":{"value":96,"dynamic":96,"collections":[false,false,false,false,false,false,false],"collections2":{"89seconds":false,"artBlocks":false,"boredApes":false,"cryptoPunks":false,"ksoids":false,"meebits":false,"omnimorphs":false}}},"floor":0.10301},{"timestamp":1635279278,"price":0.149,"block_number":13495051,"account":{"address":"0xc887fadc6baaa8cd234d9104a65b37265522b024","tx_count":3907,"eth":{"value":"0.452796379462319615","dynamic":"-3.982711835312710638"},"nft":{"value":605,"dynamic":533,"collections":[false,false,false,false,false,false,false],"collections2":{"89seconds":false,"artBlocks":false,"boredApes":false,"cryptoPunks":false,"ksoids":false,"meebits":true,"omnimorphs":false}}},"floor":0.1116},{"timestamp":1636293799,"price":0.1,"block_number":13569783,"account":{"address":"0x0d4ddea3849c54e16c85cb4354943dc876e05552","tx_count":8096,"eth":{"value":"18.84362715268264598","dynamic":"15.517795970595063451"},"nft":{"value":489,"dynamic":139,"collections":[false,false,false,false,false,false,false],"collections2":{"89seconds":false,"artBlocks":false,"boredApes":false,"cryptoPunks":false,"ksoids":false,"meebits":false,"omnimorphs":false}}},"floor":0.07301},{"timestamp":1636301654,"price":0.1,"block_number":13570359,"account":{"address":"0xc887fadc6baaa8cd234d9104a65b37265522b024","tx_count":4005,"eth":{"value":"17.307157821169999155","dynamic":"-0.376707591887884706"},"nft":{"value":630,"dynamic":505,"collections":[false,false,false,false,false,false,false],"collections2":{"89seconds":false,"artBlocks":false,"boredApes":false,"cryptoPunks":false,"ksoids":true,"meebits":true,"omnimorphs":false}}},"floor":0.07301},{"timestamp":1636336137,"price":0.1,"block_number":13573004,"account":{"address":"0x0d4ddea3849c54e16c85cb4354943dc876e05552","tx_count":8109,"eth":{"value":"3.449892413584814231","dynamic":"3.338915918497231702"},"nft":{"value":490,"dynamic":140,"collections":[false,false,false,false,false,false,false],"collections2":{"89seconds":false,"artBlocks":false,"boredApes":false,"cryptoPunks":false,"ksoids":false,"meebits":false,"omnimorphs":false}}},"floor":0.07301},{"timestamp":1637001972,"price":0.1,"block_number":13621977,"account":{"address":"0xc887fadc6baaa8cd234d9104a65b37265522b024","tx_count":4059,"eth":{"value":"13.105639627073649705","dynamic":"11.758920042083880908"},"nft":{"value":616,"dynamic":451,"collections":[false,false,false,false,false,false,false],"collections2":{"89seconds":false,"artBlocks":false,"boredApes":false,"cryptoPunks":false,"ksoids":true,"meebits":true,"omnimorphs":false}}},"floor":0.07}]}