{"uuid":"3ffa4d19-4e76-4a06-a9fe-7b599c718bfe","token_id":121,"color":2,"transactions":[{"timestamp":1634205994,"price":0.10301,"block_number":13415690,"account":{"address":"0x2fa0bd091b78d9ef6a2fa308a562deb8b5c5019b","tx_count":28,"eth":{"value":"1.476225097253448815","dynamic":"1.476225097253448815"},"nft":{"value":14,"dynamic":14,"collections":[false,false,false,false,false,false,false],"collections2":{"89seconds":false,"artBlocks":false,"boredApes":false,"cryptoPunks":false,"ksoids":false,"meebits":false,"omnimorphs":true}}},"floor":0.10301},{"timestamp":1634206202,"price":0.3,"block_number":13415706,"account":{"address":"0xd15d558cb022566ce7c291d1f229420bca842349","tx_count":133,"eth":{"value":"1.686309641266576238","dynamic":"1.686309641266576238"},"nft":{"value":37,"dynamic":37,"collections":[false,false,false,false,false,false,false],"collections2":{"89seconds":false,"artBlocks":false,"boredApes":false,"cryptoPunks":false,"ksoids":false,"meebits":false,"omnimorphs":false}}},"floor":0.10301},{"timestamp":1634911579,"price":0.18,"block_number":13467844,"account":{"address":"0x16205a6048b6af17f1ac1a009bbf2ed9289e6921","tx_count":37672,"eth":{"value":"45.60483824130615517","dynamic":"37.888020946777796034"},"nft":{"value":3619,"dynamic":349,"collections":[false,false,false,false,false,false,false],"collections2":{"89seconds":false,"artBlocks":false,"boredApes":true,"cryptoPunks":false,"ksoids":false,"meebits":false,"omnimorphs":false}}},"floor":0.1269},{"timestamp":1634997824,"price":0.18,"block_number":13474191,"account":{"address":"0x16205a6048b6af17f1ac1a009bbf2ed9289e6921","tx_count":37688,"eth":{"value":"35.906650424683366596","dynamic":"35.829705394384174125"},"nft":{"value":3630,"dynamic":350,"collections":[false,false,false,false,false,false,false],"collections2":{"89seconds":false,"artBlocks":false,"boredApes":true,"cryptoPunks":false,"ksoids":true,"meebits":false,"omnimorphs":false}}},"floor":0.14},{"timestamp":1635001469,"price":0.2,"block_number":13474463,"account":{"address":"0xcbf6a31e9b121a4f25592fb4a058cc1186210bb3","tx_count":84,"eth":{"value":"3.811940146069926035","dynamic":"3.795337746069926035"},"nft":{"value":2,"dynamic":1,"collections":[false,false,false,false,false,false,false],"collections2":{"89seconds":false,"artBlocks":false,"boredApes":false,"cryptoPunks":false,"ksoids":false,"meebits":false,"omnimorphs":false}}},"floor":0.14},{"timestamp":1635002957,"price":0.22,"block_number":13474578,"account":{"address":"0x16205a6048b6af17f1ac1a009bbf2ed9289e6921","tx_count":37689,"eth":{"value":"35.856078422319543057","dynamic":"35.779133392020350587"},"nft":{"value":1450,"dynamic":0,"collections":[false,false,false,false,false,false,false],"collections2":{"89seconds":false,"artBlocks":false,"boredApes":true,"cryptoPunks":false,"ksoids":true,"meebits":false,"omnimorphs":false}}},"floor":0.14},{"timestamp":1635004806,"price":0.23,"block_number":13474728,"account":{"address":"0x25f15d79487288cbcca6811b8148069ed581d992","tx_count":407,"eth":{"value":"0.199098682322009531","dynamic":"0.1110336171914708"},"nft":{"value":524,"dynamic":-3,"collections":[false,false,false,false,false,false,false],"collections2":{"89seconds":false,"artBlocks":false,"boredApes":false,"cryptoPunks":false,"ksoids":true,"meebits":false,"omnimorphs":false}}},"floor":0.11340000000000003}]}