{"uuid":"a9c0029e-d278-4a66-bf8e-d5d46fcbf885","token_id":120,"color":3,"transactions":[{"timestamp":1634205994,"price":0.10301,"block_number":13415690,"account":{"address":"0x51b58094fcceb49174a4f7d5eefb012ba6461c51","tx_count":1314,"eth":{"value":"9.869338743730105708","dynamic":"9.344544663284194782"},"nft":{"value":242,"dynamic":240,"collections":[false,false,false,false,false,false,false],"collections2":{"89seconds":false,"artBlocks":false,"boredApes":false,"cryptoPunks":false,"ksoids":false,"meebits":false,"omnimorphs":false}}},"floor":0.10301},{"timestamp":1635241507,"price":0.15,"block_number":13492248,"account":{"address":"0x99547c98560c17e7d66e50b33666a221422a2f54","tx_count":157,"eth":{"value":"3.770736196942687912","dynamic":"3.770736196942687912"},"nft":{"value":38,"dynamic":38,"collections":[false,false,false,false,false,false,false],"collections2":{"89seconds":false,"artBlocks":false,"boredApes":false,"cryptoPunks":false,"ksoids":false,"meebits":false,"omnimorphs":false}}},"floor":0.1305},{"timestamp":1635302889,"price":0.14,"block_number":13496820,"account":{"address":"0x51b58094fcceb49174a4f7d5eefb012ba6461c51","tx_count":1446,"eth":{"value":"3.726582466439255813","dynamic":"2.24899776958449369"},"nft":{"value":280,"dynamic":275,"collections":[false,false,false,false,false,false,false],"collections2":{"89seconds":false,"artBlocks":false,"boredApes":false,"cryptoPunks":false,"ksoids":false,"meebits":false,"omnimorphs":false}}},"floor":0.12510000000000002}]}