{"uuid":"01da5536-0c66-4820-b962-75b38d2efb87","token_id":124,"color":3,"transactions":[{"timestamp":1634205994,"price":0.10301,"block_number":13415690,"account":{"address":"0x26d125498742b99b521b838f31df87b22947dd5e","tx_count":541,"eth":{"value":"2.556941151309308656","dynamic":"2.507177706047739444"},"nft":{"value":237,"dynamic":236,"collections":[false,false,false,false,false,false,false],"collections2":{"89seconds":false,"artBlocks":false,"boredApes":false,"cryptoPunks":false,"ksoids":false,"meebits":false,"omnimorphs":true}}},"floor":0.10301},{"timestamp":1640680000,"price":0.06,"block_number":13892655,"account":{"address":"0xd26ab3b4d3b0697f06c792d30a62687cfd104ed1","tx_count":145,"eth":{"value":"0.186106604852813444","dynamic":"0.081619757278255976"},"nft":{"value":39,"dynamic":33,"collections":[false,false,false,false,false,false,false],"collections2":{"89seconds":false,"artBlocks":true,"boredApes":false,"cryptoPunks":false,"ksoids":true,"meebits":false,"omnimorphs":false}}},"floor":0.0569},{"timestamp":1640680504,"price":0.06,"block_number":13892691,"account":{"address":"0x26d125498742b99b521b838f31df87b22947dd5e","tx_count":1004,"eth":{"value":"0.227530727602549995","dynamic":"0.10305853989160537"},"nft":{"value":0,"dynamic":0,"collections":[false,false,false,false,false,false,false],"collections2":{"89seconds":false,"artBlocks":true,"boredApes":false,"cryptoPunks":false,"ksoids":false,"meebits":false,"omnimorphs":false}}},"floor":0.10301},{"timestamp":1640681352,"price":0.06,"block_number":13892744,"account":{"address":"0xd26ab3b4d3b0697f06c792d30a62687cfd104ed1","tx_count":146,"eth":{"value":"0.216274598552842694","dynamic":"0.111787750978285226"},"nft":{"value":41,"dynamic":35,"collections":[false,false,false,false,false,false,false],"collections2":{"89seconds":false,"artBlocks":true,"boredApes":false,"cryptoPunks":false,"ksoids":true,"meebits":false,"omnimorphs":false}}},"floor":0.0569},{"timestamp":1640681781,"price":0.06,"block_number":13892773,"account":{"address":"0x26d125498742b99b521b838f31df87b22947dd5e","tx_count":1005,"eth":{"value":"0.198875294970110745","dynamic":"0.07440310725916612"},"nft":{"value":391,"dynamic":259,"collections":[false,false,false,false,false,false,false],"collections2":{"89seconds":false,"artBlocks":true,"boredApes":false,"cryptoPunks":false,"ksoids":false,"meebits":false,"omnimorphs":false}}},"floor":0.0569},{"timestamp":1640855583,"price":0.055,"block_number":13905809,"account":{"address":"0x2c83484b7998b0374a033aa0a7af42de2e325c93","tx_count":343,"eth":{"value":"13.90590683857642949","dynamic":"-0.500101409554710507"},"nft":{"value":44,"dynamic":27,"collections":[false,false,false,false,false,false,false],"collections2":{"89seconds":false,"artBlocks":false,"boredApes":true,"cryptoPunks":false,"ksoids":false,"meebits":false,"omnimorphs":false}}},"floor":0.0429},{"timestamp":1640856206,"price":0.055,"block_number":13905838,"account":{"address":"0x26d125498742b99b521b838f31df87b22947dd5e","tx_count":1054,"eth":{"value":"0.183805617469671893","dynamic":"-1.111629203586527522"},"nft":{"value":419,"dynamic":288,"collections":[false,false,false,false,false,false,false],"collections2":{"89seconds":false,"artBlocks":true,"boredApes":false,"cryptoPunks":false,"ksoids":false,"meebits":false,"omnimorphs":false}}},"floor":0.0429}]}