{"uuid":"bbcfe575-bae2-4001-824e-d3b96ad832c9","token_id":128,"color":3,"transactions":[{"timestamp":1634205994,"price":0.10301,"block_number":13415690,"account":{"address":"0x2102495a4f48659a23ab55a07bf6831c66732894","tx_count":77,"eth":{"value":"0.477625507759854029","dynamic":"0.448230652989155895"},"nft":{"value":48,"dynamic":47,"collections":[false,false,false,false,false,false,false],"collections2":{"89seconds":false,"artBlocks":false,"boredApes":false,"cryptoPunks":false,"ksoids":false,"meebits":false,"omnimorphs":false}}},"floor":0.10301},{"timestamp":1634875681,"price":0.12,"block_number":13465247,"account":{"address":"0x4ce36ca2e17141b24932a9c7b6d1f4840e8bc801","tx_count":183,"eth":{"value":"0.783620491227229759","dynamic":"-3.387463827154532778"},"nft":{"value":110,"dynamic":97,"collections":[false,false,false,false,false,false,false],"collections2":{"89seconds":false,"artBlocks":false,"boredApes":false,"cryptoPunks":false,"ksoids":false,"meebits":false,"omnimorphs":false}}},"floor":0.11},{"timestamp":1636822775,"price":0.07,"block_number":13608848,"account":{"address":"0x0bca3c46d430256d46623363cd04bb3c7090685e","tx_count":10,"eth":{"value":"0.067024330292574092","dynamic":"0.067024330292574092"},"nft":{"value":2,"dynamic":2,"collections":[false,false,false,false,false,false,false],"collections2":{"89seconds":false,"artBlocks":false,"boredApes":false,"cryptoPunks":false,"ksoids":false,"meebits":false,"omnimorphs":false}}},"floor":0.07}]}