{"uuid":"e70e34a1-5b60-40f5-9610-de3719c694a3","token_id":125,"color":4,"transactions":[{"timestamp":1634205994,"price":0.10301,"block_number":13415690,"account":{"address":"0xdb2cba16f3c5b06e547c87fff4f6ca6d06953c17","tx_count":99,"eth":{"value":"2.737737958420908063","dynamic":"2.099459235961224598"},"nft":{"value":21,"dynamic":21,"collections":[false,false,false,false,false,false,false],"collections2":{"89seconds":false,"artBlocks":false,"boredApes":false,"cryptoPunks":false,"ksoids":false,"meebits":false,"omnimorphs":true}}},"floor":0.10301},{"timestamp":1634964658,"price":0.141,"block_number":13471798,"account":{"address":"0xb3455c1b73ef70d9180c7d7789f23f980cb6c361","tx_count":37,"eth":{"value":"0.053916647948012736","dynamic":"0.053916647948012736"},"nft":{"value":6,"dynamic":6,"collections":[false,false,false,false,false,false,false],"collections2":{"89seconds":false,"artBlocks":false,"boredApes":false,"cryptoPunks":false,"ksoids":false,"meebits":false,"omnimorphs":false}}},"floor":0.135}]}