{"uuid":"8e496b09-29aa-4a9a-af47-3e88a0799d5e","token_id":126,"color":1,"transactions":[{"timestamp":1634205994,"price":0.10301,"block_number":13415690,"account":{"address":"0x3d6f32fe8f5c149d98eb4874ddd75c71f4cb544f","tx_count":12,"eth":{"value":"0.179428669177670868","dynamic":"0.179428669177670868"},"nft":{"value":1,"dynamic":1,"collections":[false,false,false,false,false,false,false],"collections2":{"89seconds":false,"artBlocks":false,"boredApes":false,"cryptoPunks":false,"ksoids":false,"meebits":false,"omnimorphs":false}}},"floor":0.10301},{"timestamp":1640991600,"price":0.06,"block_number":13915898,"account":{"address":"0xff5fe4159cd13d0e272165adcabc4d42bdd8822c","tx_count":16,"eth":{"value":"0.198798322634988697","dynamic":"0.198798322634988697"},"nft":{"value":3,"dynamic":3,"collections":[false,false,false,false,false,false,false],"collections2":{"89seconds":false,"artBlocks":false,"boredApes":false,"cryptoPunks":false,"ksoids":false,"meebits":false,"omnimorphs":false}}},"floor":0.0599},{"timestamp":1640992677,"price":0.059,"block_number":13915984,"account":{"address":"0x3d6f32fe8f5c149d98eb4874ddd75c71f4cb544f","tx_count":32,"eth":{"value":"0.112979585182311857","dynamic":"0.111976861363788857"},"nft":{"value":3,"dynamic":3,"collections":[false,false,false,false,false,false,false],"collections2":{"89seconds":false,"artBlocks":false,"boredApes":false,"cryptoPunks":false,"ksoids":false,"meebits":false,"omnimorphs":false}}},"floor":0.059},{"timestamp":1640994278,"price":0.059,"block_number":13916092,"account":{"address":"0xff5fe4159cd13d0e272165adcabc4d42bdd8822c","tx_count":18,"eth":{"value":"0.178599721634257715","dynamic":"0.178599721634257715"},"nft":{"value":2,"dynamic":2,"collections":[false,false,false,false,false,false,false],"collections2":{"89seconds":false,"artBlocks":false,"boredApes":false,"cryptoPunks":false,"ksoids":false,"meebits":false,"omnimorphs":false}}},"floor":0.059},{"timestamp":1640995203,"price":0.059,"block_number":13916166,"account":{"address":"0x3d6f32fe8f5c149d98eb4874ddd75c71f4cb544f","tx_count":33,"eth":{"value":"0.096114745540722239","dynamic":"0.095112021722199239"},"nft":{"value":2,"dynamic":2,"collections":[false,false,false,false,false,false,false],"collections2":{"89seconds":false,"artBlocks":false,"boredApes":false,"cryptoPunks":false,"ksoids":false,"meebits":false,"omnimorphs":false}}},"floor":0.059},{"timestamp":1640995891,"price":0.058,"block_number":13916228,"account":{"address":"0xff5fe4159cd13d0e272165adcabc4d42bdd8822c","tx_count":19,"eth":{"value":"0.162404606459085475","dynamic":"0.162404606459085475"},"nft":{"value":3,"dynamic":3,"collections":[false,false,false,false,false,false,false],"collections2":{"89seconds":false,"artBlocks":false,"boredApes":false,"cryptoPunks":false,"ksoids":false,"meebits":false,"omnimorphs":false}}},"floor":0.058},{"timestamp":1640996805,"price":0.09,"block_number":13916305,"account":{"address":"0x3d6f32fe8f5c149d98eb4874ddd75c71f4cb544f","tx_count":34,"eth":{"value":"0.046883940455312337","dynamic":"0.045881216636789337"},"nft":{"value":2,"dynamic":2,"collections":[false,false,false,false,false,false,false],"collections2":{"89seconds":false,"artBlocks":false,"boredApes":false,"cryptoPunks":false,"ksoids":false,"meebits":false,"omnimorphs":false}}},"floor":0.058}]}