{"uuid":"e6b9953e-9c59-497c-b3d1-ba741011512b","token_id":127,"color":0,"transactions":[{"timestamp":1634205994,"price":0.10301,"block_number":13415690,"account":{"address":"0x2102495a4f48659a23ab55a07bf6831c66732894","tx_count":77,"eth":{"value":"0.477625507759854029","dynamic":"0.448230652989155895"},"nft":{"value":48,"dynamic":47,"collections":[false,false,false,false,false,false,false],"collections2":{"89seconds":false,"artBlocks":false,"boredApes":false,"cryptoPunks":false,"ksoids":false,"meebits":false,"omnimorphs":false}}},"floor":0.10301},{"timestamp":1634887062,"price":0.121,"block_number":13466059,"account":{"address":"0x34f4c9d0aceb6cfee6e6b4df8ad069ea4a4befb2","tx_count":119,"eth":{"value":"0.333802501676719105","dynamic":"-0.042765041768552217"},"nft":{"value":34,"dynamic":29,"collections":[false,false,false,false,false,false,false],"collections2":{"89seconds":false,"artBlocks":false,"boredApes":false,"cryptoPunks":false,"ksoids":false,"meebits":false,"omnimorphs":true}}},"floor":0.109},{"timestamp":1634931318,"price":0.14,"block_number":13469323,"account":{"address":"0x6395350962b3a75b37d7be1274b3fee1cf02ff90","tx_count":2,"eth":{"value":"0.33143338289245083","dynamic":"0.33143338289245083"},"nft":{"value":4,"dynamic":4,"collections":[false,false,false,false,false,false,false],"collections2":{"89seconds":false,"artBlocks":false,"boredApes":false,"cryptoPunks":false,"ksoids":false,"meebits":true,"omnimorphs":false}}},"floor":0.117},{"timestamp":1635055998,"price":0.15,"block_number":13478533,"account":{"address":"0x34f4c9d0aceb6cfee6e6b4df8ad069ea4a4befb2","tx_count":125,"eth":{"value":"0.190926588932689999","dynamic":"-0.182707304512581323"},"nft":{"value":36,"dynamic":31,"collections":[false,false,false,false,false,false,false],"collections2":{"89seconds":false,"artBlocks":false,"boredApes":false,"cryptoPunks":false,"ksoids":false,"meebits":false,"omnimorphs":true}}},"floor":0.138},{"timestamp":1637901595,"price":0.071,"block_number":13687701,"account":{"address":"0x6395350962b3a75b37d7be1274b3fee1cf02ff90","tx_count":7,"eth":{"value":"0.183051322340215392","dynamic":"0.183051322340215392"},"nft":{"value":6,"dynamic":6,"collections":[false,false,false,false,false,false,false],"collections2":{"89seconds":false,"artBlocks":false,"boredApes":false,"cryptoPunks":false,"ksoids":false,"meebits":true,"omnimorphs":false}}},"floor":0.07},{"timestamp":1638951243,"price":0.08,"block_number":13763717,"account":{"address":"0x34f4c9d0aceb6cfee6e6b4df8ad069ea4a4befb2","tx_count":141,"eth":{"value":"1.112635451910636004","dynamic":"-1.09012380659999813"},"nft":{"value":40,"dynamic":27,"collections":[false,false,false,false,false,false,false],"collections2":{"89seconds":false,"artBlocks":false,"boredApes":false,"cryptoPunks":false,"ksoids":false,"meebits":false,"omnimorphs":true}}},"floor":0.075},{"timestamp":1638954256,"price":0.08,"block_number":13763938,"account":{"address":"0x6395350962b3a75b37d7be1274b3fee1cf02ff90","tx_count":9,"eth":{"value":"0.01434665767059686","dynamic":"0.01434665767059686"},"nft":{"value":5,"dynamic":5,"collections":[false,false,false,false,false,false,false],"collections2":{"89seconds":false,"artBlocks":false,"boredApes":false,"cryptoPunks":false,"ksoids":false,"meebits":true,"omnimorphs":false}}},"floor":0.085}]}