{"uuid":"6f552df8-87a9-4de9-8eb2-8e7ef4b468d0","token_id":129,"color":4,"transactions":[{"timestamp":1634205994,"price":0.10301,"block_number":13415690,"account":{"address":"0x2102495a4f48659a23ab55a07bf6831c66732894","tx_count":77,"eth":{"value":"0.477625507759854029","dynamic":"0.448230652989155895"},"nft":{"value":48,"dynamic":47,"collections":[false,false,false,false,false,false,false],"collections2":{"89seconds":false,"artBlocks":false,"boredApes":false,"cryptoPunks":false,"ksoids":false,"meebits":false,"omnimorphs":false}}},"floor":0.10301},{"timestamp":1634210394,"price":0.29,"block_number":13416005,"account":{"address":"0x31992b19c40f2e472da5d39b167dc6fe952d3777","tx_count":993,"eth":{"value":"9.457201548661951765","dynamic":"7.153822535401853531"},"nft":{"value":208,"dynamic":48,"collections":[false,false,false,false,false,false,false],"collections2":{"89seconds":false,"artBlocks":false,"boredApes":false,"cryptoPunks":false,"ksoids":false,"meebits":false,"omnimorphs":false}}},"floor":0.10301},{"timestamp":1635175899,"price":0.148,"block_number":13487416,"account":{"address":"0xdd27c842d415da1ea952524745b98251b00e0fb9","tx_count":334,"eth":{"value":"3.350025302899048393","dynamic":"3.312537870158172615"},"nft":{"value":30,"dynamic":30,"collections":[false,false,false,false,false,false,false],"collections2":{"89seconds":false,"artBlocks":false,"boredApes":false,"cryptoPunks":false,"ksoids":false,"meebits":false,"omnimorphs":false}}},"floor":0.1233},{"timestamp":1636234875,"price":0.1,"block_number":13565427,"account":{"address":"0xdd27c842d415da1ea952524745b98251b00e0fb9","tx_count":343,"eth":{"value":"3.368544779656504436","dynamic":"3.342690600190692242"},"nft":{"value":27,"dynamic":27,"collections":[false,false,false,false,false,false,false],"collections2":{"89seconds":false,"artBlocks":false,"boredApes":false,"cryptoPunks":false,"ksoids":false,"meebits":false,"omnimorphs":false}}},"floor":0.05301},{"timestamp":1638106836,"price":0.1,"block_number":13702692,"account":{"address":"0xdd27c842d415da1ea952524745b98251b00e0fb9","tx_count":439,"eth":{"value":"0.991765014423425647","dynamic":"0.467648293267319678"},"nft":{"value":35,"dynamic":35,"collections":[false,false,false,false,false,false,false],"collections2":{"89seconds":false,"artBlocks":false,"boredApes":false,"cryptoPunks":false,"ksoids":false,"meebits":false,"omnimorphs":false}}},"floor":0.08},{"timestamp":1638488461,"price":0.08,"block_number":13730261,"account":{"address":"0xdd27c842d415da1ea952524745b98251b00e0fb9","tx_count":452,"eth":{"value":"1.908490679797748415","dynamic":"1.73089904383943151"},"nft":{"value":33,"dynamic":29,"collections":[false,false,false,false,false,false,false],"collections2":{"89seconds":false,"artBlocks":false,"boredApes":false,"cryptoPunks":false,"ksoids":false,"meebits":false,"omnimorphs":false}}},"floor":0.06},{"timestamp":1638514493,"price":0.08,"block_number":13732132,"account":{"address":"0xdd27c842d415da1ea952524745b98251b00e0fb9","tx_count":454,"eth":{"value":"1.808541080545544869","dynamic":"1.630949444587227964"},"nft":{"value":33,"dynamic":29,"collections":[false,false,false,false,false,false,false],"collections2":{"89seconds":false,"artBlocks":false,"boredApes":false,"cryptoPunks":false,"ksoids":false,"meebits":false,"omnimorphs":false}}},"floor":0.069}]}