{"uuid":"929cb89b-36e1-49f4-9e8d-eb6277155770","token_id":136,"color":4,"transactions":[{"timestamp":1634206011,"price":0.10301,"block_number":13415692,"account":{"address":"0xade336f3496452e5cb47a75649d14ca0823e7a11","tx_count":89,"eth":{"value":"0.02265492376270814","dynamic":"0.02265492376270814"},"nft":{"value":19,"dynamic":19,"collections":[false,false,false,false,false,false,false],"collections2":{"89seconds":false,"artBlocks":false,"boredApes":false,"cryptoPunks":false,"ksoids":false,"meebits":false,"omnimorphs":false}}},"floor":0.10301},{"timestamp":1634334877,"price":0.144,"block_number":13425145,"account":{"address":"0xafe422dba2983dabca3b47f303d78d5dc18c2c5c","tx_count":255,"eth":{"value":"0.118723357821610738","dynamic":"0.113570090727574791"},"nft":{"value":87,"dynamic":81,"collections":[false,false,false,false,false,false,false],"collections2":{"89seconds":false,"artBlocks":false,"boredApes":false,"cryptoPunks":false,"ksoids":false,"meebits":false,"omnimorphs":false}}},"floor":0.10301},{"timestamp":1635128847,"price":0.13,"block_number":13483892,"account":{"address":"0xff774311f43f318fc3dd05daa872891298be9f42","tx_count":5,"eth":{"value":"0.221048635434681389","dynamic":"0.221048635434681389"},"nft":{"value":3,"dynamic":3,"collections":[false,false,false,false,false,false,false],"collections2":{"89seconds":false,"artBlocks":false,"boredApes":false,"cryptoPunks":false,"ksoids":false,"meebits":false,"omnimorphs":false}}},"floor":0.13}]}