{"uuid":"a3cda326-696c-401d-b50e-0317f7f6e60d","token_id":135,"color":3,"transactions":[{"timestamp":1634206011,"price":0.10301,"block_number":13415692,"account":{"address":"0x69e9b4b733e8d3eeeff5e93915503980b23c2b2c","tx_count":104,"eth":{"value":"0.499132523817599984","dynamic":"0.420645398917599984"},"nft":{"value":15,"dynamic":15,"collections":[false,false,false,false,false,false,false],"collections2":{"89seconds":false,"artBlocks":false,"boredApes":false,"cryptoPunks":false,"ksoids":false,"meebits":false,"omnimorphs":false}}},"floor":0.10301},{"timestamp":1634281141,"price":0.3,"block_number":13421153,"account":{"address":"0x67cc642f32d724724765dbc40472a3d520b9e02a","tx_count":960,"eth":{"value":"9.591057806074989821","dynamic":"9.291191035294858777"},"nft":{"value":125,"dynamic":112,"collections":[false,false,false,false,false,false,false],"collections2":{"89seconds":false,"artBlocks":false,"boredApes":true,"cryptoPunks":false,"ksoids":false,"meebits":false,"omnimorphs":false}}},"floor":0.2},{"timestamp":1634281418,"price":0.33,"block_number":13421177,"account":{"address":"0x69e9b4b733e8d3eeeff5e93915503980b23c2b2c","tx_count":112,"eth":{"value":"0.452489089730547688","dynamic":"0.374001964830547688"},"nft":{"value":16,"dynamic":16,"collections":[false,false,false,false,false,false,false],"collections2":{"89seconds":false,"artBlocks":false,"boredApes":false,"cryptoPunks":false,"ksoids":false,"meebits":false,"omnimorphs":false}}},"floor":0.18000000000000002},{"timestamp":1635162720,"price":0.14,"block_number":13486417,"account":{"address":"0x67cc642f32d724724765dbc40472a3d520b9e02a","tx_count":1036,"eth":{"value":"3.854644236908751077","dynamic":"3.78158230081181778"},"nft":{"value":143,"dynamic":126,"collections":[false,false,false,false,false,false,false],"collections2":{"89seconds":false,"artBlocks":false,"boredApes":true,"cryptoPunks":false,"ksoids":false,"meebits":false,"omnimorphs":false}}},"floor":0.12411},{"timestamp":1635164393,"price":0.1639,"block_number":13486550,"account":{"address":"0x69e9b4b733e8d3eeeff5e93915503980b23c2b2c","tx_count":129,"eth":{"value":"0.233579379783422095","dynamic":"0.077151818124883183"},"nft":{"value":20,"dynamic":19,"collections":[false,false,false,false,false,false,false],"collections2":{"89seconds":false,"artBlocks":false,"boredApes":false,"cryptoPunks":false,"ksoids":false,"meebits":false,"omnimorphs":false}}},"floor":0.111699},{"timestamp":1636351141,"price":0.1,"block_number":13574085,"account":{"address":"0x67cc642f32d724724765dbc40472a3d520b9e02a","tx_count":1084,"eth":{"value":"7.437167454409759363","dynamic":"6.24335380004570582"},"nft":{"value":139,"dynamic":120,"collections":[false,false,false,false,false,false,false],"collections2":{"89seconds":false,"artBlocks":false,"boredApes":true,"cryptoPunks":false,"ksoids":false,"meebits":false,"omnimorphs":false}}},"floor":0.07301},{"timestamp":1636366773,"price":0.12438,"block_number":13575191,"account":{"address":"0x69e9b4b733e8d3eeeff5e93915503980b23c2b2c","tx_count":143,"eth":{"value":"0.215726790753250512","dynamic":"-0.436508674212805445"},"nft":{"value":20,"dynamic":19,"collections":[false,false,false,false,false,false,false],"collections2":{"89seconds":false,"artBlocks":false,"boredApes":false,"cryptoPunks":false,"ksoids":false,"meebits":false,"omnimorphs":false}}},"floor":0.07301}]}