{"uuid":"c7189a46-cf72-44fa-8139-b779002ab074","token_id":132,"color":0,"transactions":[{"timestamp":1634205994,"price":0.10301,"block_number":13415690,"account":{"address":"0x1f4a4ff3181ed0bf2645aa4e4509ea1c5e9c5e68","tx_count":9,"eth":{"value":"0.308376066135361921","dynamic":"0.308376066135361921"},"nft":{"value":2,"dynamic":2,"collections":[false,false,false,false,false,false,false],"collections2":{"89seconds":false,"artBlocks":false,"boredApes":false,"cryptoPunks":false,"ksoids":false,"meebits":false,"omnimorphs":false}}},"floor":0.10301},{"timestamp":1634854115,"price":0.12,"block_number":13463601,"account":{"address":"0x632c8bf984bdfb9ea73f69052af23bd47db8fb81","tx_count":107,"eth":{"value":"1.467933488297152031","dynamic":"1.467933488297152031"},"nft":{"value":8,"dynamic":8,"collections":[false,false,false,false,false,false,false],"collections2":{"89seconds":false,"artBlocks":false,"boredApes":false,"cryptoPunks":false,"ksoids":false,"meebits":false,"omnimorphs":false}}},"floor":0.122},{"timestamp":1634854353,"price":0.12,"block_number":13463618,"account":{"address":"0x52e14e8dfc87e8875ce5e9a94019f497b82b3e01","tx_count":697,"eth":{"value":"1.269343638929186745","dynamic":"1.267195928966358532"},"nft":{"value":164,"dynamic":163,"collections":[false,false,false,false,false,false,false],"collections2":{"89seconds":false,"artBlocks":false,"boredApes":false,"cryptoPunks":false,"ksoids":false,"meebits":false,"omnimorphs":false}}},"floor":0.122},{"timestamp":1634854476,"price":0.12,"block_number":13463628,"account":{"address":"0x632c8bf984bdfb9ea73f69052af23bd47db8fb81","tx_count":109,"eth":{"value":"1.421028639185967045","dynamic":"1.421028639185967045"},"nft":{"value":7,"dynamic":7,"collections":[false,false,false,false,false,false,false],"collections2":{"89seconds":false,"artBlocks":false,"boredApes":false,"cryptoPunks":false,"ksoids":false,"meebits":false,"omnimorphs":false}}},"floor":0.122},{"timestamp":1634854582,"price":0.12,"block_number":13463638,"account":{"address":"0x52e14e8dfc87e8875ce5e9a94019f497b82b3e01","tx_count":699,"eth":{"value":"1.227172848765122511","dynamic":"1.225025138802294298"},"nft":{"value":165,"dynamic":164,"collections":[false,false,false,false,false,false,false],"collections2":{"89seconds":false,"artBlocks":false,"boredApes":false,"cryptoPunks":false,"ksoids":false,"meebits":false,"omnimorphs":false}}},"floor":0.122},{"timestamp":1634854733,"price":0.12,"block_number":13463657,"account":{"address":"0x632c8bf984bdfb9ea73f69052af23bd47db8fb81","tx_count":111,"eth":{"value":"1.379455950656788202","dynamic":"1.379455950656788202"},"nft":{"value":8,"dynamic":8,"collections":[false,false,false,false,false,false,false],"collections2":{"89seconds":false,"artBlocks":false,"boredApes":false,"cryptoPunks":false,"ksoids":false,"meebits":false,"omnimorphs":false}}},"floor":0.1098},{"timestamp":1634854922,"price":0.12,"block_number":13463672,"account":{"address":"0x52e14e8dfc87e8875ce5e9a94019f497b82b3e01","tx_count":701,"eth":{"value":"1.187806486747820592","dynamic":"1.185658776784992379"},"nft":{"value":164,"dynamic":163,"collections":[false,false,false,false,false,false,false],"collections2":{"89seconds":false,"artBlocks":false,"boredApes":false,"cryptoPunks":false,"ksoids":false,"meebits":false,"omnimorphs":false}}},"floor":0.1098}]}