{"uuid":"6796c030-1b57-413e-89c0-32aed67042c1","token_id":137,"color":1,"transactions":[{"timestamp":1634206011,"price":0.10301,"block_number":13415692,"account":{"address":"0xade336f3496452e5cb47a75649d14ca0823e7a11","tx_count":89,"eth":{"value":"0.02265492376270814","dynamic":"0.02265492376270814"},"nft":{"value":19,"dynamic":19,"collections":[false,false,false,false,false,false,false],"collections2":{"89seconds":false,"artBlocks":false,"boredApes":false,"cryptoPunks":false,"ksoids":false,"meebits":false,"omnimorphs":false}}},"floor":0.10301},{"timestamp":1634784490,"price":0.128,"block_number":13458440,"account":{"address":"0x2114787de0b743bc11c9ba6ded3abf8c9b336271","tx_count":19,"eth":{"value":"0.057228074784629614","dynamic":"0.057228074784629614"},"nft":{"value":10,"dynamic":10,"collections":[false,false,false,false,false,false,false],"collections2":{"89seconds":false,"artBlocks":false,"boredApes":false,"cryptoPunks":false,"ksoids":false,"meebits":false,"omnimorphs":false}}},"floor":0.10301}]}