{"uuid":"673a11d7-154d-4476-8d72-ef7c3f2310af","token_id":139,"color":1,"transactions":[{"timestamp":1634206011,"price":0.10301,"block_number":13415692,"account":{"address":"0x42a37ea4da067540297192b5a86b76f59c3fa591","tx_count":23,"eth":{"value":"0.021228247838808139","dynamic":"-0.379311423161191861"},"nft":{"value":5,"dynamic":5,"collections":[false,false,false,false,false,false,false],"collections2":{"89seconds":false,"artBlocks":false,"boredApes":false,"cryptoPunks":false,"ksoids":false,"meebits":false,"omnimorphs":false}}},"floor":0.10301},{"timestamp":1634217407,"price":0.29,"block_number":13416523,"account":{"address":"0xb6321c5e3d0a97b8d4218bc15ec95bd8d1f7d639","tx_count":578,"eth":{"value":"107.753649675292456404","dynamic":"107.753649675292456404"},"nft":{"value":457,"dynamic":457,"collections":[false,false,false,false,false,false,false],"collections2":{"89seconds":false,"artBlocks":false,"boredApes":false,"cryptoPunks":false,"ksoids":false,"meebits":false,"omnimorphs":false}}},"floor":0.10301}]}