{"uuid":"e843e873-6aaf-4a07-92cc-cbcd3c586494","token_id":130,"color":4,"transactions":[{"timestamp":1634205994,"price":0.10301,"block_number":13415690,"account":{"address":"0x6d66273ff88394e5bec2ce1e9779f44901469449","tx_count":62,"eth":{"value":"0.860887275669430892","dynamic":"0.860887275669430892"},"nft":{"value":12,"dynamic":12,"collections":[false,false,false,false,false,false,false],"collections2":{"89seconds":false,"artBlocks":false,"boredApes":false,"cryptoPunks":false,"ksoids":false,"meebits":false,"omnimorphs":false}}},"floor":0.10301},{"timestamp":1634211898,"price":0.239,"block_number":13416120,"account":{"address":"0xff301f3b4a51a1948ae021c77379d5dd56f1377d","tx_count":736,"eth":{"value":"8.467407054597213615","dynamic":"6.445608780103821028"},"nft":{"value":117,"dynamic":32,"collections":[false,false,false,false,false,false,false],"collections2":{"89seconds":false,"artBlocks":false,"boredApes":false,"cryptoPunks":false,"ksoids":false,"meebits":false,"omnimorphs":false}}},"floor":0.10301},{"timestamp":1634487500,"price":0.4,"block_number":13436443,"account":{"address":"0x0cec743b8ce4ef8802cac0e5df18a180ed8402a7","tx_count":1207,"eth":{"value":"19.624783027751717842","dynamic":"-5.22771246682178889"},"nft":{"value":41,"dynamic":35,"collections":[false,false,false,false,false,false,false],"collections2":{"89seconds":false,"artBlocks":false,"boredApes":false,"cryptoPunks":false,"ksoids":false,"meebits":false,"omnimorphs":false}}},"floor":0.1799},{"timestamp":1634915916,"price":0.132,"block_number":13468161,"account":{"address":"0xb3e08599ac57666be68dbb3d311b9c607900a83b","tx_count":1937,"eth":{"value":"372.975184614489697","dynamic":"372.75597330518161304"},"nft":{"value":135,"dynamic":98,"collections":[false,false,false,false,false,false,false],"collections2":{"89seconds":true,"artBlocks":false,"boredApes":false,"cryptoPunks":true,"ksoids":false,"meebits":true,"omnimorphs":true}}},"floor":0.11421000000000002},{"timestamp":1634922234,"price":0.15,"block_number":13468628,"account":{"address":"0x0cec743b8ce4ef8802cac0e5df18a180ed8402a7","tx_count":1283,"eth":{"value":"106.80583655825358472","dynamic":"81.98376204146007798"},"nft":{"value":65,"dynamic":59,"collections":[false,false,false,false,false,false,false],"collections2":{"89seconds":true,"artBlocks":false,"boredApes":true,"cryptoPunks":false,"ksoids":false,"meebits":false,"omnimorphs":false}}},"floor":0.13},{"timestamp":1635086166,"price":0.155,"block_number":13480753,"account":{"address":"0xb3e08599ac57666be68dbb3d311b9c607900a83b","tx_count":1973,"eth":{"value":"370.26530693446843223","dynamic":"370.2180289820544544"},"nft":{"value":159,"dynamic":113,"collections":[false,false,false,false,false,false,false],"collections2":{"89seconds":true,"artBlocks":false,"boredApes":false,"cryptoPunks":true,"ksoids":false,"meebits":true,"omnimorphs":true}}},"floor":0.1341},{"timestamp":1635088001,"price":0.155,"block_number":13480878,"account":{"address":"0x0cec743b8ce4ef8802cac0e5df18a180ed8402a7","tx_count":1343,"eth":{"value":"110.583153946918889596","dynamic":"85.776394370125382864"},"nft":{"value":100,"dynamic":94,"collections":[false,false,false,false,false,false,false],"collections2":{"89seconds":true,"artBlocks":false,"boredApes":true,"cryptoPunks":true,"ksoids":true,"meebits":true,"omnimorphs":false}}},"floor":0.1341}]}