{"uuid":"674db7f5-f690-4262-a495-46d038680ab7","token_id":138,"color":5,"transactions":[{"timestamp":1634206011,"price":0.10301,"block_number":13415692,"account":{"address":"0xade336f3496452e5cb47a75649d14ca0823e7a11","tx_count":89,"eth":{"value":"0.02265492376270814","dynamic":"0.02265492376270814"},"nft":{"value":19,"dynamic":19,"collections":[false,false,false,false,false,false,false],"collections2":{"89seconds":false,"artBlocks":false,"boredApes":false,"cryptoPunks":false,"ksoids":false,"meebits":false,"omnimorphs":false}}},"floor":0.10301},{"timestamp":1634752782,"price":0.128,"block_number":13456071,"account":{"address":"0xc35a5fec6be6957899e15559be252db882220b37","tx_count":29077,"eth":{"value":"29.941157999954308957","dynamic":"-13.138603165727062483"},"nft":{"value":6639,"dynamic":617,"collections":[false,false,false,false,false,false,false],"collections2":{"89seconds":false,"artBlocks":true,"boredApes":false,"cryptoPunks":false,"ksoids":true,"meebits":true,"omnimorphs":true}}},"floor":0.12150000000000001}]}