{"uuid":"dd85d2ff-7faa-41cf-b146-e1c3391bc20d","token_id":133,"color":2,"transactions":[{"timestamp":1634206011,"price":0.10301,"block_number":13415692,"account":{"address":"0xb99eae4b1fb07880896ab975534869bcddea35e0","tx_count":409,"eth":{"value":"5.876492930385012719","dynamic":"5.876492930385012719"},"nft":{"value":204,"dynamic":204,"collections":[false,false,false,false,false,false,false],"collections2":{"89seconds":false,"artBlocks":false,"boredApes":false,"cryptoPunks":false,"ksoids":false,"meebits":false,"omnimorphs":false}}},"floor":0.10301},{"timestamp":1634428549,"price":0.1999,"block_number":13432124,"account":{"address":"0xd15d558cb022566ce7c291d1f229420bca842349","tx_count":173,"eth":{"value":"0.280465390063413658","dynamic":"0.280465390063413658"},"nft":{"value":44,"dynamic":44,"collections":[false,false,false,false,false,false,false],"collections2":{"89seconds":false,"artBlocks":false,"boredApes":false,"cryptoPunks":false,"ksoids":false,"meebits":false,"omnimorphs":false}}},"floor":0.10301},{"timestamp":1634908424,"price":0.1269,"block_number":13467621,"account":{"address":"0xb95d9a04683188dc2b04a5529e5ad55f7d88f096","tx_count":53,"eth":{"value":"0.065512943323927511","dynamic":"0.010544689323927511"},"nft":{"value":17,"dynamic":17,"collections":[false,false,false,false,false,false,false],"collections2":{"89seconds":false,"artBlocks":false,"boredApes":false,"cryptoPunks":false,"ksoids":false,"meebits":false,"omnimorphs":false}}},"floor":0.12}]}