{"uuid":"34ddf345-75b9-4cd7-a882-756414d38490","token_id":134,"color":0,"transactions":[{"timestamp":1634206011,"price":0.10301,"block_number":13415692,"account":{"address":"0x69e9b4b733e8d3eeeff5e93915503980b23c2b2c","tx_count":104,"eth":{"value":"0.499132523817599984","dynamic":"0.420645398917599984"},"nft":{"value":15,"dynamic":15,"collections":[false,false,false,false,false,false,false],"collections2":{"89seconds":false,"artBlocks":false,"boredApes":false,"cryptoPunks":false,"ksoids":false,"meebits":false,"omnimorphs":false}}},"floor":0.10301},{"timestamp":1634926084,"price":0.2,"block_number":13468926,"account":{"address":"0xb67d58cffae63a95fb380b952e65b1a8eac44d0b","tx_count":1376,"eth":{"value":"0.91851039719981251","dynamic":"-1.546938528115141271"},"nft":{"value":806,"dynamic":588,"collections":[false,false,false,false,false,false,false],"collections2":{"89seconds":false,"artBlocks":false,"boredApes":false,"cryptoPunks":false,"ksoids":false,"meebits":true,"omnimorphs":false}}},"floor":0.13},{"timestamp":1634932217,"price":0.24,"block_number":13469390,"account":{"address":"0x69e9b4b733e8d3eeeff5e93915503980b23c2b2c","tx_count":125,"eth":{"value":"1.076588878088312178","dynamic":"0.920161316429773266"},"nft":{"value":19,"dynamic":18,"collections":[false,false,false,false,false,false,false],"collections2":{"89seconds":false,"artBlocks":false,"boredApes":false,"cryptoPunks":false,"ksoids":false,"meebits":false,"omnimorphs":false}}},"floor":0.117},{"timestamp":1636094317,"price":0.089,"block_number":13555042,"account":{"address":"0xaa39aa490354317e0df0c326dcf6cacf82b76f69","tx_count":7,"eth":{"value":"4.742537089677646478","dynamic":"4.742537089677646478"},"nft":{"value":5,"dynamic":5,"collections":[false,false,false,false,false,false,false],"collections2":{"89seconds":false,"artBlocks":false,"boredApes":false,"cryptoPunks":false,"ksoids":false,"meebits":false,"omnimorphs":false}}},"floor":0.05301}]}