{"uuid":"e80e7d91-235e-4ba5-827f-f22132087007","token_id":131,"color":5,"transactions":[{"timestamp":1634205994,"price":0.10301,"block_number":13415690,"account":{"address":"0x6d66273ff88394e5bec2ce1e9779f44901469449","tx_count":62,"eth":{"value":"0.860887275669430892","dynamic":"0.860887275669430892"},"nft":{"value":12,"dynamic":12,"collections":[false,false,false,false,false,false,false],"collections2":{"89seconds":false,"artBlocks":false,"boredApes":false,"cryptoPunks":false,"ksoids":false,"meebits":false,"omnimorphs":false}}},"floor":0.10301},{"timestamp":1634216557,"price":0.22,"block_number":13416459,"account":{"address":"0x63d4a56624a4b24dde2f7be35586ce637850010a","tx_count":372,"eth":{"value":"2.465835108351461786","dynamic":"1.955479225007688245"},"nft":{"value":57,"dynamic":57,"collections":[false,false,false,false,false,false,false],"collections2":{"89seconds":false,"artBlocks":false,"boredApes":false,"cryptoPunks":false,"ksoids":false,"meebits":false,"omnimorphs":false}}},"floor":0.10301},{"timestamp":1634481497,"price":0.176,"block_number":13436005,"account":{"address":"0x7e86d59a71189cce55f692b14ef4bed389ab2712","tx_count":1060,"eth":{"value":"1.966221167311636575","dynamic":"1.256662532754215196"},"nft":{"value":19,"dynamic":12,"collections":[false,false,false,false,false,false,false],"collections2":{"89seconds":false,"artBlocks":false,"boredApes":false,"cryptoPunks":false,"ksoids":false,"meebits":false,"omnimorphs":false}}},"floor":0.1799},{"timestamp":1634487664,"price":0.18,"block_number":13436454,"account":{"address":"0x8f8b4759dc93ca55bd6997df719f20f581f10f5c","tx_count":1498,"eth":{"value":"2.68077479967730228","dynamic":"1.714294281886817559"},"nft":{"value":705,"dynamic":688,"collections":[false,false,false,false,false,false,false],"collections2":{"89seconds":false,"artBlocks":false,"boredApes":false,"cryptoPunks":false,"ksoids":false,"meebits":false,"omnimorphs":false}}},"floor":0.1799},{"timestamp":1634557048,"price":0.16,"block_number":13441591,"account":{"address":"0x63d4a56624a4b24dde2f7be35586ce637850010a","tx_count":411,"eth":{"value":"1.481273729272406961","dynamic":"0.97091784592863342"},"nft":{"value":66,"dynamic":66,"collections":[false,false,false,false,false,false,false],"collections2":{"89seconds":false,"artBlocks":false,"boredApes":false,"cryptoPunks":false,"ksoids":false,"meebits":false,"omnimorphs":false}}},"floor":0.10301},{"timestamp":1634575085,"price":0.15,"block_number":13442934,"account":{"address":"0x7e86d59a71189cce55f692b14ef4bed389ab2712","tx_count":1078,"eth":{"value":"1.516426128512284352","dynamic":"0.806867493954862973"},"nft":{"value":25,"dynamic":18,"collections":[false,false,false,false,false,false,false],"collections2":{"89seconds":false,"artBlocks":false,"boredApes":false,"cryptoPunks":false,"ksoids":false,"meebits":false,"omnimorphs":false}}},"floor":0.148}]}