{"uuid":"71b4b216-a7c3-4dfa-9292-1964e6d90407","token_id":142,"color":4,"transactions":[{"timestamp":1634206011,"price":0.10301,"block_number":13415692,"account":{"address":"0xb5e61457dd6ecca692ed28354c7780a8f73aaf11","tx_count":27,"eth":{"value":"1.430441697239847919","dynamic":"1.430441697239847919"},"nft":{"value":7,"dynamic":7,"collections":[false,false,false,false,false,false,false],"collections2":{"89seconds":false,"artBlocks":false,"boredApes":false,"cryptoPunks":false,"ksoids":false,"meebits":false,"omnimorphs":false}}},"floor":0.10301},{"timestamp":1634423495,"price":0.24,"block_number":13431748,"account":{"address":"0xd15d558cb022566ce7c291d1f229420bca842349","tx_count":170,"eth":{"value":"0.774147585231671131","dynamic":"0.774147585231671131"},"nft":{"value":44,"dynamic":44,"collections":[false,false,false,false,false,false,false],"collections2":{"89seconds":false,"artBlocks":false,"boredApes":false,"cryptoPunks":false,"ksoids":false,"meebits":false,"omnimorphs":false}}},"floor":0.10301},{"timestamp":1635037339,"price":0.146,"block_number":13477148,"account":{"address":"0x4f9b2f8f0482b24dfe8969e7e51d4c07b8cfeeb6","tx_count":50,"eth":{"value":"0.241118369409430361","dynamic":"0.241118369409430361"},"nft":{"value":17,"dynamic":17,"collections":[false,false,false,false,false,false,false],"collections2":{"89seconds":false,"artBlocks":false,"boredApes":false,"cryptoPunks":false,"ksoids":false,"meebits":false,"omnimorphs":false}}},"floor":0.11178000000000002},{"timestamp":1635088521,"price":0.212,"block_number":13480914,"account":{"address":"0x9daea748b52acd41e055fbb7e3985625f080b7a7","tx_count":257,"eth":{"value":"0.042256501301934711","dynamic":"0.042256501301934711"},"nft":{"value":73,"dynamic":73,"collections":[false,false,false,false,false,false,false],"collections2":{"89seconds":false,"artBlocks":false,"boredApes":false,"cryptoPunks":false,"ksoids":false,"meebits":false,"omnimorphs":false}}},"floor":0.1341},{"timestamp":1635125107,"price":0.13,"block_number":13483625,"account":{"address":"0x424880778c4b111026b7ce38bb1f8c360805b5d2","tx_count":4,"eth":{"value":"0.019712374545233319","dynamic":"0.019712374545233319"},"nft":{"value":1,"dynamic":1,"collections":[false,false,false,false,false,false,false],"collections2":{"89seconds":false,"artBlocks":false,"boredApes":false,"cryptoPunks":false,"ksoids":false,"meebits":false,"omnimorphs":false}}},"floor":0.12060900000000002},{"timestamp":1635161369,"price":0.138,"block_number":13486331,"account":{"address":"0x9daea748b52acd41e055fbb7e3985625f080b7a7","tx_count":261,"eth":{"value":"0.007575024922977984","dynamic":"0.007575024922977984"},"nft":{"value":73,"dynamic":73,"collections":[false,false,false,false,false,false,false],"collections2":{"89seconds":false,"artBlocks":false,"boredApes":false,"cryptoPunks":false,"ksoids":false,"meebits":false,"omnimorphs":false}}},"floor":0.1379},{"timestamp":1635223394,"price":0.15,"block_number":13490931,"account":{"address":"0x9daea748b52acd41e055fbb7e3985625f080b7a7","tx_count":265,"eth":{"value":"0.298320662982880001","dynamic":"0.298320662982880001"},"nft":{"value":73,"dynamic":73,"collections":[false,false,false,false,false,false,false],"collections2":{"89seconds":false,"artBlocks":false,"boredApes":false,"cryptoPunks":false,"ksoids":false,"meebits":false,"omnimorphs":false}}},"floor":0.1305}]}