{"uuid":"25db63f7-82e8-426b-a2bf-1c2f1ceade65","token_id":148,"color":4,"transactions":[{"timestamp":1634206011,"price":0.10301,"block_number":13415692,"account":{"address":"0x5edea80ae04c8e28e2b39f146a5fb6a81cea3247","tx_count":32,"eth":{"value":"0.059058137136128337","dynamic":"0.059058137136128337"},"nft":{"value":7,"dynamic":7,"collections":[false,false,false,false,false,false,false],"collections2":{"89seconds":false,"artBlocks":false,"boredApes":false,"cryptoPunks":false,"ksoids":false,"meebits":false,"omnimorphs":true}}},"floor":0.10301},{"timestamp":1634290233,"price":0.1999,"block_number":13421858,"account":{"address":"0x1a560d6828e032416350e81bc37b653d9c58e480","tx_count":133,"eth":{"value":"58.646919325569170145","dynamic":"58.63856467256916985"},"nft":{"value":61,"dynamic":55,"collections":[false,false,false,false,false,false,false],"collections2":{"89seconds":false,"artBlocks":false,"boredApes":false,"cryptoPunks":false,"ksoids":false,"meebits":false,"omnimorphs":false}}},"floor":0.10301},{"timestamp":1640698597,"price":0.07,"block_number":13894039,"account":{"address":"0x62174469ab600a7c3add4a2c7a7ca938a811ef46","tx_count":18,"eth":{"value":"154.30409879261811569","dynamic":"-6.141727511236667318"},"nft":{"value":42,"dynamic":41,"collections":[false,false,false,false,false,false,false],"collections2":{"89seconds":false,"artBlocks":false,"boredApes":false,"cryptoPunks":true,"ksoids":false,"meebits":false,"omnimorphs":false}}},"floor":0.05},{"timestamp":1640939676,"price":0.05,"block_number":13912108,"account":{"address":"0x1a560d6828e032416350e81bc37b653d9c58e480","tx_count":197,"eth":{"value":"48.419321677973753436","dynamic":"-19.303002021667404739"},"nft":{"value":44,"dynamic":36,"collections":[false,false,false,false,false,false,false],"collections2":{"89seconds":false,"artBlocks":false,"boredApes":false,"cryptoPunks":true,"ksoids":false,"meebits":false,"omnimorphs":false}}},"floor":0.044},{"timestamp":1640946165,"price":0.05,"block_number":13912576,"account":{"address":"0x62174469ab600a7c3add4a2c7a7ca938a811ef46","tx_count":27,"eth":{"value":"152.74647049222265831","dynamic":"-7.699355811632124698"},"nft":{"value":66,"dynamic":65,"collections":[false,false,false,false,false,false,false],"collections2":{"89seconds":false,"artBlocks":false,"boredApes":false,"cryptoPunks":true,"ksoids":false,"meebits":false,"omnimorphs":false}}},"floor":0.045},{"timestamp":1640970700,"price":0.05333333333333333,"block_number":13914373,"account":{"address":"0x1a560d6828e032416350e81bc37b653d9c58e480","tx_count":198,"eth":{"value":"47.99216057095238706","dynamic":"-19.730163128688771115"},"nft":{"value":58,"dynamic":50,"collections":[false,false,false,false,false,false,false],"collections2":{"89seconds":false,"artBlocks":false,"boredApes":false,"cryptoPunks":true,"ksoids":false,"meebits":false,"omnimorphs":false}}},"floor":0.05},{"timestamp":1640982741,"price":0.07142857142857142,"block_number":13915251,"account":{"address":"0x62174469ab600a7c3add4a2c7a7ca938a811ef46","tx_count":29,"eth":{"value":"152.94259996050566726","dynamic":"-7.503226343349115752"},"nft":{"value":63,"dynamic":62,"collections":[false,false,false,false,false,false,false],"collections2":{"89seconds":false,"artBlocks":false,"boredApes":false,"cryptoPunks":true,"ksoids":true,"meebits":false,"omnimorphs":false}}},"floor":0.04}]}