{"uuid":"cfba2681-f8e2-40bb-8df4-4c3aa8dfc9bb","token_id":144,"color":4,"transactions":[{"timestamp":1634206011,"price":0.10301,"block_number":13415692,"account":{"address":"0x3902e68f7bc7cd443f159ca23f651cc4be018a96","tx_count":540,"eth":{"value":"0.100822824263432724","dynamic":"0.024045005702485817"},"nft":{"value":251,"dynamic":249,"collections":[false,false,false,false,false,false,false],"collections2":{"89seconds":false,"artBlocks":false,"boredApes":false,"cryptoPunks":false,"ksoids":false,"meebits":false,"omnimorphs":false}}},"floor":0.10301},{"timestamp":1634418569,"price":0.199,"block_number":13431363,"account":{"address":"0xe7bd51dc30d4bdc9fddd42ea7c0a283590c9d416","tx_count":1661,"eth":{"value":"1.026143934701090093","dynamic":"0.768061382326090093"},"nft":{"value":376,"dynamic":304,"collections":[false,false,false,false,false,false,false],"collections2":{"89seconds":false,"artBlocks":false,"boredApes":false,"cryptoPunks":false,"ksoids":false,"meebits":false,"omnimorphs":false}}},"floor":0.10301},{"timestamp":1635011914,"price":0.15,"block_number":13475282,"account":{"address":"0x0ec364efccb98ed3656c280a816631c1663ef0ba","tx_count":430,"eth":{"value":"1.114081941216308723","dynamic":"1.103244722990980158"},"nft":{"value":125,"dynamic":124,"collections":[false,false,false,false,false,false,false],"collections2":{"89seconds":false,"artBlocks":false,"boredApes":false,"cryptoPunks":false,"ksoids":false,"meebits":false,"omnimorphs":false}}},"floor":0.12600000000000003},{"timestamp":1635012066,"price":0.2,"block_number":13475289,"account":{"address":"0xe7bd51dc30d4bdc9fddd42ea7c0a283590c9d416","tx_count":1720,"eth":{"value":"0.05471151271828602","dynamic":"-0.345288728520870454"},"nft":{"value":408,"dynamic":336,"collections":[false,false,false,false,false,false,false],"collections2":{"89seconds":false,"artBlocks":false,"boredApes":false,"cryptoPunks":false,"ksoids":false,"meebits":false,"omnimorphs":false}}},"floor":0.14}]}