{"uuid":"194e62c7-7afc-4218-a1ab-8fa67074dc63","token_id":147,"color":2,"transactions":[{"timestamp":1634206011,"price":0.10301,"block_number":13415692,"account":{"address":"0x5edea80ae04c8e28e2b39f146a5fb6a81cea3247","tx_count":32,"eth":{"value":"0.059058137136128337","dynamic":"0.059058137136128337"},"nft":{"value":7,"dynamic":7,"collections":[false,false,false,false,false,false,false],"collections2":{"89seconds":false,"artBlocks":false,"boredApes":false,"cryptoPunks":false,"ksoids":false,"meebits":false,"omnimorphs":true}}},"floor":0.10301},{"timestamp":1634206372,"price":0.35,"block_number":13415723,"account":{"address":"0x274a434f95cfe49702df41022f2fdb629267f3c8","tx_count":655,"eth":{"value":"1.055629751083477606","dynamic":"1.000514112637577504"},"nft":{"value":162,"dynamic":139,"collections":[false,false,false,false,false,false,false],"collections2":{"89seconds":false,"artBlocks":false,"boredApes":false,"cryptoPunks":false,"ksoids":false,"meebits":false,"omnimorphs":false}}},"floor":0.10301},{"timestamp":1634903351,"price":0.01,"block_number":13467231,"account":{"address":"0x8cd743d534b2a559465bbb7d2f9be4f848054bce","tx_count":5,"eth":{"value":"0.080173678023622368","dynamic":"0.080173678023622368"},"nft":{"value":1,"dynamic":1,"collections":[false,false,false,false,false,false,false],"collections2":{"89seconds":false,"artBlocks":false,"boredApes":false,"cryptoPunks":false,"ksoids":false,"meebits":false,"omnimorphs":false}}},"floor":0.108},{"timestamp":1634903707,"price":0.01,"block_number":13467251,"account":{"address":"0x274a434f95cfe49702df41022f2fdb629267f3c8","tx_count":682,"eth":{"value":"1.015195555602879906","dynamic":"1.002925689893199267"},"nft":{"value":170,"dynamic":147,"collections":[false,false,false,false,false,false,false],"collections2":{"89seconds":false,"artBlocks":false,"boredApes":false,"cryptoPunks":false,"ksoids":false,"meebits":false,"omnimorphs":false}}},"floor":0.108},{"timestamp":1634904014,"price":0.011,"block_number":13467281,"account":{"address":"0x8cd743d534b2a559465bbb7d2f9be4f848054bce","tx_count":8,"eth":{"value":"0.043865631680321365","dynamic":"0.043865631680321365"},"nft":{"value":1,"dynamic":1,"collections":[false,false,false,false,false,false,false],"collections2":{"89seconds":false,"artBlocks":false,"boredApes":false,"cryptoPunks":false,"ksoids":false,"meebits":false,"omnimorphs":false}}},"floor":0.12},{"timestamp":1634904201,"price":0.02,"block_number":13467298,"account":{"address":"0x274a434f95cfe49702df41022f2fdb629267f3c8","tx_count":683,"eth":{"value":"0.996045955650357502","dynamic":"0.983776089940676863"},"nft":{"value":169,"dynamic":146,"collections":[false,false,false,false,false,false,false],"collections2":{"89seconds":false,"artBlocks":false,"boredApes":false,"cryptoPunks":false,"ksoids":false,"meebits":false,"omnimorphs":false}}},"floor":0.108},{"timestamp":1634904367,"price":0.01,"block_number":13467312,"account":{"address":"0x8cd743d534b2a559465bbb7d2f9be4f848054bce","tx_count":9,"eth":{"value":"0.043227802080241353","dynamic":"0.043227802080241353"},"nft":{"value":2,"dynamic":2,"collections":[false,false,false,false,false,false,false],"collections2":{"89seconds":false,"artBlocks":false,"boredApes":false,"cryptoPunks":false,"ksoids":false,"meebits":false,"omnimorphs":false}}},"floor":0.12}]}