{"uuid":"7735f108-113e-4207-aee0-11bacaa8d3f4","token_id":146,"color":4,"transactions":[{"timestamp":1634206011,"price":0.10301,"block_number":13415692,"account":{"address":"0x3c28c42b24b7909c8292920929f083f60c4997a6","tx_count":1335,"eth":{"value":"0.622907406395207202","dynamic":"-5.766941932568027003"},"nft":{"value":37,"dynamic":37,"collections":[false,false,false,false,false,false,false],"collections2":{"89seconds":true,"artBlocks":false,"boredApes":false,"cryptoPunks":false,"ksoids":false,"meebits":false,"omnimorphs":false}}},"floor":0.10301}]}