{"uuid":"d7fedfac-0c58-4dc7-abef-7c89d61a9bec","token_id":145,"color":2,"transactions":[{"timestamp":1634206011,"price":0.10301,"block_number":13415692,"account":{"address":"0x3902e68f7bc7cd443f159ca23f651cc4be018a96","tx_count":540,"eth":{"value":"0.100822824263432724","dynamic":"0.024045005702485817"},"nft":{"value":251,"dynamic":249,"collections":[false,false,false,false,false,false,false],"collections2":{"89seconds":false,"artBlocks":false,"boredApes":false,"cryptoPunks":false,"ksoids":false,"meebits":false,"omnimorphs":false}}},"floor":0.10301},{"timestamp":1634415405,"price":0.199,"block_number":13431128,"account":{"address":"0x4b5ed88628f9f935c8469399db757b9be3ebde50","tx_count":269,"eth":{"value":"8.689757746564801373","dynamic":"5.998827453064801373"},"nft":{"value":46,"dynamic":46,"collections":[false,false,false,false,false,false,false],"collections2":{"89seconds":false,"artBlocks":false,"boredApes":false,"cryptoPunks":false,"ksoids":false,"meebits":false,"omnimorphs":false}}},"floor":0.10301},{"timestamp":1635822805,"price":0.111,"block_number":13535167,"account":{"address":"0x6513b753670786367922fd32efbb6ce18abd3041","tx_count":390,"eth":{"value":"0.932674050639692775","dynamic":"0.668651640319075696"},"nft":{"value":189,"dynamic":117,"collections":[false,false,false,false,false,false,false],"collections2":{"89seconds":false,"artBlocks":false,"boredApes":true,"cryptoPunks":false,"ksoids":true,"meebits":true,"omnimorphs":false}}},"floor":0.05301},{"timestamp":1635855550,"price":0.091,"block_number":13537467,"account":{"address":"0xdaa5bacb610364edc81f7463426f8706bab83d0a","tx_count":15,"eth":{"value":"0.301841332623296846","dynamic":"0.301841332623296846"},"nft":{"value":3,"dynamic":3,"collections":[false,false,false,false,false,false,false],"collections2":{"89seconds":false,"artBlocks":false,"boredApes":true,"cryptoPunks":false,"ksoids":false,"meebits":false,"omnimorphs":false}}},"floor":0.05301},{"timestamp":1635861405,"price":0.1,"block_number":13537913,"account":{"address":"0x6513b753670786367922fd32efbb6ce18abd3041","tx_count":392,"eth":{"value":"0.570235576348500297","dynamic":"0.391889858027883218"},"nft":{"value":189,"dynamic":116,"collections":[false,false,false,false,false,false,false],"collections2":{"89seconds":false,"artBlocks":false,"boredApes":true,"cryptoPunks":false,"ksoids":true,"meebits":true,"omnimorphs":false}}},"floor":0.09},{"timestamp":1635904118,"price":0.1,"block_number":13541065,"account":{"address":"0xdaa5bacb610364edc81f7463426f8706bab83d0a","tx_count":16,"eth":{"value":"0.2689107754367735","dynamic":"0.2689107754367735"},"nft":{"value":3,"dynamic":3,"collections":[false,false,false,false,false,false,false],"collections2":{"89seconds":false,"artBlocks":false,"boredApes":true,"cryptoPunks":false,"ksoids":false,"meebits":false,"omnimorphs":false}}},"floor":0.05301},{"timestamp":1635905967,"price":0.1,"block_number":13541214,"account":{"address":"0x6513b753670786367922fd32efbb6ce18abd3041","tx_count":394,"eth":{"value":"0.460757543867308383","dynamic":"0.446885633546691304"},"nft":{"value":190,"dynamic":114,"collections":[false,false,false,false,false,false,false],"collections2":{"89seconds":false,"artBlocks":false,"boredApes":true,"cryptoPunks":false,"ksoids":true,"meebits":true,"omnimorphs":false}}},"floor":0.05301}]}