{"uuid":"8cebbd4e-632a-4a66-9304-673403df3cb0","token_id":141,"color":1,"transactions":[{"timestamp":1634206011,"price":0.10301,"block_number":13415692,"account":{"address":"0xb5e61457dd6ecca692ed28354c7780a8f73aaf11","tx_count":27,"eth":{"value":"1.430441697239847919","dynamic":"1.430441697239847919"},"nft":{"value":7,"dynamic":7,"collections":[false,false,false,false,false,false,false],"collections2":{"89seconds":false,"artBlocks":false,"boredApes":false,"cryptoPunks":false,"ksoids":false,"meebits":false,"omnimorphs":false}}},"floor":0.10301},{"timestamp":1634826938,"price":0.14,"block_number":13461589,"account":{"address":"0x5ec93f6a3526a30bfbaffcbd226c0063fea3a8bd","tx_count":84,"eth":{"value":"0.089967230129228871","dynamic":"0.089469610129228871"},"nft":{"value":40,"dynamic":37,"collections":[false,false,false,false,false,false,false],"collections2":{"89seconds":false,"artBlocks":false,"boredApes":false,"cryptoPunks":false,"ksoids":false,"meebits":false,"omnimorphs":false}}},"floor":0.12799},{"timestamp":1637302792,"price":0.094,"block_number":13644034,"account":{"address":"0x8027e2c148ec8e1ddeadce62d149d47b3bb8ac99","tx_count":6,"eth":{"value":"0.105660130290515016","dynamic":"0.105660130290515016"},"nft":{"value":3,"dynamic":3,"collections":[false,false,false,false,false,false,false],"collections2":{"89seconds":false,"artBlocks":false,"boredApes":false,"cryptoPunks":false,"ksoids":false,"meebits":false,"omnimorphs":false}}},"floor":0.094}]}