{"uuid":"7928312d-e44d-4cfe-8eeb-43d5735c4ad9","token_id":143,"color":3,"transactions":[{"timestamp":1634206011,"price":0.10301,"block_number":13415692,"account":{"address":"0xb5e61457dd6ecca692ed28354c7780a8f73aaf11","tx_count":27,"eth":{"value":"1.430441697239847919","dynamic":"1.430441697239847919"},"nft":{"value":7,"dynamic":7,"collections":[false,false,false,false,false,false,false],"collections2":{"89seconds":false,"artBlocks":false,"boredApes":false,"cryptoPunks":false,"ksoids":false,"meebits":false,"omnimorphs":false}}},"floor":0.10301},{"timestamp":1634209791,"price":0.34,"block_number":13415956,"account":{"address":"0x66d059a41d7238ad39acd1989a412afa826d600d","tx_count":14,"eth":{"value":"0.891582311664943479","dynamic":"-0.796129672102440856"},"nft":{"value":5,"dynamic":5,"collections":[false,false,false,false,false,false,false],"collections2":{"89seconds":false,"artBlocks":false,"boredApes":false,"cryptoPunks":false,"ksoids":false,"meebits":false,"omnimorphs":false}}},"floor":0.10301}]}