{"uuid":"289d1783-c4f0-4339-9bab-8f870c121ea3","token_id":149,"color":3,"transactions":[{"timestamp":1634206011,"price":0.10301,"block_number":13415692,"account":{"address":"0x5edea80ae04c8e28e2b39f146a5fb6a81cea3247","tx_count":32,"eth":{"value":"0.059058137136128337","dynamic":"0.059058137136128337"},"nft":{"value":7,"dynamic":7,"collections":[false,false,false,false,false,false,false],"collections2":{"89seconds":false,"artBlocks":false,"boredApes":false,"cryptoPunks":false,"ksoids":false,"meebits":false,"omnimorphs":true}}},"floor":0.10301}]}