{"uuid":"b65a4581-3e0d-487a-8ae5-34af65cec0ae","token_id":140,"color":3,"transactions":[{"timestamp":1634206011,"price":0.10301,"block_number":13415692,"account":{"address":"0x42a37ea4da067540297192b5a86b76f59c3fa591","tx_count":23,"eth":{"value":"0.021228247838808139","dynamic":"-0.379311423161191861"},"nft":{"value":5,"dynamic":5,"collections":[false,false,false,false,false,false,false],"collections2":{"89seconds":false,"artBlocks":false,"boredApes":false,"cryptoPunks":false,"ksoids":false,"meebits":false,"omnimorphs":false}}},"floor":0.10301},{"timestamp":1635560993,"price":0.25,"block_number":13515875,"account":{"address":"0x3e95401085674dbebc3efd4869ebf4931f818766","tx_count":218,"eth":{"value":"0.695074774277757204","dynamic":"0.15553086902069527"},"nft":{"value":14,"dynamic":14,"collections":[false,false,false,false,false,false,false],"collections2":{"89seconds":false,"artBlocks":false,"boredApes":false,"cryptoPunks":false,"ksoids":false,"meebits":false,"omnimorphs":true}}},"floor":0.05301}]}