{"uuid":"80f5ce68-07ee-4c38-8217-0e05c911d985","token_id":151,"color":4,"transactions":[{"timestamp":1634206011,"price":0.10301,"block_number":13415692,"account":{"address":"0x4769a1802907d20ab6152f7d6eb6df2b747bcd54","tx_count":19,"eth":{"value":"0.818974720317462868","dynamic":"0.818974720317462868"},"nft":{"value":1,"dynamic":1,"collections":[false,false,false,false,false,false,false],"collections2":{"89seconds":false,"artBlocks":false,"boredApes":false,"cryptoPunks":false,"ksoids":false,"meebits":false,"omnimorphs":false}}},"floor":0.10301},{"timestamp":1634208398,"price":0.2788,"block_number":13415868,"account":{"address":"0xbf0f18033950ef50570db1cfba0ab2eb49d3b889","tx_count":224,"eth":{"value":"2.290763013059831484","dynamic":"2.077513238660278846"},"nft":{"value":59,"dynamic":59,"collections":[false,false,false,false,false,false,false],"collections2":{"89seconds":false,"artBlocks":false,"boredApes":false,"cryptoPunks":false,"ksoids":false,"meebits":false,"omnimorphs":false}}},"floor":0.10301},{"timestamp":1634386701,"price":0.2,"block_number":13428976,"account":{"address":"0xd7a4469feb305706a4629558195b4b6c1fe457b5","tx_count":11,"eth":{"value":"7.48902466603505193","dynamic":"7.48902466603505193"},"nft":{"value":89,"dynamic":72,"collections":[false,false,false,false,false,false,false],"collections2":{"89seconds":false,"artBlocks":false,"boredApes":false,"cryptoPunks":false,"ksoids":false,"meebits":false,"omnimorphs":false}}},"floor":0.15},{"timestamp":1638086020,"price":0.09545454545454546,"block_number":13701180,"account":{"address":"0x5194d02ce57e6e713f98d748729963f883fa8836","tx_count":21,"eth":{"value":"1.700125156150131277","dynamic":"1.700125156150131277"},"nft":{"value":27,"dynamic":27,"collections":[false,false,false,false,false,false,false],"collections2":{"89seconds":false,"artBlocks":false,"boredApes":false,"cryptoPunks":false,"ksoids":false,"meebits":false,"omnimorphs":false}}},"floor":0.08}]}