{"uuid":"67574ec0-7334-445b-ae62-de2eab803f61","token_id":157,"color":0,"transactions":[{"timestamp":1634206123,"price":0.10301,"block_number":13415699,"account":{"address":"0x437ea4b7e37c6f93fbe24b9749737e73fc5048ce","tx_count":1107,"eth":{"value":"0.620811625828219889","dynamic":"0.419893261421945962"},"nft":{"value":93,"dynamic":93,"collections":[false,false,false,false,false,false,false],"collections2":{"89seconds":false,"artBlocks":false,"boredApes":false,"cryptoPunks":false,"ksoids":false,"meebits":false,"omnimorphs":false}}},"floor":0.10301},{"timestamp":1635057045,"price":0.149,"block_number":13478602,"account":{"address":"0x7a0c9037fb4e51dd10a921e1ea8aaee07862f644","tx_count":520,"eth":{"value":"2.113824747892605379","dynamic":"2.013379841401240448"},"nft":{"value":57,"dynamic":53,"collections":[false,false,false,false,false,false,false],"collections2":{"89seconds":false,"artBlocks":false,"boredApes":true,"cryptoPunks":false,"ksoids":false,"meebits":false,"omnimorphs":false}}},"floor":0.12420000000000002},{"timestamp":1635068806,"price":0.15,"block_number":13479464,"account":{"address":"0x12a1f48573eb4716e5b82410e29f9cd8381d555a","tx_count":95,"eth":{"value":"0.016503790325535089","dynamic":"-0.078756064674464911"},"nft":{"value":18,"dynamic":13,"collections":[false,false,false,false,false,false,false],"collections2":{"89seconds":false,"artBlocks":false,"boredApes":false,"cryptoPunks":false,"ksoids":false,"meebits":false,"omnimorphs":true}}},"floor":0.12420000000000002},{"timestamp":1636178081,"price":0.15,"block_number":13561293,"account":{"address":"0xac42ba6458eef5526a46d471af2645cd2bd1bc03","tx_count":26,"eth":{"value":"0.499100146737824186","dynamic":"0.499100146737824186"},"nft":{"value":2,"dynamic":2,"collections":[false,false,false,false,false,false,false],"collections2":{"89seconds":true,"artBlocks":false,"boredApes":false,"cryptoPunks":false,"ksoids":false,"meebits":false,"omnimorphs":false}}},"floor":0.05301},{"timestamp":1636179720,"price":0.15,"block_number":13561413,"account":{"address":"0x5879ff8041b38820fafcb94ce225f798190f163e","tx_count":227,"eth":{"value":"0.103746994015495234","dynamic":"0.103746994015495234"},"nft":{"value":15,"dynamic":15,"collections":[false,false,false,false,false,false,false],"collections2":{"89seconds":false,"artBlocks":false,"boredApes":false,"cryptoPunks":false,"ksoids":true,"meebits":false,"omnimorphs":false}}},"floor":0.05301},{"timestamp":1636284260,"price":0.15,"block_number":13569088,"account":{"address":"0xac42ba6458eef5526a46d471af2645cd2bd1bc03","tx_count":32,"eth":{"value":"0.375328974781308974","dynamic":"0.375328974781308974"},"nft":{"value":2,"dynamic":2,"collections":[false,false,false,false,false,false,false],"collections2":{"89seconds":true,"artBlocks":false,"boredApes":false,"cryptoPunks":false,"ksoids":false,"meebits":false,"omnimorphs":false}}},"floor":0.07301},{"timestamp":1636355106,"price":0.16,"block_number":13574380,"account":{"address":"0x12a1f48573eb4716e5b82410e29f9cd8381d555a","tx_count":104,"eth":{"value":"0.080228441037065459","dynamic":"0.065409586037065459"},"nft":{"value":18,"dynamic":13,"collections":[false,false,false,false,false,false,false],"collections2":{"89seconds":false,"artBlocks":false,"boredApes":false,"cryptoPunks":false,"ksoids":false,"meebits":false,"omnimorphs":true}}},"floor":0.07301}]}