{"uuid":"78ce1d9a-a249-46b6-87ce-d8d7b3321b03","token_id":158,"color":4,"transactions":[{"timestamp":1634206126,"price":0.10301,"block_number":13415699,"account":{"address":"0x437ea4b7e37c6f93fbe24b9749737e73fc5048ce","tx_count":1107,"eth":{"value":"0.620811625828219889","dynamic":"0.419893261421945962"},"nft":{"value":93,"dynamic":93,"collections":[false,false,false,false,false,false,false],"collections2":{"89seconds":false,"artBlocks":false,"boredApes":false,"cryptoPunks":false,"ksoids":false,"meebits":false,"omnimorphs":false}}},"floor":0.10301},{"timestamp":1634211830,"price":0.395,"block_number":13416112,"account":{"address":"0x66d059a41d7238ad39acd1989a412afa826d600d","tx_count":16,"eth":{"value":"0.569755165656498783","dynamic":"-1.117956818110885552"},"nft":{"value":5,"dynamic":5,"collections":[false,false,false,false,false,false,false],"collections2":{"89seconds":false,"artBlocks":false,"boredApes":false,"cryptoPunks":false,"ksoids":false,"meebits":false,"omnimorphs":false}}},"floor":0.10301}]}