{"uuid":"6ebfe498-dbba-4642-94da-de929c3214c1","token_id":154,"color":3,"transactions":[{"timestamp":1634206023,"price":0.10301,"block_number":13415694,"account":{"address":"0xdcd9eb477943518ff5911d405373cfb3b2711ff5","tx_count":151,"eth":{"value":"0.249074198060440177","dynamic":"0.249074198060440177"},"nft":{"value":100,"dynamic":100,"collections":[false,false,false,false,false,false,false],"collections2":{"89seconds":false,"artBlocks":false,"boredApes":false,"cryptoPunks":false,"ksoids":false,"meebits":false,"omnimorphs":false}}},"floor":0.10301},{"timestamp":1634838667,"price":0.22,"block_number":13462471,"account":{"address":"0xc35a5fec6be6957899e15559be252db882220b37","tx_count":29186,"eth":{"value":"17.48677642854716377","dynamic":"12.84106826286579233"},"nft":{"value":6785,"dynamic":763,"collections":[false,false,false,false,false,false,false],"collections2":{"89seconds":true,"artBlocks":true,"boredApes":false,"cryptoPunks":false,"ksoids":true,"meebits":true,"omnimorphs":true}}},"floor":0.115191}]}