{"uuid":"6500d0b9-f8f3-46c5-b42d-a9e76113d61b","token_id":159,"color":3,"transactions":[{"timestamp":1634206130,"price":0.10301,"block_number":13415700,"account":{"address":"0x230678eab09d4c6bdc6575198ece9b30e55825ee","tx_count":72,"eth":{"value":"0.41063683357304912","dynamic":"0.41063683357304912"},"nft":{"value":25,"dynamic":25,"collections":[false,false,false,false,false,false,false],"collections2":{"89seconds":false,"artBlocks":false,"boredApes":false,"cryptoPunks":false,"ksoids":false,"meebits":false,"omnimorphs":false}}},"floor":0.10301},{"timestamp":1634944084,"price":0.1399,"block_number":13470277,"account":{"address":"0x501e3e4c5f6ff9c157d85ca5074ca033d048682a","tx_count":126,"eth":{"value":"0.072931910085633295","dynamic":"0.072931910085633295"},"nft":{"value":61,"dynamic":61,"collections":[false,false,false,false,false,false,false],"collections2":{"89seconds":false,"artBlocks":false,"boredApes":false,"cryptoPunks":false,"ksoids":false,"meebits":false,"omnimorphs":false}}},"floor":0.10301},{"timestamp":1640451214,"price":0.05,"block_number":13875569,"account":{"address":"0xab6328c4c0ea40ba447f5d7d0e23c33a542e49a2","tx_count":17,"eth":{"value":"0.011833161484121843","dynamic":"0.010911241484121843"},"nft":{"value":17,"dynamic":17,"collections":[false,false,false,false,false,false,false],"collections2":{"89seconds":false,"artBlocks":false,"boredApes":false,"cryptoPunks":false,"ksoids":false,"meebits":false,"omnimorphs":false}}},"floor":0.045}]}