{"uuid":"0a45821b-4576-403d-acab-a44bbc61b05f","token_id":153,"color":0,"transactions":[{"timestamp":1634206023,"price":0.10301,"block_number":13415694,"account":{"address":"0x01dac505e000d4b87e427271eac85b4a46b5141d","tx_count":37,"eth":{"value":"0.219916853897642222","dynamic":"-0.215683146102357778"},"nft":{"value":26,"dynamic":26,"collections":[false,false,false,false,false,false,false],"collections2":{"89seconds":false,"artBlocks":false,"boredApes":false,"cryptoPunks":false,"ksoids":false,"meebits":false,"omnimorphs":false}}},"floor":0.10301},{"timestamp":1634411690,"price":0.19,"block_number":13430842,"account":{"address":"0xc2ac64b67398081fd86b060b61def2835c3e9d24","tx_count":287,"eth":{"value":"1.374658351449502686","dynamic":"1.263433570949150519"},"nft":{"value":51,"dynamic":51,"collections":[false,false,false,false,false,false,false],"collections2":{"89seconds":false,"artBlocks":false,"boredApes":false,"cryptoPunks":false,"ksoids":false,"meebits":false,"omnimorphs":true}}},"floor":0.10301},{"timestamp":1634719428,"price":0.15,"block_number":13453618,"account":{"address":"0x668d9f0792e6b7ea81a8f5950bdc87818a460e4d","tx_count":21,"eth":{"value":"0.647299995352621017","dynamic":"0.647299995352621017"},"nft":{"value":1,"dynamic":1,"collections":[false,false,false,false,false,false,false],"collections2":{"89seconds":false,"artBlocks":false,"boredApes":false,"cryptoPunks":false,"ksoids":false,"meebits":false,"omnimorphs":false}}},"floor":0.10301},{"timestamp":1634826236,"price":0.19,"block_number":13461536,"account":{"address":"0x1d2d1815f1e0353b4288d5ce60b806fb6f973b9a","tx_count":88,"eth":{"value":"0.255189656596135662","dynamic":"0.030084156596135662"},"nft":{"value":24,"dynamic":24,"collections":[false,false,false,false,false,false,false],"collections2":{"89seconds":false,"artBlocks":false,"boredApes":false,"cryptoPunks":false,"ksoids":false,"meebits":false,"omnimorphs":false}}},"floor":0.12},{"timestamp":1635221503,"price":0.399,"block_number":13490805,"account":{"address":"0xa65ec9cf296aad7bd310b76dfb5e7e2c90b9f2e1","tx_count":10,"eth":{"value":"0.101497979627371484","dynamic":"0.081858806627371484"},"nft":{"value":1,"dynamic":1,"collections":[false,false,false,false,false,false,false],"collections2":{"89seconds":false,"artBlocks":false,"boredApes":false,"cryptoPunks":false,"ksoids":false,"meebits":false,"omnimorphs":false}}},"floor":0.11907000000000001}]}