{"uuid":"08f567b5-c3f8-4eed-9f61-26375d7319fa","token_id":152,"color":1,"transactions":[{"timestamp":1634206023,"price":0.10301,"block_number":13415694,"account":{"address":"0x0d33d9ecd28b7f579d5297ea74976df540d0291b","tx_count":69,"eth":{"value":"6.344501341649950632","dynamic":"6.344501341649950632"},"nft":{"value":30,"dynamic":30,"collections":[false,false,false,false,false,false,false],"collections2":{"89seconds":false,"artBlocks":false,"boredApes":false,"cryptoPunks":false,"ksoids":false,"meebits":false,"omnimorphs":false}}},"floor":0.10301},{"timestamp":1634218173,"price":0.249,"block_number":13416577,"account":{"address":"0x8f8b4759dc93ca55bd6997df719f20f581f10f5c","tx_count":1421,"eth":{"value":"3.351130157752531968","dynamic":"2.384649639962047247"},"nft":{"value":673,"dynamic":656,"collections":[false,false,false,false,false,false,false],"collections2":{"89seconds":false,"artBlocks":false,"boredApes":false,"cryptoPunks":false,"ksoids":false,"meebits":false,"omnimorphs":false}}},"floor":0.10301}]}