{"uuid":"1a40dbcb-43a3-4ff6-aa6e-647b431f73e1","token_id":155,"color":4,"transactions":[{"timestamp":1634206023,"price":0.10301,"block_number":13415694,"account":{"address":"0xdcd9eb477943518ff5911d405373cfb3b2711ff5","tx_count":151,"eth":{"value":"0.249074198060440177","dynamic":"0.249074198060440177"},"nft":{"value":100,"dynamic":100,"collections":[false,false,false,false,false,false,false],"collections2":{"89seconds":false,"artBlocks":false,"boredApes":false,"cryptoPunks":false,"ksoids":false,"meebits":false,"omnimorphs":false}}},"floor":0.10301},{"timestamp":1634498047,"price":0.2,"block_number":13437239,"account":{"address":"0x85fa37209154b102efd1800babc672781133b905","tx_count":558,"eth":{"value":"2.786730231834244568","dynamic":"1.112546533940449974"},"nft":{"value":111,"dynamic":87,"collections":[false,false,false,false,false,false,false],"collections2":{"89seconds":false,"artBlocks":true,"boredApes":false,"cryptoPunks":false,"ksoids":false,"meebits":false,"omnimorphs":false}}},"floor":0.1799}]}