{"uuid":"23904267-2c8b-43c7-ae6a-c5e0f011a184","token_id":156,"color":5,"transactions":[{"timestamp":1634206120,"price":0.10301,"block_number":13415699,"account":{"address":"0x437ea4b7e37c6f93fbe24b9749737e73fc5048ce","tx_count":1107,"eth":{"value":"0.620811625828219889","dynamic":"0.419893261421945962"},"nft":{"value":93,"dynamic":93,"collections":[false,false,false,false,false,false,false],"collections2":{"89seconds":false,"artBlocks":false,"boredApes":false,"cryptoPunks":false,"ksoids":false,"meebits":false,"omnimorphs":false}}},"floor":0.10301},{"timestamp":1634784432,"price":0.129,"block_number":13458438,"account":{"address":"0x2114787de0b743bc11c9ba6ded3abf8c9b336271","tx_count":18,"eth":{"value":"0.201855928566756089","dynamic":"0.201855928566756089"},"nft":{"value":10,"dynamic":10,"collections":[false,false,false,false,false,false,false],"collections2":{"89seconds":false,"artBlocks":false,"boredApes":false,"cryptoPunks":false,"ksoids":false,"meebits":false,"omnimorphs":false}}},"floor":0.1071},{"timestamp":1635495219,"price":0.1,"block_number":13510969,"account":{"address":"0xce096a273213d0cbb7512b15c78a85225b12fc8a","tx_count":3,"eth":{"value":"0.028112924175523182","dynamic":"0.028112924175523182"},"nft":{"value":2,"dynamic":2,"collections":[false,false,false,false,false,false,false],"collections2":{"89seconds":false,"artBlocks":false,"boredApes":false,"cryptoPunks":false,"ksoids":false,"meebits":false,"omnimorphs":false}}},"floor":0.05301}]}