{"uuid":"491a041c-703e-4e28-ba46-284947c83bc1","token_id":150,"color":1,"transactions":[{"timestamp":1634206011,"price":0.10301,"block_number":13415692,"account":{"address":"0x7dc68318fe3c32198b09b9fe2a61ee2b655d8378","tx_count":27,"eth":{"value":"0.079021358300813944","dynamic":"0.079021358300813944"},"nft":{"value":3,"dynamic":3,"collections":[false,false,false,false,false,false,false],"collections2":{"89seconds":false,"artBlocks":false,"boredApes":false,"cryptoPunks":false,"ksoids":false,"meebits":false,"omnimorphs":false}}},"floor":0.10301},{"timestamp":1634206713,"price":0.3,"block_number":13415745,"account":{"address":"0x2805cce998da26dc28337991e8289f198c8f450b","tx_count":70,"eth":{"value":"5.407800185698247451","dynamic":"5.407800185698247451"},"nft":{"value":17,"dynamic":17,"collections":[false,false,false,false,false,false,false],"collections2":{"89seconds":false,"artBlocks":false,"boredApes":false,"cryptoPunks":false,"ksoids":false,"meebits":false,"omnimorphs":false}}},"floor":0.10301}]}