{"uuid":"262867d9-39a0-4a2d-96be-023d75ff22e1","token_id":164,"color":0,"transactions":[{"timestamp":1634206084,"price":0.10301,"block_number":13415699,"account":{"address":"0x5fa9b5b9cde9a7d7f27e61522da3b2dd728e1ab4","tx_count":279,"eth":{"value":"5.415952260017229344","dynamic":"5.402780020658949608"},"nft":{"value":39,"dynamic":39,"collections":[false,false,false,false,false,false,false],"collections2":{"89seconds":false,"artBlocks":false,"boredApes":false,"cryptoPunks":false,"ksoids":false,"meebits":false,"omnimorphs":false}}},"floor":0.10301},{"timestamp":1634206652,"price":0.29,"block_number":13415744,"account":{"address":"0x5c2f72d1ad0ab5bedc1b44c964447a2a6929f6c3","tx_count":795,"eth":{"value":"1.623892417323090663","dynamic":"1.611336597472039198"},"nft":{"value":226,"dynamic":224,"collections":[false,false,false,false,false,false,false],"collections2":{"89seconds":false,"artBlocks":false,"boredApes":false,"cryptoPunks":false,"ksoids":false,"meebits":false,"omnimorphs":false}}},"floor":0.10301},{"timestamp":1634423960,"price":0.25,"block_number":13431795,"account":{"address":"0xb30452beca9c462bc6773582c9e0d70cc60e7321","tx_count":4602,"eth":{"value":"0.647281255981832288","dynamic":"-0.230460755328293575"},"nft":{"value":217,"dynamic":131,"collections":[false,false,false,false,false,false,false],"collections2":{"89seconds":false,"artBlocks":false,"boredApes":false,"cryptoPunks":false,"ksoids":false,"meebits":false,"omnimorphs":false}}},"floor":0.10301},{"timestamp":1634424707,"price":0.29,"block_number":13431848,"account":{"address":"0x794316614b210acd02f7c88085f2872a8d657d8f","tx_count":44,"eth":{"value":"19.863866081418421881","dynamic":"19.863866081418421881"},"nft":{"value":215,"dynamic":215,"collections":[false,false,false,false,false,false,false],"collections2":{"89seconds":false,"artBlocks":true,"boredApes":false,"cryptoPunks":true,"ksoids":false,"meebits":false,"omnimorphs":false}}},"floor":0.10301}]}