{"uuid":"62d60bf5-9d9e-4a6a-9793-47f88f634718","token_id":161,"color":4,"transactions":[{"timestamp":1634206136,"price":0.10301,"block_number":13415700,"account":{"address":"0x62c72c74c8f8d0c94ff4e43293b3200e79e3712e","tx_count":1221,"eth":{"value":"0.820378592207696147","dynamic":"0.600925554142104137"},"nft":{"value":44,"dynamic":40,"collections":[false,false,false,false,false,false,false],"collections2":{"89seconds":false,"artBlocks":false,"boredApes":false,"cryptoPunks":false,"ksoids":false,"meebits":false,"omnimorphs":false}}},"floor":0.10301},{"timestamp":1634841568,"price":0.119,"block_number":13462676,"account":{"address":"0xf2327b04521589f505c7074c163805843a4bd6cd","tx_count":2208,"eth":{"value":"0.227245671849927345","dynamic":"-2.910766908239478044"},"nft":{"value":288,"dynamic":282,"collections":[false,false,false,false,false,false,false],"collections2":{"89seconds":false,"artBlocks":false,"boredApes":false,"cryptoPunks":false,"ksoids":false,"meebits":false,"omnimorphs":false}}},"floor":0.10301}]}