{"uuid":"7e2fd845-144e-496a-9dcf-255c882ff7df","token_id":163,"color":4,"transactions":[{"timestamp":1634206084,"price":0.10301,"block_number":13415699,"account":{"address":"0x5fa9b5b9cde9a7d7f27e61522da3b2dd728e1ab4","tx_count":279,"eth":{"value":"5.415952260017229344","dynamic":"5.402780020658949608"},"nft":{"value":39,"dynamic":39,"collections":[false,false,false,false,false,false,false],"collections2":{"89seconds":false,"artBlocks":false,"boredApes":false,"cryptoPunks":false,"ksoids":false,"meebits":false,"omnimorphs":false}}},"floor":0.10301},{"timestamp":1634207412,"price":0.24,"block_number":13415787,"account":{"address":"0xc3becb30d578bf919cd44b5ada985fd00a196ddd","tx_count":16,"eth":{"value":"0.147173156805546702","dynamic":"0.147173156805546702"},"nft":{"value":5,"dynamic":4,"collections":[false,false,false,false,false,false,false],"collections2":{"89seconds":false,"artBlocks":false,"boredApes":false,"cryptoPunks":false,"ksoids":false,"meebits":false,"omnimorphs":false}}},"floor":0.10301},{"timestamp":1634827008,"price":0.15,"block_number":13461594,"account":{"address":"0x668d9f0792e6b7ea81a8f5950bdc87818a460e4d","tx_count":23,"eth":{"value":"0.652755113643814542","dynamic":"0.652755113643814542"},"nft":{"value":1,"dynamic":1,"collections":[false,false,false,false,false,false,false],"collections2":{"89seconds":false,"artBlocks":false,"boredApes":false,"cryptoPunks":false,"ksoids":false,"meebits":false,"omnimorphs":false}}},"floor":0.12799},{"timestamp":1634868265,"price":0.05,"block_number":13464702,"account":{"address":"0xcb660dd0b1d7fe7a7a3ac14840e879dc67ee19fe","tx_count":2,"eth":{"value":"0.014299104064065579","dynamic":"0.014299104064065579"},"nft":{"value":1,"dynamic":1,"collections":[false,false,false,false,false,false,false],"collections2":{"89seconds":false,"artBlocks":false,"boredApes":false,"cryptoPunks":false,"ksoids":false,"meebits":false,"omnimorphs":false}}},"floor":0.10301},{"timestamp":1639649722,"price":0.2,"block_number":13815630,"account":{"address":"0xcb660dd0b1d7fe7a7a3ac14840e879dc67ee19fe","tx_count":84,"eth":{"value":"0.099558453814882933","dynamic":"0.099558453814882933"},"nft":{"value":15,"dynamic":15,"collections":[false,false,false,false,false,false,false],"collections2":{"89seconds":false,"artBlocks":false,"boredApes":false,"cryptoPunks":false,"ksoids":false,"meebits":false,"omnimorphs":false}}},"floor":0.065},{"timestamp":1640246875,"price":0.18,"block_number":13860230,"account":{"address":"0xf183c5b37c0967cdd9955c1e1535ec2adefb39b6","tx_count":14,"eth":{"value":"0.009362466261247076","dynamic":"0.009362466261247076"},"nft":{"value":1,"dynamic":1,"collections":[false,false,false,false,false,false,false],"collections2":{"89seconds":false,"artBlocks":false,"boredApes":false,"cryptoPunks":false,"ksoids":false,"meebits":false,"omnimorphs":false}}},"floor":0.053},{"timestamp":1640259395,"price":0.22,"block_number":13861165,"account":{"address":"0x668d9f0792e6b7ea81a8f5950bdc87818a460e4d","tx_count":84,"eth":{"value":"0.585671252616532815","dynamic":"0.585671252616532815"},"nft":{"value":4,"dynamic":4,"collections":[false,false,false,false,false,false,false],"collections2":{"89seconds":false,"artBlocks":false,"boredApes":false,"cryptoPunks":false,"ksoids":false,"meebits":false,"omnimorphs":false}}},"floor":0.05}]}