{"uuid":"042caeed-ecc1-4b33-ab95-37a1feefb140","token_id":162,"color":3,"transactions":[{"timestamp":1634206080,"price":0.10301,"block_number":13415698,"account":{"address":"0x5fb998b8024e38867558fd5e2b87b6d13da730f8","tx_count":341,"eth":{"value":"3.130324906118034121","dynamic":"3.130324906118034121"},"nft":{"value":151,"dynamic":150,"collections":[false,false,false,false,false,false,false],"collections2":{"89seconds":false,"artBlocks":false,"boredApes":false,"cryptoPunks":false,"ksoids":false,"meebits":false,"omnimorphs":true}}},"floor":0.10301},{"timestamp":1634222915,"price":0.37,"block_number":13416934,"account":{"address":"0x788373a90823793ecffe357ffafc2b4256f91943","tx_count":168,"eth":{"value":"1.059130280299442024","dynamic":"1.059130280299442024"},"nft":{"value":45,"dynamic":45,"collections":[false,false,false,false,false,false,false],"collections2":{"89seconds":false,"artBlocks":false,"boredApes":false,"cryptoPunks":false,"ksoids":false,"meebits":false,"omnimorphs":false}}},"floor":0.10301},{"timestamp":1634223800,"price":0.37,"block_number":13417009,"account":{"address":"0x64932f86d69f2717307f41b4c6b8198000583c63","tx_count":399,"eth":{"value":"1.617696919371172482","dynamic":"1.617696919371172482"},"nft":{"value":79,"dynamic":79,"collections":[false,false,false,false,false,false,false],"collections2":{"89seconds":false,"artBlocks":false,"boredApes":false,"cryptoPunks":false,"ksoids":false,"meebits":false,"omnimorphs":false}}},"floor":0.10301},{"timestamp":1634224575,"price":0.37,"block_number":13417064,"account":{"address":"0xc0ecf2546f5fe83d63bdb5e6a9d1488019848fb9","tx_count":409,"eth":{"value":"0.867717780002652988","dynamic":"0.863696755547808494"},"nft":{"value":168,"dynamic":168,"collections":[false,false,false,false,false,false,false],"collections2":{"89seconds":false,"artBlocks":false,"boredApes":false,"cryptoPunks":false,"ksoids":false,"meebits":false,"omnimorphs":false}}},"floor":0.10301},{"timestamp":1634225125,"price":0.37,"block_number":13417108,"account":{"address":"0xe1a9c45cfe28ac8ee6ebf9fbfd84468717053f9c","tx_count":82,"eth":{"value":"0.945999138679757123","dynamic":"0.945999138679757123"},"nft":{"value":50,"dynamic":50,"collections":[false,false,false,false,false,false,false],"collections2":{"89seconds":false,"artBlocks":false,"boredApes":false,"cryptoPunks":false,"ksoids":false,"meebits":false,"omnimorphs":true}}},"floor":0.10301},{"timestamp":1634225807,"price":0.37,"block_number":13417167,"account":{"address":"0x86f1bfb095249208aacb02a98796aac5b70c2de8","tx_count":218,"eth":{"value":"1.733335031011583289","dynamic":"1.718260646013504106"},"nft":{"value":23,"dynamic":23,"collections":[false,false,false,false,false,false,false],"collections2":{"89seconds":false,"artBlocks":false,"boredApes":false,"cryptoPunks":false,"ksoids":false,"meebits":false,"omnimorphs":false}}},"floor":0.10301},{"timestamp":1634507457,"price":0.95,"block_number":13437975,"account":{"address":"0x6a4e2bc8529c43bc02e7007762eba16fe5bdbd6f","tx_count":239,"eth":{"value":"0.21953350630999166","dynamic":"0.165597803010111938"},"nft":{"value":76,"dynamic":72,"collections":[false,false,false,false,false,false,false],"collections2":{"89seconds":false,"artBlocks":false,"boredApes":false,"cryptoPunks":false,"ksoids":false,"meebits":false,"omnimorphs":false}}},"floor":0.1799}]}