{"uuid":"20562202-2655-4f2c-bffe-09f0c01a7d82","token_id":167,"color":0,"transactions":[{"timestamp":1634206096,"price":0.10301,"block_number":13415700,"account":{"address":"0x75c07e7207bb00cf60c77f2506d7ce2b8d18bf0f","tx_count":16,"eth":{"value":"0.43588885436941009","dynamic":"0.43588885436941009"},"nft":{"value":1,"dynamic":1,"collections":[false,false,false,false,false,false,false],"collections2":{"89seconds":false,"artBlocks":false,"boredApes":false,"cryptoPunks":false,"ksoids":false,"meebits":false,"omnimorphs":false}}},"floor":0.10301},{"timestamp":1634215442,"price":0.22,"block_number":13416393,"account":{"address":"0xeca367a2cadd95063b0df0f8faa0ab5734982f1e","tx_count":619,"eth":{"value":"0.485217021738582239","dynamic":"-0.153342914381417761"},"nft":{"value":66,"dynamic":66,"collections":[false,false,false,false,false,false,false],"collections2":{"89seconds":false,"artBlocks":false,"boredApes":false,"cryptoPunks":false,"ksoids":false,"meebits":false,"omnimorphs":false}}},"floor":0.10301},{"timestamp":1635396683,"price":0.14,"block_number":13503677,"account":{"address":"0xd7a82454c7fe7562417e7e8dd735cb4569712329","tx_count":60,"eth":{"value":"0.33291200638923768","dynamic":"0.260994306858606693"},"nft":{"value":9,"dynamic":9,"collections":[false,false,false,false,false,false,false],"collections2":{"89seconds":false,"artBlocks":false,"boredApes":false,"cryptoPunks":false,"ksoids":false,"meebits":false,"omnimorphs":false}}},"floor":0.10935000000000002}]}