{"uuid":"653c52f3-f253-47b6-afd2-443a55ba7880","token_id":166,"color":3,"transactions":[{"timestamp":1634206084,"price":0.10301,"block_number":13415699,"account":{"address":"0x040474a6a0d5ac323944d4b6f91b769083fb23df","tx_count":33,"eth":{"value":"0.093431645268256873","dynamic":"0.093431645268256873"},"nft":{"value":17,"dynamic":17,"collections":[false,false,false,false,false,false,false],"collections2":{"89seconds":false,"artBlocks":false,"boredApes":false,"cryptoPunks":false,"ksoids":false,"meebits":false,"omnimorphs":false}}},"floor":0.10301},{"timestamp":1634252482,"price":0.5,"block_number":13419124,"account":{"address":"0xdcafb6d3223cf31234cff6ec6c6956cb190825f5","tx_count":105,"eth":{"value":"3.501363267493323262","dynamic":"0.550995361945469483"},"nft":{"value":9,"dynamic":9,"collections":[false,false,false,false,false,false,false],"collections2":{"89seconds":false,"artBlocks":false,"boredApes":false,"cryptoPunks":false,"ksoids":false,"meebits":false,"omnimorphs":false}}},"floor":0.2},{"timestamp":1634867037,"price":0.1,"block_number":13464602,"account":{"address":"0x09306cfea01e396f89de0ee00474657b4c86d55b","tx_count":362,"eth":{"value":"0.099588725086277873","dynamic":"0.092165569090295893"},"nft":{"value":214,"dynamic":214,"collections":[false,false,false,false,false,false,false],"collections2":{"89seconds":false,"artBlocks":false,"boredApes":false,"cryptoPunks":false,"ksoids":false,"meebits":false,"omnimorphs":true}}},"floor":0.10301},{"timestamp":1640196908,"price":0.08,"block_number":13856546,"account":{"address":"0xd3e2e76e4ab0322614fe7aaa3be0b04bed83d0d0","tx_count":2474,"eth":{"value":"8.04309141138454218","dynamic":"-98.700098821402386405"},"nft":{"value":727,"dynamic":470,"collections":[false,false,false,false,false,false,false],"collections2":{"89seconds":true,"artBlocks":true,"boredApes":false,"cryptoPunks":true,"ksoids":true,"meebits":true,"omnimorphs":false}}},"floor":0.058},{"timestamp":1640284129,"price":0.11,"block_number":13863051,"account":{"address":"0x3f58588b59da010031dd8a355dcd7de229663ebf","tx_count":296,"eth":{"value":"1.63337686989328603","dynamic":"-2.35101914061410077"},"nft":{"value":270,"dynamic":175,"collections":[false,false,false,false,false,false,false],"collections2":{"89seconds":false,"artBlocks":true,"boredApes":false,"cryptoPunks":false,"ksoids":false,"meebits":true,"omnimorphs":false}}},"floor":0.05}]}