{"uuid":"a81face9-7b09-41d0-8ea6-ea0216cc7a8e","token_id":169,"color":5,"transactions":[{"timestamp":1634206096,"price":0.10301,"block_number":13415700,"account":{"address":"0x75c07e7207bb00cf60c77f2506d7ce2b8d18bf0f","tx_count":16,"eth":{"value":"0.43588885436941009","dynamic":"0.43588885436941009"},"nft":{"value":1,"dynamic":1,"collections":[false,false,false,false,false,false,false],"collections2":{"89seconds":false,"artBlocks":false,"boredApes":false,"cryptoPunks":false,"ksoids":false,"meebits":false,"omnimorphs":false}}},"floor":0.10301},{"timestamp":1634842053,"price":0.119,"block_number":13462711,"account":{"address":"0xc74b715e90b531ef751c1658000e6127c4f79a73","tx_count":216,"eth":{"value":"0.018142948009855943","dynamic":"0.016180077988628162"},"nft":{"value":19,"dynamic":19,"collections":[false,false,false,false,false,false,false],"collections2":{"89seconds":false,"artBlocks":false,"boredApes":false,"cryptoPunks":false,"ksoids":false,"meebits":false,"omnimorphs":true}}},"floor":0.10301}]}