{"uuid":"82260e71-3b64-479e-a984-c2b374214312","token_id":168,"color":3,"transactions":[{"timestamp":1634206096,"price":0.10301,"block_number":13415700,"account":{"address":"0x75c07e7207bb00cf60c77f2506d7ce2b8d18bf0f","tx_count":16,"eth":{"value":"0.43588885436941009","dynamic":"0.43588885436941009"},"nft":{"value":1,"dynamic":1,"collections":[false,false,false,false,false,false,false],"collections2":{"89seconds":false,"artBlocks":false,"boredApes":false,"cryptoPunks":false,"ksoids":false,"meebits":false,"omnimorphs":false}}},"floor":0.10301},{"timestamp":1634215544,"price":0.22,"block_number":13416398,"account":{"address":"0xeca367a2cadd95063b0df0f8faa0ab5734982f1e","tx_count":620,"eth":{"value":"0.243488122125485726","dynamic":"-0.395071813994514274"},"nft":{"value":66,"dynamic":66,"collections":[false,false,false,false,false,false,false],"collections2":{"89seconds":false,"artBlocks":false,"boredApes":false,"cryptoPunks":false,"ksoids":false,"meebits":false,"omnimorphs":false}}},"floor":0.10301},{"timestamp":1635435943,"price":0.095,"block_number":13506620,"account":{"address":"0x36a23c6bd25f0599c2a6fb20fa493f0cff934b0a","tx_count":84,"eth":{"value":"0.112843846453554064","dynamic":"0.112843846453554064"},"nft":{"value":27,"dynamic":27,"collections":[false,false,false,false,false,false,false],"collections2":{"89seconds":false,"artBlocks":false,"boredApes":false,"cryptoPunks":false,"ksoids":false,"meebits":false,"omnimorphs":false}}},"floor":0.10301},{"timestamp":1641003788,"price":0.049,"block_number":13916812,"account":{"address":"0xe11b15119e57e8efa1e571ed9f48758f4748a755","tx_count":6,"eth":{"value":"0.024005987309482709","dynamic":"0.024005987309482709"},"nft":{"value":5,"dynamic":5,"collections":[false,false,false,false,false,false,false],"collections2":{"89seconds":false,"artBlocks":false,"boredApes":false,"cryptoPunks":false,"ksoids":false,"meebits":false,"omnimorphs":false}}},"floor":0.058}]}