{"uuid":"62c6b473-a512-42c0-90ab-cdceb31902c4","token_id":177,"color":1,"transactions":[{"timestamp":1634206096,"price":0.10301,"block_number":13415700,"account":{"address":"0x2d4eb91cddea03a2a55ccca343147eca764076e2","tx_count":936,"eth":{"value":"6.955806865011323907","dynamic":"6.805273561241420102"},"nft":{"value":145,"dynamic":138,"collections":[false,false,false,false,false,false,false],"collections2":{"89seconds":false,"artBlocks":false,"boredApes":false,"cryptoPunks":false,"ksoids":false,"meebits":false,"omnimorphs":false}}},"floor":0.10301},{"timestamp":1634206832,"price":0.275,"block_number":13415753,"account":{"address":"0x9aca6cf7828c5d2485f738ecd048b75db39ffdd6","tx_count":78,"eth":{"value":"0.880599867022716631","dynamic":"-0.342185432051437482"},"nft":{"value":29,"dynamic":23,"collections":[false,false,false,false,false,false,false],"collections2":{"89seconds":false,"artBlocks":false,"boredApes":false,"cryptoPunks":false,"ksoids":false,"meebits":false,"omnimorphs":false}}},"floor":0.10301},{"timestamp":1635150507,"price":0.09666,"block_number":13485523,"account":{"address":"0x95580533ffb0b618501449db8388efe52c4eff0f","tx_count":182,"eth":{"value":"1.256653774657390328","dynamic":"1.256653774657390328"},"nft":{"value":15,"dynamic":15,"collections":[false,false,false,false,false,false,false],"collections2":{"89seconds":false,"artBlocks":false,"boredApes":false,"cryptoPunks":false,"ksoids":false,"meebits":false,"omnimorphs":false}}},"floor":0.10301},{"timestamp":1635239342,"price":0.08666,"block_number":13492097,"account":{"address":"0x9aca6cf7828c5d2485f738ecd048b75db39ffdd6","tx_count":100,"eth":{"value":"7.058233524113200343","dynamic":"6.685686021857223609"},"nft":{"value":33,"dynamic":21,"collections":[false,false,false,false,false,false,false],"collections2":{"89seconds":false,"artBlocks":false,"boredApes":false,"cryptoPunks":false,"ksoids":false,"meebits":false,"omnimorphs":false}}},"floor":0.11745000000000001}]}