{"uuid":"b5980525-cfa3-45bd-b3ba-ca5083bec008","token_id":175,"color":2,"transactions":[{"timestamp":1634206096,"price":0.10301,"block_number":13415700,"account":{"address":"0x2d4eb91cddea03a2a55ccca343147eca764076e2","tx_count":936,"eth":{"value":"6.955806865011323907","dynamic":"6.805273561241420102"},"nft":{"value":145,"dynamic":138,"collections":[false,false,false,false,false,false,false],"collections2":{"89seconds":false,"artBlocks":false,"boredApes":false,"cryptoPunks":false,"ksoids":false,"meebits":false,"omnimorphs":false}}},"floor":0.10301},{"timestamp":1634206372,"price":0.285,"block_number":13415723,"account":{"address":"0x2a601ef48f4fead97622a971b74bb13ff8d34821","tx_count":236,"eth":{"value":"0.661717586846201483","dynamic":"0.661717586846201483"},"nft":{"value":63,"dynamic":63,"collections":[false,false,false,false,false,false,false],"collections2":{"89seconds":false,"artBlocks":false,"boredApes":false,"cryptoPunks":false,"ksoids":false,"meebits":false,"omnimorphs":false}}},"floor":0.10301},{"timestamp":1634246105,"price":0.32,"block_number":13418650,"account":{"address":"0x67a8734f5d97bc462df92346af4b29b417d39d97","tx_count":1096,"eth":{"value":"0.882665773450994828","dynamic":"0.565682122055576655"},"nft":{"value":248,"dynamic":133,"collections":[false,false,false,false,false,false,false],"collections2":{"89seconds":false,"artBlocks":false,"boredApes":false,"cryptoPunks":false,"ksoids":false,"meebits":false,"omnimorphs":false}}},"floor":0.10301}]}