{"uuid":"cacf2e2f-3a32-4cf2-b46c-67fcf6e1cf8a","token_id":179,"color":0,"transactions":[{"timestamp":1634206096,"price":0.10301,"block_number":13415700,"account":{"address":"0xe27946e301d60c1020e0a9d62cd0ed7a4a8f7d23","tx_count":33,"eth":{"value":"0.074064400321465529","dynamic":"0.074064400321465529"},"nft":{"value":12,"dynamic":12,"collections":[false,false,false,false,false,false,false],"collections2":{"89seconds":false,"artBlocks":false,"boredApes":false,"cryptoPunks":false,"ksoids":false,"meebits":false,"omnimorphs":true}}},"floor":0.10301}]}