{"uuid":"e8771ed1-1a0a-45d0-8c90-d5c85c94d3fc","token_id":171,"color":0,"transactions":[{"timestamp":1634206096,"price":0.10301,"block_number":13415700,"account":{"address":"0x990ae6ab38f65fdf437ab86f6acb4cdccb8d93f9","tx_count":100,"eth":{"value":"0.303885190624188032","dynamic":"0.303885190624188032"},"nft":{"value":66,"dynamic":66,"collections":[false,false,false,false,false,false,false],"collections2":{"89seconds":false,"artBlocks":false,"boredApes":false,"cryptoPunks":false,"ksoids":false,"meebits":false,"omnimorphs":false}}},"floor":0.10301},{"timestamp":1634836384,"price":0.1198,"block_number":13462291,"account":{"address":"0xd49e8c4d9e72c7f07352089b69d74875918c78ee","tx_count":49,"eth":{"value":"1.963733510742516607","dynamic":"1.963733510742516607"},"nft":{"value":54,"dynamic":54,"collections":[false,false,false,false,false,false,false],"collections2":{"89seconds":false,"artBlocks":false,"boredApes":false,"cryptoPunks":false,"ksoids":false,"meebits":false,"omnimorphs":false}}},"floor":0.12799},{"timestamp":1634844149,"price":0.121,"block_number":13462856,"account":{"address":"0xf8dee5549496b329041207913352b3e31dcc035b","tx_count":2466,"eth":{"value":"0.027734710785229645","dynamic":"-0.636486897688449127"},"nft":{"value":1714,"dynamic":1283,"collections":[false,false,false,false,false,false,false],"collections2":{"89seconds":false,"artBlocks":false,"boredApes":false,"cryptoPunks":false,"ksoids":false,"meebits":false,"omnimorphs":false}}},"floor":0.10301},{"timestamp":1634923694,"price":0.133,"block_number":13468735,"account":{"address":"0xf2dfe7cc63b488d9f723c1cdc6a175311c974bee","tx_count":94,"eth":{"value":"0.448202779315538287","dynamic":"0.448202779315538287"},"nft":{"value":52,"dynamic":52,"collections":[false,false,false,false,false,false,false],"collections2":{"89seconds":false,"artBlocks":false,"boredApes":true,"cryptoPunks":false,"ksoids":false,"meebits":false,"omnimorphs":false}}},"floor":0.10301},{"timestamp":1634924014,"price":0.155,"block_number":13468759,"account":{"address":"0xf8dee5549496b329041207913352b3e31dcc035b","tx_count":2468,"eth":{"value":"0.34932553926510508","dynamic":"-0.162197499177934692"},"nft":{"value":1712,"dynamic":1281,"collections":[false,false,false,false,false,false,false],"collections2":{"89seconds":false,"artBlocks":false,"boredApes":false,"cryptoPunks":false,"ksoids":false,"meebits":false,"omnimorphs":false}}},"floor":0.1053},{"timestamp":1634938794,"price":0.136,"block_number":13469893,"account":{"address":"0xf2dfe7cc63b488d9f723c1cdc6a175311c974bee","tx_count":99,"eth":{"value":"0.180110426631264152","dynamic":"0.180110426631264152"},"nft":{"value":52,"dynamic":52,"collections":[false,false,false,false,false,false,false],"collections2":{"89seconds":false,"artBlocks":false,"boredApes":true,"cryptoPunks":false,"ksoids":false,"meebits":false,"omnimorphs":false}}},"floor":0.135},{"timestamp":1635866455,"price":0.09,"block_number":13538296,"account":{"address":"0x37e145c18ae19017e7d1c2ffecfaa0528c34ac33","tx_count":1272,"eth":{"value":"0.031803369947441391","dynamic":"0.007831058161894367"},"nft":{"value":557,"dynamic":507,"collections":[false,false,false,false,false,false,false],"collections2":{"89seconds":false,"artBlocks":false,"boredApes":false,"cryptoPunks":false,"ksoids":false,"meebits":false,"omnimorphs":false}}},"floor":0.08083627624623123}]}