{"uuid":"959615b5-a47f-4d63-9afd-3246b9702800","token_id":173,"color":0,"transactions":[{"timestamp":1634206096,"price":0.10301,"block_number":13415700,"account":{"address":"0x083fcbf9ad41b8738d204c48a768bba71654ddd2","tx_count":246,"eth":{"value":"0.471735790260275496","dynamic":"0.471735790260275496"},"nft":{"value":46,"dynamic":46,"collections":[false,false,false,false,false,false,false],"collections2":{"89seconds":false,"artBlocks":false,"boredApes":false,"cryptoPunks":false,"ksoids":false,"meebits":false,"omnimorphs":false}}},"floor":0.10301},{"timestamp":1635067033,"price":0.16,"block_number":13479334,"account":{"address":"0xf97edfb2066bb13ad14efc54072c9238113c9610","tx_count":26,"eth":{"value":"0.083156927453238203","dynamic":"0.083156927453238203"},"nft":{"value":8,"dynamic":8,"collections":[false,false,false,false,false,false,false],"collections2":{"89seconds":false,"artBlocks":false,"boredApes":false,"cryptoPunks":false,"ksoids":false,"meebits":false,"omnimorphs":false}}},"floor":0.138},{"timestamp":1635067413,"price":0.16,"block_number":13479360,"account":{"address":"0x083fcbf9ad41b8738d204c48a768bba71654ddd2","tx_count":280,"eth":{"value":"0.043300987346720318","dynamic":"0.043300987346720318"},"nft":{"value":45,"dynamic":45,"collections":[false,false,false,false,false,false,false],"collections2":{"89seconds":false,"artBlocks":false,"boredApes":false,"cryptoPunks":false,"ksoids":false,"meebits":false,"omnimorphs":false}}},"floor":0.138},{"timestamp":1635067721,"price":0.16,"block_number":13479384,"account":{"address":"0xf97edfb2066bb13ad14efc54072c9238113c9610","tx_count":28,"eth":{"value":"0.013940976783347801","dynamic":"0.013940976783347801"},"nft":{"value":7,"dynamic":7,"collections":[false,false,false,false,false,false,false],"collections2":{"89seconds":false,"artBlocks":false,"boredApes":false,"cryptoPunks":false,"ksoids":false,"meebits":false,"omnimorphs":false}}},"floor":0.11178000000000002},{"timestamp":1635067800,"price":0.16,"block_number":13479388,"account":{"address":"0x083fcbf9ad41b8738d204c48a768bba71654ddd2","tx_count":281,"eth":{"value":"0.023508781074236334","dynamic":"0.023508781074236334"},"nft":{"value":45,"dynamic":45,"collections":[false,false,false,false,false,false,false],"collections2":{"89seconds":false,"artBlocks":false,"boredApes":false,"cryptoPunks":false,"ksoids":false,"meebits":false,"omnimorphs":false}}},"floor":0.138},{"timestamp":1635068517,"price":0.16,"block_number":13479442,"account":{"address":"0xf97edfb2066bb13ad14efc54072c9238113c9610","tx_count":29,"eth":{"value":"0.005596525884169623","dynamic":"0.005596525884169623"},"nft":{"value":7,"dynamic":7,"collections":[false,false,false,false,false,false,false],"collections2":{"89seconds":false,"artBlocks":false,"boredApes":false,"cryptoPunks":false,"ksoids":false,"meebits":false,"omnimorphs":false}}},"floor":0.12420000000000002},{"timestamp":1635068806,"price":0.16,"block_number":13479464,"account":{"address":"0x083fcbf9ad41b8738d204c48a768bba71654ddd2","tx_count":284,"eth":{"value":"0.087571846113237079","dynamic":"0.087571846113237079"},"nft":{"value":45,"dynamic":45,"collections":[false,false,false,false,false,false,false],"collections2":{"89seconds":false,"artBlocks":false,"boredApes":false,"cryptoPunks":false,"ksoids":false,"meebits":false,"omnimorphs":false}}},"floor":0.138}]}