{"uuid":"aaec277c-1316-4491-8532-f19f1f73ddb4","token_id":174,"color":4,"transactions":[{"timestamp":1634206096,"price":0.10301,"block_number":13415700,"account":{"address":"0x2d4eb91cddea03a2a55ccca343147eca764076e2","tx_count":936,"eth":{"value":"6.955806865011323907","dynamic":"6.805273561241420102"},"nft":{"value":145,"dynamic":138,"collections":[false,false,false,false,false,false,false],"collections2":{"89seconds":false,"artBlocks":false,"boredApes":false,"cryptoPunks":false,"ksoids":false,"meebits":false,"omnimorphs":false}}},"floor":0.10301},{"timestamp":1634206344,"price":0.25,"block_number":13415721,"account":{"address":"0x6d877ace8e049bfac0c8a031a3118d2ffa5ed630","tx_count":1017,"eth":{"value":"4.287760865530197247","dynamic":"4.287760865530197247"},"nft":{"value":376,"dynamic":376,"collections":[false,false,false,false,false,false,false],"collections2":{"89seconds":false,"artBlocks":false,"boredApes":false,"cryptoPunks":false,"ksoids":false,"meebits":false,"omnimorphs":false}}},"floor":0.10301},{"timestamp":1634370234,"price":0.2,"block_number":13427755,"account":{"address":"0xffe62c6a6597a43ec77e0491cd906cc367a376b1","tx_count":132,"eth":{"value":"0.705959066702377177","dynamic":"0.705959066702377177"},"nft":{"value":42,"dynamic":42,"collections":[false,false,false,false,false,false,false],"collections2":{"89seconds":false,"artBlocks":false,"boredApes":false,"cryptoPunks":false,"ksoids":false,"meebits":false,"omnimorphs":true}}},"floor":0.10301}]}