{"uuid":"3bfa58b7-c390-4df5-9209-f1b04b16b3b0","token_id":178,"color":3,"transactions":[{"timestamp":1634206096,"price":0.10301,"block_number":13415700,"account":{"address":"0xd387009a2eb90f1469034a5a946684e71c7e29fb","tx_count":65,"eth":{"value":"0.046515063407813104","dynamic":"0.046515063407813104"},"nft":{"value":18,"dynamic":18,"collections":[false,false,false,false,false,false,false],"collections2":{"89seconds":false,"artBlocks":false,"boredApes":false,"cryptoPunks":false,"ksoids":false,"meebits":false,"omnimorphs":true}}},"floor":0.10301},{"timestamp":1636544486,"price":0.001,"block_number":13588293,"account":{"address":"0x2da9ddca4a6e2e14da8f039912bed7777e60c510","tx_count":4,"eth":{"value":"0.02553799236202201","dynamic":"0.02553799236202201"},"nft":{"value":1,"dynamic":1,"collections":[false,false,false,false,false,false,false],"collections2":{"89seconds":false,"artBlocks":false,"boredApes":false,"cryptoPunks":false,"ksoids":false,"meebits":false,"omnimorphs":false}}},"floor":0.075}]}