{"uuid":"90bccefc-3ba4-4e89-90c1-c0b83bd32989","token_id":172,"color":4,"transactions":[{"timestamp":1634206096,"price":0.10301,"block_number":13415700,"account":{"address":"0x083fcbf9ad41b8738d204c48a768bba71654ddd2","tx_count":246,"eth":{"value":"0.471735790260275496","dynamic":"0.471735790260275496"},"nft":{"value":46,"dynamic":46,"collections":[false,false,false,false,false,false,false],"collections2":{"89seconds":false,"artBlocks":false,"boredApes":false,"cryptoPunks":false,"ksoids":false,"meebits":false,"omnimorphs":false}}},"floor":0.10301},{"timestamp":1634978920,"price":0.15,"block_number":13472784,"account":{"address":"0x083fcbf9ad41b8738d204c48a768bba71654ddd2","tx_count":272,"eth":{"value":"0.099562920504805542","dynamic":"0.099562920504805542"},"nft":{"value":46,"dynamic":46,"collections":[false,false,false,false,false,false,false],"collections2":{"89seconds":false,"artBlocks":false,"boredApes":false,"cryptoPunks":false,"ksoids":false,"meebits":false,"omnimorphs":false}}},"floor":0.10301},{"timestamp":1634979457,"price":0.15,"block_number":13472823,"account":{"address":"0xf97edfb2066bb13ad14efc54072c9238113c9610","tx_count":23,"eth":{"value":"0.011348531950163171","dynamic":"0.011348531950163171"},"nft":{"value":7,"dynamic":7,"collections":[false,false,false,false,false,false,false],"collections2":{"89seconds":false,"artBlocks":false,"boredApes":false,"cryptoPunks":false,"ksoids":false,"meebits":false,"omnimorphs":false}}},"floor":0.135},{"timestamp":1634981002,"price":0.15,"block_number":13472940,"account":{"address":"0x083fcbf9ad41b8738d204c48a768bba71654ddd2","tx_count":274,"eth":{"value":"0.078116401028931833","dynamic":"0.078116401028931833"},"nft":{"value":46,"dynamic":46,"collections":[false,false,false,false,false,false,false],"collections2":{"89seconds":false,"artBlocks":false,"boredApes":false,"cryptoPunks":false,"ksoids":false,"meebits":false,"omnimorphs":false}}},"floor":0.10935000000000002},{"timestamp":1634983725,"price":0.15,"block_number":13473146,"account":{"address":"0xf97edfb2066bb13ad14efc54072c9238113c9610","tx_count":24,"eth":{"value":"0.072117528947100513","dynamic":"0.072117528947100513"},"nft":{"value":6,"dynamic":6,"collections":[false,false,false,false,false,false,false],"collections2":{"89seconds":false,"artBlocks":false,"boredApes":false,"cryptoPunks":false,"ksoids":false,"meebits":false,"omnimorphs":false}}},"floor":0.12150000000000001},{"timestamp":1634983931,"price":0.15,"block_number":13473164,"account":{"address":"0x083fcbf9ad41b8738d204c48a768bba71654ddd2","tx_count":277,"eth":{"value":"0.072241279569189448","dynamic":"0.072241279569189448"},"nft":{"value":46,"dynamic":46,"collections":[false,false,false,false,false,false,false],"collections2":{"89seconds":false,"artBlocks":false,"boredApes":false,"cryptoPunks":false,"ksoids":false,"meebits":false,"omnimorphs":false}}},"floor":0.135},{"timestamp":1634984273,"price":0.15,"block_number":13473184,"account":{"address":"0xf97edfb2066bb13ad14efc54072c9238113c9610","tx_count":25,"eth":{"value":"0.052187665055183911","dynamic":"0.052187665055183911"},"nft":{"value":7,"dynamic":7,"collections":[false,false,false,false,false,false,false],"collections2":{"89seconds":false,"artBlocks":false,"boredApes":false,"cryptoPunks":false,"ksoids":false,"meebits":false,"omnimorphs":false}}},"floor":0.135}]}