{"uuid":"1a1b3688-51de-46c4-a59b-a73b9df4d9a2","token_id":170,"color":4,"transactions":[{"timestamp":1634206096,"price":0.10301,"block_number":13415700,"account":{"address":"0x3edc863789a36f508340ea3f2aa40674139cf5b6","tx_count":238,"eth":{"value":"0.601787859709385309","dynamic":"0.576708445709385309"},"nft":{"value":60,"dynamic":60,"collections":[false,false,false,false,false,false,false],"collections2":{"89seconds":false,"artBlocks":false,"boredApes":false,"cryptoPunks":false,"ksoids":false,"meebits":false,"omnimorphs":false}}},"floor":0.10301},{"timestamp":1634839744,"price":0.195,"block_number":13462545,"account":{"address":"0xd378a3a648178d556107418cb970be14571bb7fc","tx_count":60,"eth":{"value":"0.392753950639749087","dynamic":"-0.107436443160250913"},"nft":{"value":16,"dynamic":10,"collections":[false,false,false,false,false,false,false],"collections2":{"89seconds":false,"artBlocks":false,"boredApes":false,"cryptoPunks":false,"ksoids":true,"meebits":false,"omnimorphs":false}}},"floor":0.10301},{"timestamp":1634844889,"price":0.15,"block_number":13462910,"account":{"address":"0x9ede8a7572dc0e931b6a7daceda94303df178f03","tx_count":18,"eth":{"value":"0.062162140011029972","dynamic":"0.062162140011029972"},"nft":{"value":1,"dynamic":1,"collections":[false,false,false,false,false,false,false],"collections2":{"89seconds":false,"artBlocks":false,"boredApes":false,"cryptoPunks":false,"ksoids":false,"meebits":false,"omnimorphs":false}}},"floor":0.10301},{"timestamp":1634848245,"price":0.2,"block_number":13463160,"account":{"address":"0xd378a3a648178d556107418cb970be14571bb7fc","tx_count":63,"eth":{"value":"0.064189138809442758","dynamic":"-0.436001254990557242"},"nft":{"value":16,"dynamic":10,"collections":[false,false,false,false,false,false,false],"collections2":{"89seconds":false,"artBlocks":false,"boredApes":false,"cryptoPunks":false,"ksoids":true,"meebits":false,"omnimorphs":false}}},"floor":0.10301},{"timestamp":1636220532,"price":0.1,"block_number":13564375,"account":{"address":"0x6f635c5d75a0409702b2d947db2ba7f27828bd65","tx_count":51,"eth":{"value":"0.077563227874594329","dynamic":"-1.318045284625405671"},"nft":{"value":1,"dynamic":1,"collections":[false,false,false,false,false,false,false],"collections2":{"89seconds":false,"artBlocks":false,"boredApes":false,"cryptoPunks":false,"ksoids":false,"meebits":false,"omnimorphs":false}}},"floor":0.05301},{"timestamp":1636221263,"price":0.1,"block_number":13564430,"account":{"address":"0xd378a3a648178d556107418cb970be14571bb7fc","tx_count":100,"eth":{"value":"0.394469905412268364","dynamic":"-0.012550836719559861"},"nft":{"value":13,"dynamic":11,"collections":[false,false,false,false,false,false,false],"collections2":{"89seconds":false,"artBlocks":false,"boredApes":false,"cryptoPunks":false,"ksoids":false,"meebits":false,"omnimorphs":false}}},"floor":0.05301},{"timestamp":1636397937,"price":0.1,"block_number":13577486,"account":{"address":"0x6f635c5d75a0409702b2d947db2ba7f27828bd65","tx_count":53,"eth":{"value":"0.040255685311506015","dynamic":"-1.355352827188493985"},"nft":{"value":1,"dynamic":1,"collections":[false,false,false,false,false,false,false],"collections2":{"89seconds":false,"artBlocks":false,"boredApes":false,"cryptoPunks":false,"ksoids":false,"meebits":false,"omnimorphs":false}}},"floor":0.07301}]}