{"uuid":"e83dacf0-80a5-4fb9-af82-ddf0d8a0e5c3","token_id":183,"color":2,"transactions":[{"timestamp":1634206123,"price":0.10301,"block_number":13415701,"account":{"address":"0x46f9dc1c216ada607f49665a53c028351f68a6f6","tx_count":158,"eth":{"value":"0.370398588921516531","dynamic":"0.350980836802670729"},"nft":{"value":6,"dynamic":6,"collections":[false,false,false,false,false,false,false],"collections2":{"89seconds":false,"artBlocks":false,"boredApes":false,"cryptoPunks":false,"ksoids":false,"meebits":false,"omnimorphs":false}}},"floor":0.10301}]}