{"uuid":"f93facbb-e180-405e-8613-9d300b013a4f","token_id":181,"color":4,"transactions":[{"timestamp":1634206123,"price":0.10301,"block_number":13415701,"account":{"address":"0x135dbda444ffcd5cc4506fcb0dcbb48da5f1f988","tx_count":78,"eth":{"value":"0.273442734973172835","dynamic":"0.273442734973172835"},"nft":{"value":26,"dynamic":26,"collections":[false,false,false,false,false,false,false],"collections2":{"89seconds":false,"artBlocks":false,"boredApes":false,"cryptoPunks":false,"ksoids":false,"meebits":false,"omnimorphs":true}}},"floor":0.10301},{"timestamp":1635163010,"price":0.14,"block_number":13486436,"account":{"address":"0xe496b00bcbf9f755cbc330d14d4507c87579ecda","tx_count":145,"eth":{"value":"0.509734984632651889","dynamic":"0.509734984632651889"},"nft":{"value":60,"dynamic":60,"collections":[false,false,false,false,false,false,false],"collections2":{"89seconds":false,"artBlocks":false,"boredApes":false,"cryptoPunks":false,"ksoids":false,"meebits":false,"omnimorphs":true}}},"floor":0.12411},{"timestamp":1640499990,"price":0.05,"block_number":13879184,"account":{"address":"0x135dbda444ffcd5cc4506fcb0dcbb48da5f1f988","tx_count":128,"eth":{"value":"1.047734406590394197","dynamic":"1.026955635908313104"},"nft":{"value":43,"dynamic":25,"collections":[false,false,false,false,false,false,false],"collections2":{"89seconds":false,"artBlocks":false,"boredApes":false,"cryptoPunks":false,"ksoids":false,"meebits":false,"omnimorphs":true}}},"floor":0.05},{"timestamp":1640502326,"price":0.05,"block_number":13879352,"account":{"address":"0xe496b00bcbf9f755cbc330d14d4507c87579ecda","tx_count":194,"eth":{"value":"0.078806725772224323","dynamic":"-0.489587825596499161"},"nft":{"value":64,"dynamic":30,"collections":[false,false,false,false,false,false,false],"collections2":{"89seconds":false,"artBlocks":false,"boredApes":false,"cryptoPunks":false,"ksoids":false,"meebits":false,"omnimorphs":false}}},"floor":0.05},{"timestamp":1640503829,"price":0.05,"block_number":13879457,"account":{"address":"0x135dbda444ffcd5cc4506fcb0dcbb48da5f1f988","tx_count":130,"eth":{"value":"1.07934630818269371","dynamic":"1.058567537500612617"},"nft":{"value":43,"dynamic":25,"collections":[false,false,false,false,false,false,false],"collections2":{"89seconds":false,"artBlocks":false,"boredApes":false,"cryptoPunks":false,"ksoids":false,"meebits":false,"omnimorphs":true}}},"floor":0.05},{"timestamp":1640506398,"price":0.05,"block_number":13879653,"account":{"address":"0xe496b00bcbf9f755cbc330d14d4507c87579ecda","tx_count":196,"eth":{"value":"0.057036766262702268","dynamic":"-0.511357785106021216"},"nft":{"value":64,"dynamic":30,"collections":[false,false,false,false,false,false,false],"collections2":{"89seconds":false,"artBlocks":false,"boredApes":false,"cryptoPunks":false,"ksoids":false,"meebits":false,"omnimorphs":false}}},"floor":0.05},{"timestamp":1640508534,"price":0.1,"block_number":13879800,"account":{"address":"0x135dbda444ffcd5cc4506fcb0dcbb48da5f1f988","tx_count":132,"eth":{"value":"0.959325665944263926","dynamic":"0.938546895262182833"},"nft":{"value":43,"dynamic":25,"collections":[false,false,false,false,false,false,false],"collections2":{"89seconds":false,"artBlocks":false,"boredApes":false,"cryptoPunks":false,"ksoids":false,"meebits":false,"omnimorphs":true}}},"floor":0.057}]}