{"uuid":"b2467a77-2abe-4821-af1c-bc8eead61bfc","token_id":180,"color":2,"transactions":[{"timestamp":1634206096,"price":0.10301,"block_number":13415700,"account":{"address":"0xe27946e301d60c1020e0a9d62cd0ed7a4a8f7d23","tx_count":33,"eth":{"value":"0.074064400321465529","dynamic":"0.074064400321465529"},"nft":{"value":12,"dynamic":12,"collections":[false,false,false,false,false,false,false],"collections2":{"89seconds":false,"artBlocks":false,"boredApes":false,"cryptoPunks":false,"ksoids":false,"meebits":false,"omnimorphs":true}}},"floor":0.10301}]}