{"uuid":"76bb6278-3f6c-4b68-a0b0-83ee3fbf10f6","token_id":186,"color":3,"transactions":[{"timestamp":1634206134,"price":0.10301,"block_number":13415702,"account":{"address":"0xcf240e4a8491ee20fad427197fb9e11890bcf892","tx_count":10,"eth":{"value":"0.039174498255517758","dynamic":"0.039174498255517758"},"nft":{"value":3,"dynamic":3,"collections":[false,false,false,false,false,false,false],"collections2":{"89seconds":false,"artBlocks":false,"boredApes":false,"cryptoPunks":false,"ksoids":false,"meebits":false,"omnimorphs":false}}},"floor":0.10301},{"timestamp":1635128439,"price":0.1425,"block_number":13483861,"account":{"address":"0x0011c798d0a37fd3fa978b4dd4d7c4b721af83bc","tx_count":4,"eth":{"value":"0.080066940558755408","dynamic":"0.080066940558755408"},"nft":{"value":1,"dynamic":1,"collections":[false,false,false,false,false,false,false],"collections2":{"89seconds":false,"artBlocks":false,"boredApes":false,"cryptoPunks":false,"ksoids":false,"meebits":false,"omnimorphs":false}}},"floor":0.10301}]}