{"uuid":"2807634f-0a4d-4a8b-8cf3-067c521ed6f8","token_id":189,"color":1,"transactions":[{"timestamp":1634206155,"price":0.10301,"block_number":13415704,"account":{"address":"0x27fd1b128d04275d3223b7749fb2bb177acc509c","tx_count":10,"eth":{"value":"0.025787731173514706","dynamic":"0.025787731173514706"},"nft":{"value":7,"dynamic":7,"collections":[false,false,false,false,false,false,false],"collections2":{"89seconds":false,"artBlocks":false,"boredApes":false,"cryptoPunks":false,"ksoids":false,"meebits":false,"omnimorphs":false}}},"floor":0.10301},{"timestamp":1634921963,"price":0.2,"block_number":13468612,"account":{"address":"0x53aeb4a27ee6a2a3f7f21f5f2e14785480ac556f","tx_count":49,"eth":{"value":"0.195514735796436663","dynamic":"0.195514735796436663"},"nft":{"value":10,"dynamic":10,"collections":[false,false,false,false,false,false,false],"collections2":{"89seconds":false,"artBlocks":false,"boredApes":false,"cryptoPunks":false,"ksoids":false,"meebits":false,"omnimorphs":false}}},"floor":0.13}]}