{"uuid":"e79db2d4-c208-4870-bac2-89b2a9b10963","token_id":187,"color":1,"transactions":[{"timestamp":1634206145,"price":0.10301,"block_number":13415703,"account":{"address":"0x92231a8df5b879f0d5e864ce2d2db610cc1844c8","tx_count":45,"eth":{"value":"1.935962492645493389","dynamic":"1.881984545694145284"},"nft":{"value":19,"dynamic":19,"collections":[false,false,false,false,false,false,false],"collections2":{"89seconds":false,"artBlocks":false,"boredApes":false,"cryptoPunks":false,"ksoids":false,"meebits":false,"omnimorphs":false}}},"floor":0.10301},{"timestamp":1634925038,"price":0.14,"block_number":13468843,"account":{"address":"0x167d05cc6e91c40e7eb06b9497fb2b6d81757df7","tx_count":52,"eth":{"value":"0.000498324673121061","dynamic":"0.000498324673121061"},"nft":{"value":20,"dynamic":20,"collections":[false,false,false,false,false,false,false],"collections2":{"89seconds":false,"artBlocks":false,"boredApes":false,"cryptoPunks":false,"ksoids":false,"meebits":false,"omnimorphs":false}}},"floor":0.13},{"timestamp":1636111607,"price":0.095,"block_number":13556312,"account":{"address":"0x76bcf871495ba4cb3e431a35140d823f1a92f8e5","tx_count":7,"eth":{"value":"0.575010142627349026","dynamic":"0.575010142627349026"},"nft":{"value":4,"dynamic":4,"collections":[false,false,false,false,false,false,false],"collections2":{"89seconds":false,"artBlocks":false,"boredApes":false,"cryptoPunks":false,"ksoids":false,"meebits":false,"omnimorphs":false}}},"floor":0.05301},{"timestamp":1636234693,"price":0.088,"block_number":13565413,"account":{"address":"0x4daedd0c7906b0d5e7e5805f283b0d8805735971","tx_count":747,"eth":{"value":"0.227678461329127036","dynamic":"-4.76573213210946004"},"nft":{"value":216,"dynamic":204,"collections":[false,false,false,false,false,false,false],"collections2":{"89seconds":false,"artBlocks":false,"boredApes":false,"cryptoPunks":false,"ksoids":false,"meebits":false,"omnimorphs":true}}},"floor":0.05301}]}