{"uuid":"f610932f-e97b-4e3c-9bff-0b82c91287a9","token_id":188,"color":3,"transactions":[{"timestamp":1634206155,"price":0.10301,"block_number":13415704,"account":{"address":"0xbc6993b84b19eec76b295462e7149adfe7a8136b","tx_count":79,"eth":{"value":"1.076296105109963951","dynamic":"1.076296105109963951"},"nft":{"value":17,"dynamic":17,"collections":[false,false,false,false,false,false,false],"collections2":{"89seconds":false,"artBlocks":false,"boredApes":false,"cryptoPunks":false,"ksoids":false,"meebits":false,"omnimorphs":false}}},"floor":0.10301}]}