{"uuid":"aa1ae612-9bdc-40c5-a4c8-18299b96ae35","token_id":182,"color":1,"transactions":[{"timestamp":1634206123,"price":0.10301,"block_number":13415701,"account":{"address":"0xf89d6c82a15dead8c900536261d66fc39279bb86","tx_count":14,"eth":{"value":"0.159833075432962932","dynamic":"0.159833075432962932"},"nft":{"value":3,"dynamic":3,"collections":[false,false,false,false,false,false,false],"collections2":{"89seconds":false,"artBlocks":false,"boredApes":false,"cryptoPunks":false,"ksoids":false,"meebits":false,"omnimorphs":false}}},"floor":0.10301},{"timestamp":1640849717,"price":0.06,"block_number":13905370,"account":{"address":"0xe052113bd7d7700d623414a0a4585bcae754e9d5","tx_count":83551,"eth":{"value":"37.884736913285971132","dynamic":"-4.396201758104664279"},"nft":{"value":5100,"dynamic":7500,"collections":[false,false,false,false,false,false,false],"collections2":{"89seconds":false,"artBlocks":false,"boredApes":true,"cryptoPunks":false,"ksoids":false,"meebits":false,"omnimorphs":false}}},"floor":0.0429},{"timestamp":1640852574,"price":0.0777,"block_number":13905592,"account":{"address":"0xe052113bd7d7700d623414a0a4585bcae754e9d5","tx_count":83577,"eth":{"value":"37.663618157285971132","dynamic":"-4.588358415004664279"},"nft":{"value":10050,"dynamic":10050,"collections":[false,false,false,false,false,false,false],"collections2":{"89seconds":false,"artBlocks":false,"boredApes":true,"cryptoPunks":false,"ksoids":false,"meebits":false,"omnimorphs":false}}},"floor":0.0429}]}