{"uuid":"226add32-6268-49d5-939c-661ec6bfcaf9","token_id":185,"color":5,"transactions":[{"timestamp":1634206134,"price":0.10301,"block_number":13415702,"account":{"address":"0xcf240e4a8491ee20fad427197fb9e11890bcf892","tx_count":10,"eth":{"value":"0.039174498255517758","dynamic":"0.039174498255517758"},"nft":{"value":3,"dynamic":3,"collections":[false,false,false,false,false,false,false],"collections2":{"89seconds":false,"artBlocks":false,"boredApes":false,"cryptoPunks":false,"ksoids":false,"meebits":false,"omnimorphs":false}}},"floor":0.10301},{"timestamp":1635130425,"price":0.1425,"block_number":13484006,"account":{"address":"0xc127f2107b79774b650c4ff3f680e5e53e224ecb","tx_count":17,"eth":{"value":"0.446065626414199746","dynamic":"0.446065626414199746"},"nft":{"value":11,"dynamic":11,"collections":[false,false,false,false,false,false,false],"collections2":{"89seconds":false,"artBlocks":false,"boredApes":false,"cryptoPunks":false,"ksoids":false,"meebits":false,"omnimorphs":false}}},"floor":0.10301},{"timestamp":1638972883,"price":0.08,"block_number":13765255,"account":{"address":"0x57c23be389a66a94bbe83871ead5450272f1efd3","tx_count":124,"eth":{"value":"0.011880587363906109","dynamic":"0.011651707363906109"},"nft":{"value":44,"dynamic":44,"collections":[false,false,false,false,false,false,false],"collections2":{"89seconds":false,"artBlocks":false,"boredApes":false,"cryptoPunks":false,"ksoids":false,"meebits":false,"omnimorphs":false}}},"floor":0.0836},{"timestamp":1639854937,"price":0.069,"block_number":13830941,"account":{"address":"0x57c23be389a66a94bbe83871ead5450272f1efd3","tx_count":140,"eth":{"value":"0.04429901101519898","dynamic":"0.024683502618086769"},"nft":{"value":45,"dynamic":39,"collections":[false,false,false,false,false,false,false],"collections2":{"89seconds":false,"artBlocks":false,"boredApes":false,"cryptoPunks":false,"ksoids":false,"meebits":false,"omnimorphs":false}}},"floor":0.068}]}