{"uuid":"4bb17e80-4546-474f-a088-0820367f8518","token_id":184,"color":4,"transactions":[{"timestamp":1634206134,"price":0.10301,"block_number":13415702,"account":{"address":"0xcf240e4a8491ee20fad427197fb9e11890bcf892","tx_count":10,"eth":{"value":"0.039174498255517758","dynamic":"0.039174498255517758"},"nft":{"value":3,"dynamic":3,"collections":[false,false,false,false,false,false,false],"collections2":{"89seconds":false,"artBlocks":false,"boredApes":false,"cryptoPunks":false,"ksoids":false,"meebits":false,"omnimorphs":false}}},"floor":0.10301},{"timestamp":1635130216,"price":0.1425,"block_number":13483990,"account":{"address":"0xbf9277d14a0839527998f304e9480d53f9c17543","tx_count":120,"eth":{"value":"0.4362601817712147","dynamic":"0.4362601817712147"},"nft":{"value":51,"dynamic":51,"collections":[false,false,false,false,false,false,false],"collections2":{"89seconds":false,"artBlocks":false,"boredApes":false,"cryptoPunks":false,"ksoids":false,"meebits":true,"omnimorphs":false}}},"floor":0.1053},{"timestamp":1638903409,"price":0.08,"block_number":13760234,"account":{"address":"0xbf9277d14a0839527998f304e9480d53f9c17543","tx_count":191,"eth":{"value":"0.103408272499817797","dynamic":"0.103408272499817797"},"nft":{"value":64,"dynamic":64,"collections":[false,false,false,false,false,false,false],"collections2":{"89seconds":false,"artBlocks":false,"boredApes":false,"cryptoPunks":false,"ksoids":false,"meebits":true,"omnimorphs":false}}},"floor":0.08},{"timestamp":1639026402,"price":0.08,"block_number":13769143,"account":{"address":"0xbcea18e790ca57c5f3bcfbd7235de6c607776a6b","tx_count":202,"eth":{"value":"0.925538204018690986","dynamic":"-1.304797340176572893"},"nft":{"value":53,"dynamic":17,"collections":[false,false,false,false,false,false,false],"collections2":{"89seconds":false,"artBlocks":false,"boredApes":false,"cryptoPunks":false,"ksoids":false,"meebits":false,"omnimorphs":false}}},"floor":0.08}]}