{"uuid":"8bca7340-c20e-4143-8cde-1d8e82a97704","token_id":192,"color":5,"transactions":[{"timestamp":1634206155,"price":0.10301,"block_number":13415704,"account":{"address":"0xc5442aa3bfcfd998c3d1d5d197e0d8ba689cc3d8","tx_count":881,"eth":{"value":"2.292287081288329072","dynamic":"2.292287081288329072"},"nft":{"value":343,"dynamic":343,"collections":[false,false,false,false,false,false,false],"collections2":{"89seconds":false,"artBlocks":false,"boredApes":false,"cryptoPunks":false,"ksoids":false,"meebits":false,"omnimorphs":false}}},"floor":0.10301},{"timestamp":1634381100,"price":0.148,"block_number":13428559,"account":{"address":"0xc31afe50abc2fc1a3cb5b4d4a163738e595c8fee","tx_count":34,"eth":{"value":"0.026465578313361376","dynamic":"-0.975941377934496407"},"nft":{"value":25,"dynamic":16,"collections":[false,false,false,false,false,false,false],"collections2":{"89seconds":true,"artBlocks":false,"boredApes":false,"cryptoPunks":true,"ksoids":true,"meebits":true,"omnimorphs":false}}},"floor":0.1398},{"timestamp":1636375071,"price":0.09,"block_number":13575814,"account":{"address":"0xc31afe50abc2fc1a3cb5b4d4a163738e595c8fee","tx_count":48,"eth":{"value":"0.683259747965251731","dynamic":"-0.132937577393955102"},"nft":{"value":28,"dynamic":14,"collections":[false,false,false,false,false,false,false],"collections2":{"89seconds":true,"artBlocks":false,"boredApes":false,"cryptoPunks":true,"ksoids":true,"meebits":true,"omnimorphs":false}}},"floor":0.07301}]}