{"uuid":"71c16cc9-c4e5-45f7-bb73-7caa3b132a27","token_id":195,"color":4,"transactions":[{"timestamp":1634206224,"price":0.10301,"block_number":13415706,"account":{"address":"0xc3db4fb5c878015f8bee801e39d8e949fc241684","tx_count":793,"eth":{"value":"1.968337830803759547","dynamic":"1.908844028489811726"},"nft":{"value":211,"dynamic":211,"collections":[false,false,false,false,false,false,false],"collections2":{"89seconds":false,"artBlocks":false,"boredApes":false,"cryptoPunks":false,"ksoids":false,"meebits":false,"omnimorphs":false}}},"floor":0.10301},{"timestamp":1634210346,"price":0.267,"block_number":13416001,"account":{"address":"0x97aa1c2306d3abcab5099d22c6c56eb881cc29ed","tx_count":6,"eth":{"value":"0.761067310376722799","dynamic":"0.761067310376722799"},"nft":{"value":1,"dynamic":1,"collections":[false,false,false,false,false,false,false],"collections2":{"89seconds":false,"artBlocks":false,"boredApes":false,"cryptoPunks":false,"ksoids":false,"meebits":false,"omnimorphs":false}}},"floor":0.10301},{"timestamp":1634215824,"price":0.298,"block_number":13416413,"account":{"address":"0xb557c389778881d050c7fb0ecc8ecad251a0fd09","tx_count":473,"eth":{"value":"6.203161879724709924","dynamic":"6.11739891536465344"},"nft":{"value":193,"dynamic":193,"collections":[false,false,false,false,false,false,false],"collections2":{"89seconds":false,"artBlocks":false,"boredApes":false,"cryptoPunks":false,"ksoids":false,"meebits":false,"omnimorphs":false}}},"floor":0.10301},{"timestamp":1634227343,"price":1,"block_number":13417289,"account":{"address":"0x8f8b4759dc93ca55bd6997df719f20f581f10f5c","tx_count":1436,"eth":{"value":"3.971233759622772746","dynamic":"3.004753241832288025"},"nft":{"value":671,"dynamic":654,"collections":[false,false,false,false,false,false,false],"collections2":{"89seconds":false,"artBlocks":false,"boredApes":false,"cryptoPunks":false,"ksoids":false,"meebits":false,"omnimorphs":false}}},"floor":0.10301},{"timestamp":1634430205,"price":0.24,"block_number":13432240,"account":{"address":"0x98cafe8dcfdad3fc591cf431a0d4888960d6052b","tx_count":23,"eth":{"value":"0.607277332512665968","dynamic":"0.607277332512665968"},"nft":{"value":6,"dynamic":6,"collections":[false,false,false,false,false,false,false],"collections2":{"89seconds":false,"artBlocks":false,"boredApes":false,"cryptoPunks":false,"ksoids":false,"meebits":false,"omnimorphs":false}}},"floor":0.10301},{"timestamp":1634438960,"price":0.19,"block_number":13432875,"account":{"address":"0x63d4a56624a4b24dde2f7be35586ce637850010a","tx_count":398,"eth":{"value":"2.728937918632419974","dynamic":"2.218582035288646433"},"nft":{"value":62,"dynamic":62,"collections":[false,false,false,false,false,false,false],"collections2":{"89seconds":false,"artBlocks":false,"boredApes":false,"cryptoPunks":false,"ksoids":false,"meebits":false,"omnimorphs":false}}},"floor":0.10301},{"timestamp":1634480872,"price":0.19,"block_number":13435950,"account":{"address":"0x98cafe8dcfdad3fc591cf431a0d4888960d6052b","tx_count":30,"eth":{"value":"1.115881873399152968","dynamic":"1.115881873399152968"},"nft":{"value":10,"dynamic":10,"collections":[false,false,false,false,false,false,false],"collections2":{"89seconds":false,"artBlocks":false,"boredApes":false,"cryptoPunks":false,"ksoids":false,"meebits":false,"omnimorphs":false}}},"floor":0.16191}]}