{"uuid":"8636b7fb-4b14-4c60-978b-a7784e3d37eb","token_id":198,"color":5,"transactions":[{"timestamp":1634206166,"price":0.10301,"block_number":13415705,"account":{"address":"0xc3db4fb5c878015f8bee801e39d8e949fc241684","tx_count":793,"eth":{"value":"1.968337830803759547","dynamic":"1.908844028489811726"},"nft":{"value":212,"dynamic":212,"collections":[false,false,false,false,false,false,false],"collections2":{"89seconds":false,"artBlocks":false,"boredApes":false,"cryptoPunks":false,"ksoids":false,"meebits":false,"omnimorphs":false}}},"floor":0.10301},{"timestamp":1634208169,"price":0.258,"block_number":13415857,"account":{"address":"0x19528b15bc460d20af9120942a928026ae3cc5f4","tx_count":147,"eth":{"value":"0.286249193707427879","dynamic":"0.286249193707427879"},"nft":{"value":9,"dynamic":9,"collections":[false,false,false,false,false,false,false],"collections2":{"89seconds":false,"artBlocks":false,"boredApes":false,"cryptoPunks":false,"ksoids":false,"meebits":false,"omnimorphs":false}}},"floor":0.10301},{"timestamp":1634224343,"price":0.319,"block_number":13417048,"account":{"address":"0x31231036ed51376a70b3824d7da1a4e036def5a4","tx_count":403,"eth":{"value":"0.488333722501558365","dynamic":"0.457829518696825086"},"nft":{"value":130,"dynamic":130,"collections":[false,false,false,false,false,false,false],"collections2":{"89seconds":false,"artBlocks":false,"boredApes":false,"cryptoPunks":false,"ksoids":false,"meebits":false,"omnimorphs":false}}},"floor":0.10301},{"timestamp":1634267108,"price":0.325,"block_number":13420158,"account":{"address":"0x56e1b883a7ee8c948d014af899e2710b8b89de6d","tx_count":124,"eth":{"value":"2.37684166751296402","dynamic":"2.37684166751296402"},"nft":{"value":57,"dynamic":57,"collections":[false,false,false,false,false,false,false],"collections2":{"89seconds":false,"artBlocks":false,"boredApes":false,"cryptoPunks":false,"ksoids":false,"meebits":false,"omnimorphs":false}}},"floor":0.10301},{"timestamp":1637076288,"price":0.059,"block_number":13627355,"account":{"address":"0x6513b753670786367922fd32efbb6ce18abd3041","tx_count":409,"eth":{"value":"1.191793650376115321","dynamic":"1.191351952828059074"},"nft":{"value":195,"dynamic":120,"collections":[false,false,false,false,false,false,false],"collections2":{"89seconds":false,"artBlocks":false,"boredApes":true,"cryptoPunks":false,"ksoids":true,"meebits":false,"omnimorphs":false}}},"floor":0.05301}]}