{"uuid":"3b8cfae8-f2ae-4161-b87d-919d23b92f8d","token_id":191,"color":0,"transactions":[{"timestamp":1634206155,"price":0.10301,"block_number":13415704,"account":{"address":"0xc5442aa3bfcfd998c3d1d5d197e0d8ba689cc3d8","tx_count":881,"eth":{"value":"2.292287081288329072","dynamic":"2.292287081288329072"},"nft":{"value":343,"dynamic":343,"collections":[false,false,false,false,false,false,false],"collections2":{"89seconds":false,"artBlocks":false,"boredApes":false,"cryptoPunks":false,"ksoids":false,"meebits":false,"omnimorphs":false}}},"floor":0.10301},{"timestamp":1634381834,"price":0.148,"block_number":13428613,"account":{"address":"0x6332add2d482ca5279d8b8c7518e2747dbf3fc85","tx_count":47,"eth":{"value":"2.88286712146332471","dynamic":"2.808573471566351209"},"nft":{"value":8,"dynamic":8,"collections":[false,false,false,false,false,false,false],"collections2":{"89seconds":false,"artBlocks":false,"boredApes":false,"cryptoPunks":false,"ksoids":false,"meebits":false,"omnimorphs":true}}},"floor":0.12582000000000002},{"timestamp":1635173763,"price":0.15,"block_number":13487263,"account":{"address":"0x14ce500a86f1e3ace039571e657783e069643617","tx_count":3971,"eth":{"value":"31.259824780541277015","dynamic":"29.840863564370337045"},"nft":{"value":100,"dynamic":100,"collections":[false,false,false,false,false,false,false],"collections2":{"89seconds":false,"artBlocks":false,"boredApes":false,"cryptoPunks":false,"ksoids":false,"meebits":false,"omnimorphs":false}}},"floor":0.137}]}