{"uuid":"23dc7479-1cbc-44bf-b47c-c79967b83a8e","token_id":196,"color":0,"transactions":[{"timestamp":1634206230,"price":0.10301,"block_number":13415708,"account":{"address":"0xc3db4fb5c878015f8bee801e39d8e949fc241684","tx_count":793,"eth":{"value":"1.968337830803759547","dynamic":"1.908844028489811726"},"nft":{"value":211,"dynamic":211,"collections":[false,false,false,false,false,false,false],"collections2":{"89seconds":false,"artBlocks":false,"boredApes":false,"cryptoPunks":false,"ksoids":false,"meebits":false,"omnimorphs":false}}},"floor":0.10301},{"timestamp":1634209942,"price":0.268,"block_number":13415964,"account":{"address":"0x28a00b8a10b7175e5e886f1f112a21b8b2460dea","tx_count":38,"eth":{"value":"0.036038808899502108","dynamic":"0.036038808899502108"},"nft":{"value":19,"dynamic":19,"collections":[false,false,false,false,false,false,false],"collections2":{"89seconds":false,"artBlocks":false,"boredApes":false,"cryptoPunks":false,"ksoids":false,"meebits":false,"omnimorphs":true}}},"floor":0.10301}]}