{"uuid":"5ed685b2-33f6-4dcc-ae81-671226f5b113","token_id":190,"color":4,"transactions":[{"timestamp":1634206155,"price":0.10301,"block_number":13415704,"account":{"address":"0xc5442aa3bfcfd998c3d1d5d197e0d8ba689cc3d8","tx_count":881,"eth":{"value":"2.292287081288329072","dynamic":"2.292287081288329072"},"nft":{"value":343,"dynamic":343,"collections":[false,false,false,false,false,false,false],"collections2":{"89seconds":false,"artBlocks":false,"boredApes":false,"cryptoPunks":false,"ksoids":false,"meebits":false,"omnimorphs":false}}},"floor":0.10301},{"timestamp":1634222869,"price":0.33,"block_number":13416932,"account":{"address":"0x26013b787aac632a92483f669e2de85103ad2536","tx_count":731,"eth":{"value":"1.012898186159773866","dynamic":"1.012898186159773866"},"nft":{"value":150,"dynamic":150,"collections":[false,false,false,false,false,false,false],"collections2":{"89seconds":false,"artBlocks":false,"boredApes":false,"cryptoPunks":false,"ksoids":false,"meebits":false,"omnimorphs":false}}},"floor":0.10301},{"timestamp":1634418332,"price":0.0001,"block_number":13431348,"account":{"address":"0x1052dd3882746ed4388b00b0353a69b38f612471","tx_count":122,"eth":{"value":"0.08273832","dynamic":"0.08273832"},"nft":{"value":17,"dynamic":17,"collections":[false,false,false,false,false,false,false],"collections2":{"89seconds":false,"artBlocks":false,"boredApes":false,"cryptoPunks":false,"ksoids":false,"meebits":false,"omnimorphs":false}}},"floor":0.10301},{"timestamp":1634418667,"price":0.000001,"block_number":13431376,"account":{"address":"0x26013b787aac632a92483f669e2de85103ad2536","tx_count":759,"eth":{"value":"1.587795598994418211","dynamic":"1.587795598994418211"},"nft":{"value":159,"dynamic":159,"collections":[false,false,false,false,false,false,false],"collections2":{"89seconds":false,"artBlocks":false,"boredApes":false,"cryptoPunks":false,"ksoids":false,"meebits":false,"omnimorphs":false}}},"floor":0.10301},{"timestamp":1634481848,"price":0.2999,"block_number":13436025,"account":{"address":"0xc5b0d67b004563d633ba58a198441e992a12b04d","tx_count":82,"eth":{"value":"47.34318828969056715","dynamic":"38.40694846269056715"},"nft":{"value":74,"dynamic":60,"collections":[false,false,false,false,false,false,false],"collections2":{"89seconds":false,"artBlocks":false,"boredApes":false,"cryptoPunks":false,"ksoids":true,"meebits":false,"omnimorphs":false}}},"floor":0.16191},{"timestamp":1637404023,"price":0.09523809523809523,"block_number":13651346,"account":{"address":"0xd4ffd5bdc785fe5f8b8d3568ab43b8da8492ca4d","tx_count":208,"eth":{"value":"5970.8776294976164634","dynamic":"1778.2040544592828684"},"nft":{"value":189,"dynamic":188,"collections":[false,false,false,false,false,false,false],"collections2":{"89seconds":false,"artBlocks":false,"boredApes":false,"cryptoPunks":false,"ksoids":false,"meebits":false,"omnimorphs":false}}},"floor":0.098},{"timestamp":1637497646,"price":0.1,"block_number":13658176,"account":{"address":"0xc5b0d67b004563d633ba58a198441e992a12b04d","tx_count":137,"eth":{"value":"27.341210018754633826","dynamic":"18.404970191754633828"},"nft":{"value":166,"dynamic":166,"collections":[false,false,false,false,false,false,false],"collections2":{"89seconds":false,"artBlocks":false,"boredApes":false,"cryptoPunks":false,"ksoids":false,"meebits":false,"omnimorphs":false}}},"floor":0.09}]}