{"uuid":"d405ab9b-6aa7-4a09-9567-41ed9e2c7489","token_id":197,"color":3,"transactions":[{"timestamp":1634206235,"price":0.10301,"block_number":13415709,"account":{"address":"0xc3db4fb5c878015f8bee801e39d8e949fc241684","tx_count":793,"eth":{"value":"1.968337830803759547","dynamic":"1.908844028489811726"},"nft":{"value":211,"dynamic":211,"collections":[false,false,false,false,false,false,false],"collections2":{"89seconds":false,"artBlocks":false,"boredApes":false,"cryptoPunks":false,"ksoids":false,"meebits":false,"omnimorphs":false}}},"floor":0.10301},{"timestamp":1634209705,"price":0.257,"block_number":13415949,"account":{"address":"0x77811b6c55751e28522e3de940abf1a7f3040235","tx_count":132,"eth":{"value":"3.628315515506712864","dynamic":"3.585869685506712864"},"nft":{"value":11,"dynamic":10,"collections":[false,false,false,false,false,false,false],"collections2":{"89seconds":false,"artBlocks":false,"boredApes":false,"cryptoPunks":false,"ksoids":false,"meebits":false,"omnimorphs":false}}},"floor":0.10301},{"timestamp":1636925069,"price":0.1,"block_number":13616364,"account":{"address":"0xe6ce3e44c983aa9966f141dbbf0773c17c7c2680","tx_count":163,"eth":{"value":"1.244810579451557727","dynamic":"-0.965836612963857409"},"nft":{"value":30,"dynamic":24,"collections":[false,false,false,false,false,false,false],"collections2":{"89seconds":false,"artBlocks":false,"boredApes":false,"cryptoPunks":false,"ksoids":false,"meebits":true,"omnimorphs":false}}},"floor":0.0666},{"timestamp":1636935404,"price":0.075,"block_number":13617128,"account":{"address":"0xc88b963239b6918f74c3298bb1dc079b92671e42","tx_count":3057,"eth":{"value":"0.214812943448878601","dynamic":"0.214812943448878601"},"nft":{"value":308,"dynamic":11,"collections":[false,false,false,false,false,false,false],"collections2":{"89seconds":false,"artBlocks":false,"boredApes":false,"cryptoPunks":false,"ksoids":false,"meebits":true,"omnimorphs":false}}},"floor":0.068},{"timestamp":1636936840,"price":0.07,"block_number":13617232,"account":{"address":"0xe6ce3e44c983aa9966f141dbbf0773c17c7c2680","tx_count":167,"eth":{"value":"0.092344981439821358","dynamic":"-2.118302210975593778"},"nft":{"value":21,"dynamic":15,"collections":[false,false,false,false,false,false,false],"collections2":{"89seconds":false,"artBlocks":false,"boredApes":false,"cryptoPunks":false,"ksoids":false,"meebits":true,"omnimorphs":false}}},"floor":0.068},{"timestamp":1636937927,"price":0.07,"block_number":13617313,"account":{"address":"0xc88b963239b6918f74c3298bb1dc079b92671e42","tx_count":3059,"eth":{"value":"0.048049826130967601","dynamic":"0.048049826130967601"},"nft":{"value":315,"dynamic":18,"collections":[false,false,false,false,false,false,false],"collections2":{"89seconds":false,"artBlocks":false,"boredApes":false,"cryptoPunks":false,"ksoids":false,"meebits":true,"omnimorphs":false}}},"floor":0.068},{"timestamp":1636938966,"price":0.07,"block_number":13617391,"account":{"address":"0xe6ce3e44c983aa9966f141dbbf0773c17c7c2680","tx_count":169,"eth":{"value":"0.173979129126334412","dynamic":"-2.036668063289080724"},"nft":{"value":27,"dynamic":21,"collections":[false,false,false,false,false,false,false],"collections2":{"89seconds":false,"artBlocks":false,"boredApes":false,"cryptoPunks":false,"ksoids":false,"meebits":true,"omnimorphs":false}}},"floor":0.068}]}