{"uuid":"dae14401-ab4a-4ab9-befb-0e8934baa3ea","token_id":199,"color":0,"transactions":[{"timestamp":1634206166,"price":0.10301,"block_number":13415705,"account":{"address":"0x6853a596d6d7264d3622546da3b891b6fe17eb82","tx_count":2005,"eth":{"value":"6.381773317889620721","dynamic":"4.992193686296831317"},"nft":{"value":593,"dynamic":171,"collections":[false,false,false,false,false,false,false],"collections2":{"89seconds":true,"artBlocks":false,"boredApes":false,"cryptoPunks":true,"ksoids":false,"meebits":true,"omnimorphs":false}}},"floor":0.10301},{"timestamp":1639133624,"price":0.014,"block_number":13776970,"account":{"address":"0xfbbfe34dd02161956c57ec0b9229ce6593605994","tx_count":46,"eth":{"value":"0.227888521834527594","dynamic":"-0.096592676169630581"},"nft":{"value":7,"dynamic":2,"collections":[false,false,false,false,false,false,false],"collections2":{"89seconds":false,"artBlocks":false,"boredApes":false,"cryptoPunks":false,"ksoids":false,"meebits":false,"omnimorphs":false}}},"floor":0.08},{"timestamp":1639134424,"price":0.025,"block_number":13777025,"account":{"address":"0x4027cdb0502bae14fea8ff50b0ea59d560fc880b","tx_count":174,"eth":{"value":"0.674536141055326763","dynamic":"-10.554340854005506496"},"nft":{"value":32,"dynamic":8,"collections":[false,false,false,false,false,false,false],"collections2":{"89seconds":false,"artBlocks":false,"boredApes":false,"cryptoPunks":false,"ksoids":false,"meebits":false,"omnimorphs":false}}},"floor":0.08},{"timestamp":1639136491,"price":0.02,"block_number":13777177,"account":{"address":"0x9a3e204bd2f012122b228fa68bf97539da965d3b","tx_count":1004,"eth":{"value":"0.090883437592133947","dynamic":"-0.061530106605183889"},"nft":{"value":130,"dynamic":18,"collections":[false,false,false,false,false,false,false],"collections2":{"89seconds":false,"artBlocks":false,"boredApes":false,"cryptoPunks":false,"ksoids":false,"meebits":false,"omnimorphs":false}}},"floor":0.08},{"timestamp":1639137286,"price":0.012,"block_number":13777245,"account":{"address":"0x5800e19584ffc413efd296038d5fd117dd0dccce","tx_count":18,"eth":{"value":"0.008505463656812654","dynamic":"-0.61564467269038838"},"nft":{"value":16,"dynamic":1,"collections":[false,false,false,false,false,false,false],"collections2":{"89seconds":false,"artBlocks":false,"boredApes":false,"cryptoPunks":false,"ksoids":false,"meebits":false,"omnimorphs":false}}},"floor":0.08},{"timestamp":1639138597,"price":0.03,"block_number":13777359,"account":{"address":"0x9a3e204bd2f012122b228fa68bf97539da965d3b","tx_count":1006,"eth":{"value":"0.068565444668041207","dynamic":"-0.083848099529276629"},"nft":{"value":130,"dynamic":18,"collections":[false,false,false,false,false,false,false],"collections2":{"89seconds":false,"artBlocks":false,"boredApes":false,"cryptoPunks":false,"ksoids":false,"meebits":false,"omnimorphs":false}}},"floor":0.08},{"timestamp":1639140813,"price":0.015,"block_number":13777517,"account":{"address":"0x9a3e204bd2f012122b228fa68bf97539da965d3b","tx_count":1008,"eth":{"value":"0.054180994241735555","dynamic":"-0.098232549955582281"},"nft":{"value":131,"dynamic":19,"collections":[false,false,false,false,false,false,false],"collections2":{"89seconds":false,"artBlocks":false,"boredApes":false,"cryptoPunks":false,"ksoids":false,"meebits":false,"omnimorphs":false}}},"floor":0.08}]}