{"uuid":"2f2302d3-1676-4a7a-a85e-d52bcb0b6f61","token_id":194,"color":0,"transactions":[{"timestamp":1634206155,"price":0.10301,"block_number":13415704,"account":{"address":"0x1f49e1fae7b487d6bcb86d702b06ee7a45b72ee8","tx_count":24,"eth":{"value":"3.431860607761949362","dynamic":"3.218420467066941003"},"nft":{"value":29,"dynamic":24,"collections":[false,false,false,false,false,false,false],"collections2":{"89seconds":false,"artBlocks":false,"boredApes":true,"cryptoPunks":true,"ksoids":false,"meebits":false,"omnimorphs":false}}},"floor":0.10301}]}