{"uuid":"80beff17-653f-426b-80ce-5d90202a893d","token_id":203,"color":5,"transactions":[{"timestamp":1634206166,"price":0.10301,"block_number":13415705,"account":{"address":"0xd8404763bce69672b42d9409f3ac9b4b2e684cfb","tx_count":455,"eth":{"value":"1.475690196596809756","dynamic":"1.46971489845822152"},"nft":{"value":121,"dynamic":116,"collections":[false,false,false,false,false,false,false],"collections2":{"89seconds":false,"artBlocks":false,"boredApes":false,"cryptoPunks":false,"ksoids":false,"meebits":false,"omnimorphs":false}}},"floor":0.10301},{"timestamp":1635601465,"price":0.3,"block_number":13518775,"account":{"address":"0xc5b0d67b004563d633ba58a198441e992a12b04d","tx_count":118,"eth":{"value":"36.10889570217346227","dynamic":"27.17265587517346227"},"nft":{"value":98,"dynamic":84,"collections":[false,false,false,false,false,false,false],"collections2":{"89seconds":false,"artBlocks":false,"boredApes":false,"cryptoPunks":false,"ksoids":true,"meebits":false,"omnimorphs":false}}},"floor":0.05301},{"timestamp":1637404023,"price":0.09523809523809523,"block_number":13651346,"account":{"address":"0xd4ffd5bdc785fe5f8b8d3568ab43b8da8492ca4d","tx_count":208,"eth":{"value":"5970.8776294976164634","dynamic":"1778.2040544592828684"},"nft":{"value":189,"dynamic":188,"collections":[false,false,false,false,false,false,false],"collections2":{"89seconds":false,"artBlocks":false,"boredApes":false,"cryptoPunks":false,"ksoids":false,"meebits":false,"omnimorphs":false}}},"floor":0.098},{"timestamp":1637497646,"price":0.1,"block_number":13658176,"account":{"address":"0xc5b0d67b004563d633ba58a198441e992a12b04d","tx_count":137,"eth":{"value":"27.341210018754633826","dynamic":"18.404970191754633828"},"nft":{"value":166,"dynamic":166,"collections":[false,false,false,false,false,false,false],"collections2":{"89seconds":false,"artBlocks":false,"boredApes":false,"cryptoPunks":false,"ksoids":false,"meebits":false,"omnimorphs":false}}},"floor":0.09},{"timestamp":1638087763,"price":0.09666666666666666,"block_number":13701323,"account":{"address":"0xd4ffd5bdc785fe5f8b8d3568ab43b8da8492ca4d","tx_count":211,"eth":{"value":"5980.7425667657613193","dynamic":"1788.0689917274277243"},"nft":{"value":63,"dynamic":62,"collections":[false,false,false,false,false,false,false],"collections2":{"89seconds":false,"artBlocks":false,"boredApes":false,"cryptoPunks":false,"ksoids":false,"meebits":false,"omnimorphs":false}}},"floor":0.08},{"timestamp":1638088265,"price":0.1,"block_number":13701356,"account":{"address":"0xc5b0d67b004563d633ba58a198441e992a12b04d","tx_count":138,"eth":{"value":"28.372607660809381578","dynamic":"19.436367833809381577"},"nft":{"value":181,"dynamic":181,"collections":[false,false,false,false,false,false,false],"collections2":{"89seconds":false,"artBlocks":false,"boredApes":false,"cryptoPunks":false,"ksoids":false,"meebits":false,"omnimorphs":false}}},"floor":0.08},{"timestamp":1639817913,"price":0.08,"block_number":13828203,"account":{"address":"0xd4ffd5bdc785fe5f8b8d3568ab43b8da8492ca4d","tx_count":213,"eth":{"value":"5880.994749803555667","dynamic":"1688.3211747652220721"},"nft":{"value":88,"dynamic":87,"collections":[false,false,false,false,false,false,false],"collections2":{"89seconds":false,"artBlocks":false,"boredApes":false,"cryptoPunks":false,"ksoids":false,"meebits":false,"omnimorphs":false}}},"floor":0.065}]}