{"uuid":"ef8f7bcb-fb60-4d22-ab63-37d395b83f0f","token_id":204,"color":0,"transactions":[{"timestamp":1634206166,"price":0.10301,"block_number":13415705,"account":{"address":"0xd8404763bce69672b42d9409f3ac9b4b2e684cfb","tx_count":455,"eth":{"value":"1.475690196596809756","dynamic":"1.46971489845822152"},"nft":{"value":121,"dynamic":116,"collections":[false,false,false,false,false,false,false],"collections2":{"89seconds":false,"artBlocks":false,"boredApes":false,"cryptoPunks":false,"ksoids":false,"meebits":false,"omnimorphs":false}}},"floor":0.10301},{"timestamp":1635110698,"price":0.148,"block_number":13482524,"account":{"address":"0x0e7af95de26bf10e6b9f00d846c22757aa582b9c","tx_count":3478,"eth":{"value":"10.780650972934101374","dynamic":"-6.335319428595777524"},"nft":{"value":76,"dynamic":58,"collections":[false,false,false,false,false,false,false],"collections2":{"89seconds":false,"artBlocks":false,"boredApes":false,"cryptoPunks":false,"ksoids":false,"meebits":false,"omnimorphs":false}}},"floor":0.135}]}