{"uuid":"3c693ae8-964f-45a7-b971-bc17477a1886","token_id":206,"color":3,"transactions":[{"timestamp":1634206202,"price":0.10301,"block_number":13415706,"account":{"address":"0x8f9136e0b058b1696b4d9185d8f479656d92547d","tx_count":567,"eth":{"value":"0.031022365336612015","dynamic":"-0.004742078048174635"},"nft":{"value":104,"dynamic":95,"collections":[false,false,false,false,false,false,false],"collections2":{"89seconds":false,"artBlocks":false,"boredApes":false,"cryptoPunks":false,"ksoids":false,"meebits":false,"omnimorphs":false}}},"floor":0.10301},{"timestamp":1634224026,"price":0.35,"block_number":13417024,"account":{"address":"0xc8b0cbfd9b87cb59b0aa7b0c5bfc57affba25da5","tx_count":894,"eth":{"value":"0.021234352914680892","dynamic":"0.021234352914680892"},"nft":{"value":16,"dynamic":15,"collections":[false,false,false,false,false,false,false],"collections2":{"89seconds":false,"artBlocks":false,"boredApes":false,"cryptoPunks":false,"ksoids":false,"meebits":false,"omnimorphs":false}}},"floor":0.10301}]}