{"uuid":"ce810e72-1a29-434f-b4ad-987617f748b4","token_id":205,"color":1,"transactions":[{"timestamp":1634206166,"price":0.10301,"block_number":13415705,"account":{"address":"0xd8404763bce69672b42d9409f3ac9b4b2e684cfb","tx_count":455,"eth":{"value":"1.475690196596809756","dynamic":"1.46971489845822152"},"nft":{"value":121,"dynamic":116,"collections":[false,false,false,false,false,false,false],"collections2":{"89seconds":false,"artBlocks":false,"boredApes":false,"cryptoPunks":false,"ksoids":false,"meebits":false,"omnimorphs":false}}},"floor":0.10301},{"timestamp":1634223548,"price":0.34,"block_number":13416993,"account":{"address":"0x1a560d6828e032416350e81bc37b653d9c58e480","tx_count":109,"eth":{"value":"63.94837145801908102","dynamic":"63.940016805019080724"},"nft":{"value":34,"dynamic":28,"collections":[false,false,false,false,false,false,false],"collections2":{"89seconds":false,"artBlocks":false,"boredApes":false,"cryptoPunks":false,"ksoids":false,"meebits":false,"omnimorphs":false}}},"floor":0.10301},{"timestamp":1640698597,"price":0.07,"block_number":13894039,"account":{"address":"0x62174469ab600a7c3add4a2c7a7ca938a811ef46","tx_count":18,"eth":{"value":"154.30409879261811569","dynamic":"-6.141727511236667318"},"nft":{"value":42,"dynamic":41,"collections":[false,false,false,false,false,false,false],"collections2":{"89seconds":false,"artBlocks":false,"boredApes":false,"cryptoPunks":true,"ksoids":false,"meebits":false,"omnimorphs":false}}},"floor":0.05},{"timestamp":1640776029,"price":0.06956521739130435,"block_number":13899852,"account":{"address":"0x1a560d6828e032416350e81bc37b653d9c58e480","tx_count":191,"eth":{"value":"49.519944125811163536","dynamic":"-18.20237957382999464"},"nft":{"value":42,"dynamic":34,"collections":[false,false,false,false,false,false,false],"collections2":{"89seconds":false,"artBlocks":false,"boredApes":false,"cryptoPunks":true,"ksoids":false,"meebits":false,"omnimorphs":false}}},"floor":0.055},{"timestamp":1640782128,"price":0.07,"block_number":13900304,"account":{"address":"0x62174469ab600a7c3add4a2c7a7ca938a811ef46","tx_count":20,"eth":{"value":"153.34975135194306076","dynamic":"-7.096074951911722254"},"nft":{"value":77,"dynamic":76,"collections":[false,false,false,false,false,false,false],"collections2":{"89seconds":false,"artBlocks":false,"boredApes":false,"cryptoPunks":true,"ksoids":false,"meebits":false,"omnimorphs":false}}},"floor":0.0549},{"timestamp":1640785653,"price":0.07333333333333333,"block_number":13900576,"account":{"address":"0x1a560d6828e032416350e81bc37b653d9c58e480","tx_count":193,"eth":{"value":"48.38367705932475752","dynamic":"-19.338646640316400654"},"nft":{"value":47,"dynamic":39,"collections":[false,false,false,false,false,false,false],"collections2":{"89seconds":false,"artBlocks":false,"boredApes":false,"cryptoPunks":true,"ksoids":false,"meebits":false,"omnimorphs":false}}},"floor":0.0549},{"timestamp":1640790346,"price":0.5,"block_number":13900930,"account":{"address":"0x62174469ab600a7c3add4a2c7a7ca938a811ef46","tx_count":21,"eth":{"value":"153.8974063657180856","dynamic":"-6.548419938136697405"},"nft":{"value":63,"dynamic":62,"collections":[false,false,false,false,false,false,false],"collections2":{"89seconds":false,"artBlocks":false,"boredApes":false,"cryptoPunks":true,"ksoids":false,"meebits":false,"omnimorphs":false}}},"floor":0.0549}]}