{"uuid":"50882658-6b7f-47dd-beeb-bc798c0399cb","token_id":207,"color":5,"transactions":[{"timestamp":1634206202,"price":0.10301,"block_number":13415706,"account":{"address":"0xdd74a5f502167c1bdd88968d058834170175277b","tx_count":2380,"eth":{"value":"39.90581215993965106","dynamic":"31.241029454366887212"},"nft":{"value":1110,"dynamic":1055,"collections":[false,false,false,false,false,false,false],"collections2":{"89seconds":false,"artBlocks":false,"boredApes":false,"cryptoPunks":false,"ksoids":false,"meebits":true,"omnimorphs":false}}},"floor":0.10301},{"timestamp":1634373267,"price":0.1375,"block_number":13427985,"account":{"address":"0x8da2bebe1be9384afabeba0fb4e394163c43ad7f","tx_count":375,"eth":{"value":"1.584978444363180901","dynamic":"-0.707041215636819099"},"nft":{"value":111,"dynamic":111,"collections":[false,false,false,false,false,false,false],"collections2":{"89seconds":false,"artBlocks":false,"boredApes":false,"cryptoPunks":false,"ksoids":false,"meebits":false,"omnimorphs":true}}},"floor":0.1233}]}