{"uuid":"e7b89d0c-74ee-4262-8bc5-fd1f5782f667","token_id":208,"color":1,"transactions":[{"timestamp":1634206202,"price":0.10301,"block_number":13415706,"account":{"address":"0xdd74a5f502167c1bdd88968d058834170175277b","tx_count":2380,"eth":{"value":"39.90581215993965106","dynamic":"31.241029454366887212"},"nft":{"value":1110,"dynamic":1055,"collections":[false,false,false,false,false,false,false],"collections2":{"89seconds":false,"artBlocks":false,"boredApes":false,"cryptoPunks":false,"ksoids":false,"meebits":true,"omnimorphs":false}}},"floor":0.10301},{"timestamp":1634290014,"price":0.198,"block_number":13421838,"account":{"address":"0x1a560d6828e032416350e81bc37b653d9c58e480","tx_count":132,"eth":{"value":"58.86897259250936461","dynamic":"58.86061793950936432"},"nft":{"value":61,"dynamic":55,"collections":[false,false,false,false,false,false,false],"collections2":{"89seconds":false,"artBlocks":false,"boredApes":false,"cryptoPunks":false,"ksoids":false,"meebits":false,"omnimorphs":false}}},"floor":0.10301},{"timestamp":1640698597,"price":0.07,"block_number":13894039,"account":{"address":"0x62174469ab600a7c3add4a2c7a7ca938a811ef46","tx_count":18,"eth":{"value":"154.30409879261811569","dynamic":"-6.141727511236667318"},"nft":{"value":42,"dynamic":41,"collections":[false,false,false,false,false,false,false],"collections2":{"89seconds":false,"artBlocks":false,"boredApes":false,"cryptoPunks":true,"ksoids":false,"meebits":false,"omnimorphs":false}}},"floor":0.05}]}