{"uuid":"43ed2306-740c-4296-b39e-e1833598eeda","token_id":202,"color":0,"transactions":[{"timestamp":1634206166,"price":0.10301,"block_number":13415705,"account":{"address":"0x520b5755d14d6e14f6a9a8f4fe0e0e44340173cc","tx_count":391,"eth":{"value":"0.10187875986487083","dynamic":"-7.119921004262855633"},"nft":{"value":84,"dynamic":78,"collections":[false,false,false,false,false,false,false],"collections2":{"89seconds":false,"artBlocks":false,"boredApes":false,"cryptoPunks":false,"ksoids":false,"meebits":true,"omnimorphs":false}}},"floor":0.10301}]}