{"uuid":"3e1567fc-d392-4e95-b6c9-1e0f25cee8c9","token_id":209,"color":3,"transactions":[{"timestamp":1634206202,"price":0.10301,"block_number":13415706,"account":{"address":"0xdd74a5f502167c1bdd88968d058834170175277b","tx_count":2380,"eth":{"value":"39.90581215993965106","dynamic":"31.241029454366887212"},"nft":{"value":1110,"dynamic":1055,"collections":[false,false,false,false,false,false,false],"collections2":{"89seconds":false,"artBlocks":false,"boredApes":false,"cryptoPunks":false,"ksoids":false,"meebits":true,"omnimorphs":false}}},"floor":0.10301},{"timestamp":1634284275,"price":0.198,"block_number":13421414,"account":{"address":"0x3118fbe9ddfd9ba217a0bd0c39cac257fec022b9","tx_count":86,"eth":{"value":"0.44814604449479402","dynamic":"-0.454767421475370488"},"nft":{"value":35,"dynamic":35,"collections":[false,false,false,false,false,false,false],"collections2":{"89seconds":false,"artBlocks":false,"boredApes":false,"cryptoPunks":false,"ksoids":false,"meebits":false,"omnimorphs":false}}},"floor":0.10301}]}