{"uuid":"81c617b4-7b33-4774-8c5d-1234e625f656","token_id":213,"color":3,"transactions":[{"timestamp":1634206202,"price":0.10301,"block_number":13415706,"account":{"address":"0xcd0d4cdb238eec15fcf4ff9d13d5a59051e507d7","tx_count":1579,"eth":{"value":"1.480821631404966666","dynamic":"1.367467312070731672"},"nft":{"value":218,"dynamic":145,"collections":[false,false,false,false,false,false,false],"collections2":{"89seconds":false,"artBlocks":false,"boredApes":false,"cryptoPunks":false,"ksoids":false,"meebits":false,"omnimorphs":false}}},"floor":0.10301},{"timestamp":1636089020,"price":0.1,"block_number":13554656,"account":{"address":"0x85c7d244c6057d42c770ad85ae198fc5f47957fc","tx_count":1389,"eth":{"value":"0.324442052379069349","dynamic":"0.262457899998248274"},"nft":{"value":457,"dynamic":31,"collections":[false,false,false,false,false,false,false],"collections2":{"89seconds":false,"artBlocks":false,"boredApes":false,"cryptoPunks":false,"ksoids":false,"meebits":false,"omnimorphs":false}}},"floor":0.05301},{"timestamp":1636089549,"price":0.12,"block_number":13554693,"account":{"address":"0xcd0d4cdb238eec15fcf4ff9d13d5a59051e507d7","tx_count":1635,"eth":{"value":"0.254418479182011658","dynamic":"0.038330360181190687"},"nft":{"value":238,"dynamic":165,"collections":[false,false,false,false,false,false,false],"collections2":{"89seconds":false,"artBlocks":false,"boredApes":false,"cryptoPunks":false,"ksoids":false,"meebits":false,"omnimorphs":false}}},"floor":0.05301}]}