{"uuid":"e7dbb6bb-4ccb-4132-b61b-1e42f4715dbd","token_id":216,"color":2,"transactions":[{"timestamp":1634206202,"price":0.10301,"block_number":13415706,"account":{"address":"0x1f11ecfa5aafb66315dcf57c7bb7dca9a079ddbe","tx_count":862,"eth":{"value":"1.387550077642547695","dynamic":"1.364616662542547695"},"nft":{"value":388,"dynamic":388,"collections":[false,false,false,false,false,false,false],"collections2":{"89seconds":false,"artBlocks":false,"boredApes":false,"cryptoPunks":false,"ksoids":false,"meebits":false,"omnimorphs":false}}},"floor":0.10301},{"timestamp":1636937981,"price":0.075,"block_number":13617319,"account":{"address":"0xb24cee39766013225b676ee9aefe2fc6183818ae","tx_count":17,"eth":{"value":"0.009611440150350854","dynamic":"0.009611440150350854"},"nft":{"value":1,"dynamic":1,"collections":[false,false,false,false,false,false,false],"collections2":{"89seconds":false,"artBlocks":false,"boredApes":false,"cryptoPunks":false,"ksoids":false,"meebits":false,"omnimorphs":false}}},"floor":0.068}]}