{"uuid":"cd96fe96-671a-487c-955b-60eef5cd9cf6","token_id":211,"color":4,"transactions":[{"timestamp":1634206202,"price":0.10301,"block_number":13415706,"account":{"address":"0xe7cdd6583b674af8d10b89899b134c41846da0bf","tx_count":196,"eth":{"value":"0.049825173685768251","dynamic":"0.028206117847897821"},"nft":{"value":26,"dynamic":18,"collections":[false,false,false,false,false,false,false],"collections2":{"89seconds":false,"artBlocks":false,"boredApes":false,"cryptoPunks":false,"ksoids":false,"meebits":false,"omnimorphs":false}}},"floor":0.10301},{"timestamp":1637765038,"price":0.091,"block_number":13677790,"account":{"address":"0x4e7ea23a608949f52820bf9d2c01f6d914d98203","tx_count":152,"eth":{"value":"0.41303595010490577","dynamic":"0.402962453487827963"},"nft":{"value":20,"dynamic":17,"collections":[false,false,false,false,false,false,false],"collections2":{"89seconds":true,"artBlocks":true,"boredApes":true,"cryptoPunks":true,"ksoids":true,"meebits":true,"omnimorphs":true}}},"floor":0.07}]}