{"uuid":"49b4f1b0-e146-44e4-8387-32dbba9c8426","token_id":214,"color":4,"transactions":[{"timestamp":1634206202,"price":0.10301,"block_number":13415706,"account":{"address":"0x1f11ecfa5aafb66315dcf57c7bb7dca9a079ddbe","tx_count":862,"eth":{"value":"1.387550077642547695","dynamic":"1.364616662542547695"},"nft":{"value":388,"dynamic":388,"collections":[false,false,false,false,false,false,false],"collections2":{"89seconds":false,"artBlocks":false,"boredApes":false,"cryptoPunks":false,"ksoids":false,"meebits":false,"omnimorphs":false}}},"floor":0.10301}]}