{"uuid":"c6b6068a-349c-488f-93d2-2cfb19b675c8","token_id":219,"color":4,"transactions":[{"timestamp":1634206207,"price":0.10301,"block_number":13415707,"account":{"address":"0x2ae35ca0c704bcb603ac2a85f166667ab28ea6e9","tx_count":270,"eth":{"value":"0.543862814246210074","dynamic":"0.543862814246210074"},"nft":{"value":57,"dynamic":57,"collections":[false,false,false,false,false,false,false],"collections2":{"89seconds":false,"artBlocks":false,"boredApes":false,"cryptoPunks":false,"ksoids":false,"meebits":false,"omnimorphs":false}}},"floor":0.10301},{"timestamp":1634389726,"price":0.1649,"block_number":13429221,"account":{"address":"0x30f0149363f860bd37015a77da1db8b5845545cc","tx_count":391,"eth":{"value":"0.246418189402756068","dynamic":"-1.007234826674846427"},"nft":{"value":107,"dynamic":101,"collections":[false,false,false,false,false,false,false],"collections2":{"89seconds":false,"artBlocks":false,"boredApes":true,"cryptoPunks":false,"ksoids":false,"meebits":false,"omnimorphs":false}}},"floor":0.12150000000000001}]}