{"uuid":"ed8085af-9c64-42d9-8465-99a36c655c3b","token_id":210,"color":3,"transactions":[{"timestamp":1634206202,"price":0.10301,"block_number":13415706,"account":{"address":"0xe7cdd6583b674af8d10b89899b134c41846da0bf","tx_count":196,"eth":{"value":"0.049825173685768251","dynamic":"0.028206117847897821"},"nft":{"value":26,"dynamic":18,"collections":[false,false,false,false,false,false,false],"collections2":{"89seconds":false,"artBlocks":false,"boredApes":false,"cryptoPunks":false,"ksoids":false,"meebits":false,"omnimorphs":false}}},"floor":0.10301},{"timestamp":1637464632,"price":0.09,"block_number":13655731,"account":{"address":"0x241365e6eed258ac4a2824424b6802c0240e13eb","tx_count":63,"eth":{"value":"1.944543869061765553","dynamic":"1.944543869061765553"},"nft":{"value":59,"dynamic":59,"collections":[false,false,false,false,false,false,false],"collections2":{"89seconds":true,"artBlocks":false,"boredApes":false,"cryptoPunks":false,"ksoids":true,"meebits":true,"omnimorphs":false}}},"floor":0.09}]}