{"uuid":"5d0a0441-7f3d-4e8d-9577-0de38d9e0da6","token_id":215,"color":3,"transactions":[{"timestamp":1634206202,"price":0.10301,"block_number":13415706,"account":{"address":"0x1f11ecfa5aafb66315dcf57c7bb7dca9a079ddbe","tx_count":862,"eth":{"value":"1.387550077642547695","dynamic":"1.364616662542547695"},"nft":{"value":388,"dynamic":388,"collections":[false,false,false,false,false,false,false],"collections2":{"89seconds":false,"artBlocks":false,"boredApes":false,"cryptoPunks":false,"ksoids":false,"meebits":false,"omnimorphs":false}}},"floor":0.10301},{"timestamp":1634843899,"price":0.1254790832527958,"block_number":13462840,"account":{"address":"0xa8c7b68ded301662b4cbc49da6a303b1a6db2432","tx_count":12,"eth":{"value":"0.037590613692526621","dynamic":"0.037590613692526621"},"nft":{"value":1,"dynamic":1,"collections":[false,false,false,false,false,false,false],"collections2":{"89seconds":false,"artBlocks":false,"boredApes":false,"cryptoPunks":false,"ksoids":false,"meebits":false,"omnimorphs":false}}},"floor":0.10301}]}