{"uuid":"b29a8ca9-3963-410c-98aa-0d0b4a05071b","token_id":218,"color":5,"transactions":[{"timestamp":1634206202,"price":0.10301,"block_number":13415706,"account":{"address":"0x815c04e80e122de55d2b537da90d8811577e3979","tx_count":199,"eth":{"value":"0.366699029867313572","dynamic":"0.366699029867313572"},"nft":{"value":61,"dynamic":61,"collections":[false,false,false,false,false,false,false],"collections2":{"89seconds":false,"artBlocks":false,"boredApes":false,"cryptoPunks":false,"ksoids":false,"meebits":false,"omnimorphs":false}}},"floor":0.10301},{"timestamp":1634352226,"price":0.15,"block_number":13426422,"account":{"address":"0xd4ffd5bdc785fe5f8b8d3568ab43b8da8492ca4d","tx_count":116,"eth":{"value":"6055.75049906333245","dynamic":"1863.0769240249988549"},"nft":{"value":71,"dynamic":70,"collections":[false,false,false,false,false,false,false],"collections2":{"89seconds":false,"artBlocks":false,"boredApes":false,"cryptoPunks":false,"ksoids":false,"meebits":false,"omnimorphs":false}}},"floor":0.117},{"timestamp":1637497646,"price":0.1,"block_number":13658176,"account":{"address":"0xc5b0d67b004563d633ba58a198441e992a12b04d","tx_count":137,"eth":{"value":"27.341210018754633826","dynamic":"18.404970191754633828"},"nft":{"value":166,"dynamic":166,"collections":[false,false,false,false,false,false,false],"collections2":{"89seconds":false,"artBlocks":false,"boredApes":false,"cryptoPunks":false,"ksoids":false,"meebits":false,"omnimorphs":false}}},"floor":0.09},{"timestamp":1640357524,"price":0.06,"block_number":13868536,"account":{"address":"0xd4ffd5bdc785fe5f8b8d3568ab43b8da8492ca4d","tx_count":252,"eth":{"value":"5816.667468542549591","dynamic":"1623.9938935042159959"},"nft":{"value":67,"dynamic":66,"collections":[false,false,false,false,false,false,false],"collections2":{"89seconds":false,"artBlocks":false,"boredApes":false,"cryptoPunks":true,"ksoids":false,"meebits":false,"omnimorphs":false}}},"floor":0.0499},{"timestamp":1640384251,"price":0.06315789473684211,"block_number":13870551,"account":{"address":"0xc5b0d67b004563d633ba58a198441e992a12b04d","tx_count":192,"eth":{"value":"70.152803251281423816","dynamic":"61.216563424281423816"},"nft":{"value":160,"dynamic":160,"collections":[false,false,false,false,false,false,false],"collections2":{"89seconds":false,"artBlocks":false,"boredApes":false,"cryptoPunks":true,"ksoids":false,"meebits":false,"omnimorphs":false}}},"floor":0.05},{"timestamp":1640401426,"price":0.056666666666666664,"block_number":13871797,"account":{"address":"0xd4ffd5bdc785fe5f8b8d3568ab43b8da8492ca4d","tx_count":264,"eth":{"value":"5812.773965902164128","dynamic":"1620.1003908638305328"},"nft":{"value":119,"dynamic":118,"collections":[false,false,false,false,false,false,false],"collections2":{"89seconds":false,"artBlocks":false,"boredApes":false,"cryptoPunks":true,"ksoids":false,"meebits":false,"omnimorphs":false}}},"floor":0.05},{"timestamp":1640439611,"price":0.06363636363636363,"block_number":13874657,"account":{"address":"0xc5b0d67b004563d633ba58a198441e992a12b04d","tx_count":199,"eth":{"value":"76.96932164909641367","dynamic":"68.033081822096413666"},"nft":{"value":18,"dynamic":18,"collections":[false,false,false,false,false,false,false],"collections2":{"89seconds":false,"artBlocks":false,"boredApes":false,"cryptoPunks":true,"ksoids":false,"meebits":false,"omnimorphs":false}}},"floor":0.051}]}