{"uuid":"3d71b2dc-82fc-4474-8b4b-d1a4b469bae6","token_id":212,"color":1,"transactions":[{"timestamp":1634206202,"price":0.10301,"block_number":13415706,"account":{"address":"0xcd0d4cdb238eec15fcf4ff9d13d5a59051e507d7","tx_count":1579,"eth":{"value":"1.480821631404966666","dynamic":"1.367467312070731672"},"nft":{"value":218,"dynamic":145,"collections":[false,false,false,false,false,false,false],"collections2":{"89seconds":false,"artBlocks":false,"boredApes":false,"cryptoPunks":false,"ksoids":false,"meebits":false,"omnimorphs":false}}},"floor":0.10301},{"timestamp":1635609125,"price":0.1,"block_number":13519363,"account":{"address":"0x85c7d244c6057d42c770ad85ae198fc5f47957fc","tx_count":1383,"eth":{"value":"0.892159692960557564","dynamic":"0.871189122545058802"},"nft":{"value":457,"dynamic":31,"collections":[false,false,false,false,false,false,false],"collections2":{"89seconds":false,"artBlocks":false,"boredApes":false,"cryptoPunks":false,"ksoids":false,"meebits":false,"omnimorphs":false}}},"floor":0.05301},{"timestamp":1635700328,"price":0.2,"block_number":13526063,"account":{"address":"0xcd0d4cdb238eec15fcf4ff9d13d5a59051e507d7","tx_count":1629,"eth":{"value":"0.26124384274499728","dynamic":"0.246654565410762286"},"nft":{"value":240,"dynamic":167,"collections":[false,false,false,false,false,false,false],"collections2":{"89seconds":false,"artBlocks":false,"boredApes":false,"cryptoPunks":false,"ksoids":false,"meebits":false,"omnimorphs":false}}},"floor":0.05301},{"timestamp":1636089169,"price":0.15,"block_number":13554668,"account":{"address":"0x76b4b27b47f211448964ed2cf92f731412602700","tx_count":33,"eth":{"value":"0.07864098877360225","dynamic":"0.05063548677360225"},"nft":{"value":5,"dynamic":5,"collections":[false,false,false,false,false,false,false],"collections2":{"89seconds":false,"artBlocks":false,"boredApes":false,"cryptoPunks":false,"ksoids":false,"meebits":false,"omnimorphs":false}}},"floor":0.05301},{"timestamp":1636090190,"price":0.21,"block_number":13554748,"account":{"address":"0x85c7d244c6057d42c770ad85ae198fc5f47957fc","tx_count":1390,"eth":{"value":"0.209344653838444406","dynamic":"0.147360501457623331"},"nft":{"value":457,"dynamic":31,"collections":[false,false,false,false,false,false,false],"collections2":{"89seconds":false,"artBlocks":false,"boredApes":false,"cryptoPunks":false,"ksoids":false,"meebits":false,"omnimorphs":false}}},"floor":0.05301},{"timestamp":1636090771,"price":0.5,"block_number":13554789,"account":{"address":"0xcd0d4cdb238eec15fcf4ff9d13d5a59051e507d7","tx_count":1637,"eth":{"value":"0.704136871932433591","dynamic":"0.48804875293161262"},"nft":{"value":239,"dynamic":166,"collections":[false,false,false,false,false,false,false],"collections2":{"89seconds":false,"artBlocks":false,"boredApes":false,"cryptoPunks":false,"ksoids":false,"meebits":false,"omnimorphs":false}}},"floor":0.05301},{"timestamp":1636199026,"price":0.31,"block_number":13562768,"account":{"address":"0x85c7d244c6057d42c770ad85ae198fc5f47957fc","tx_count":1393,"eth":{"value":"0.13513141216767877","dynamic":"0.109981884786857695"},"nft":{"value":457,"dynamic":30,"collections":[false,false,false,false,false,false,false],"collections2":{"89seconds":false,"artBlocks":false,"boredApes":false,"cryptoPunks":false,"ksoids":false,"meebits":false,"omnimorphs":false}}},"floor":0.05301}]}