{"uuid":"0c0f3579-45d3-40d7-a763-299c637b1495","token_id":226,"color":2,"transactions":[{"timestamp":1634206223,"price":0.10301,"block_number":13415709,"account":{"address":"0xd6ceca02d762d69c467683247480e746a8eee91e","tx_count":644,"eth":{"value":"6.262420494998325415","dynamic":"6.262420494998325415"},"nft":{"value":343,"dynamic":343,"collections":[false,false,false,false,false,false,false],"collections2":{"89seconds":false,"artBlocks":false,"boredApes":false,"cryptoPunks":false,"ksoids":false,"meebits":false,"omnimorphs":false}}},"floor":0.10301},{"timestamp":1635643248,"price":0.099,"block_number":13521880,"account":{"address":"0x84ead439d77ba323c40b615283aed434180df2d0","tx_count":214,"eth":{"value":"0.400253697142515963","dynamic":"0.047600283818203028"},"nft":{"value":87,"dynamic":86,"collections":[false,false,false,false,false,false,false],"collections2":{"89seconds":false,"artBlocks":false,"boredApes":false,"cryptoPunks":false,"ksoids":false,"meebits":false,"omnimorphs":false}}},"floor":0.05301},{"timestamp":1638148244,"price":0.06,"block_number":13705700,"account":{"address":"0x050dc458a7b560a4db5638798b45cf5f4d6a9f40","tx_count":1,"eth":{"value":"0.009104330306726825","dynamic":"0.009104330306726825"},"nft":{"value":1,"dynamic":1,"collections":[false,false,false,false,false,false,false],"collections2":{"89seconds":false,"artBlocks":false,"boredApes":false,"cryptoPunks":false,"ksoids":false,"meebits":false,"omnimorphs":false}}},"floor":0.07}]}