{"uuid":"4c63e312-dec6-4ff6-8a44-73ff6d23d028","token_id":228,"color":0,"transactions":[{"timestamp":1634206223,"price":0.10301,"block_number":13415709,"account":{"address":"0x53303893a13dc5494cc6fe6225a3ed7cab117477","tx_count":210,"eth":{"value":"1.259027931235223292","dynamic":"1.259006931235223292"},"nft":{"value":19,"dynamic":18,"collections":[false,false,false,false,false,false,false],"collections2":{"89seconds":false,"artBlocks":false,"boredApes":false,"cryptoPunks":false,"ksoids":false,"meebits":false,"omnimorphs":true}}},"floor":0.10301},{"timestamp":1634206443,"price":0.3,"block_number":13415728,"account":{"address":"0xd89f88ab81820ab109689fabf47d68c35b7888d2","tx_count":718,"eth":{"value":"0.072711701130193039","dynamic":"0.006879670453047254"},"nft":{"value":322,"dynamic":200,"collections":[false,false,false,false,false,false,false],"collections2":{"89seconds":false,"artBlocks":false,"boredApes":false,"cryptoPunks":false,"ksoids":false,"meebits":false,"omnimorphs":false}}},"floor":0.10301},{"timestamp":1634212367,"price":0.22,"block_number":13416153,"account":{"address":"0xd89f88ab81820ab109689fabf47d68c35b7888d2","tx_count":723,"eth":{"value":"0.475507250917250677","dynamic":"0.409675220240104892"},"nft":{"value":322,"dynamic":200,"collections":[false,false,false,false,false,false,false],"collections2":{"89seconds":false,"artBlocks":false,"boredApes":false,"cryptoPunks":false,"ksoids":false,"meebits":false,"omnimorphs":false}}},"floor":0.10301},{"timestamp":1634395425,"price":0.15,"block_number":13429628,"account":{"address":"0x4a1c106660301b436585f73d249e3b195a6a611c","tx_count":25,"eth":{"value":"0.019844543313216934","dynamic":"0.018398818211785819"},"nft":{"value":9,"dynamic":9,"collections":[false,false,false,false,false,false,false],"collections2":{"89seconds":false,"artBlocks":false,"boredApes":false,"cryptoPunks":false,"ksoids":false,"meebits":false,"omnimorphs":false}}},"floor":0.11955600000000001},{"timestamp":1634395618,"price":0.15,"block_number":13429650,"account":{"address":"0xd89f88ab81820ab109689fabf47d68c35b7888d2","tx_count":727,"eth":{"value":"0.398882873673698852","dynamic":"0.240990403673041884"},"nft":{"value":326,"dynamic":201,"collections":[false,false,false,false,false,false,false],"collections2":{"89seconds":false,"artBlocks":false,"boredApes":false,"cryptoPunks":false,"ksoids":false,"meebits":false,"omnimorphs":false}}},"floor":0.13284},{"timestamp":1634489680,"price":0.17,"block_number":13436607,"account":{"address":"0x4a1c106660301b436585f73d249e3b195a6a611c","tx_count":28,"eth":{"value":"0.035978411413606559","dynamic":"0.034532686312175444"},"nft":{"value":10,"dynamic":10,"collections":[false,false,false,false,false,false,false],"collections2":{"89seconds":false,"artBlocks":false,"boredApes":false,"cryptoPunks":false,"ksoids":false,"meebits":false,"omnimorphs":false}}},"floor":0.1799},{"timestamp":1634498820,"price":0.18,"block_number":13437313,"account":{"address":"0xd89f88ab81820ab109689fabf47d68c35b7888d2","tx_count":735,"eth":{"value":"0.04125600619555566","dynamic":"-0.116636463805101308"},"nft":{"value":326,"dynamic":201,"collections":[false,false,false,false,false,false,false],"collections2":{"89seconds":false,"artBlocks":false,"boredApes":false,"cryptoPunks":false,"ksoids":false,"meebits":false,"omnimorphs":false}}},"floor":0.14571900000000002}]}