{"uuid":"551d6a74-d9c0-4cb6-aa1f-5fcb59eb6c20","token_id":221,"color":5,"transactions":[{"timestamp":1634206207,"price":0.10301,"block_number":13415707,"account":{"address":"0x0c151a5ad1573e33583ea046be35c608e98542cb","tx_count":10,"eth":{"value":"0.007953742410827223","dynamic":"0.005376189184712462"},"nft":{"value":1,"dynamic":1,"collections":[false,false,false,false,false,false,false],"collections2":{"89seconds":false,"artBlocks":false,"boredApes":false,"cryptoPunks":false,"ksoids":false,"meebits":false,"omnimorphs":false}}},"floor":0.10301},{"timestamp":1636908202,"price":0.08,"block_number":13615110,"account":{"address":"0x4e7ea23a608949f52820bf9d2c01f6d914d98203","tx_count":79,"eth":{"value":"0.430186454350320092","dynamic":"0.420112957733242285"},"nft":{"value":13,"dynamic":10,"collections":[false,false,false,false,false,false,false],"collections2":{"89seconds":true,"artBlocks":true,"boredApes":true,"cryptoPunks":true,"ksoids":true,"meebits":true,"omnimorphs":true}}},"floor":0.0666}]}