{"uuid":"660b0e50-b5bf-4b46-bf29-ee471bcf9922","token_id":225,"color":3,"transactions":[{"timestamp":1634206223,"price":0.10301,"block_number":13415709,"account":{"address":"0xd6ceca02d762d69c467683247480e746a8eee91e","tx_count":644,"eth":{"value":"6.262420494998325415","dynamic":"6.262420494998325415"},"nft":{"value":343,"dynamic":343,"collections":[false,false,false,false,false,false,false],"collections2":{"89seconds":false,"artBlocks":false,"boredApes":false,"cryptoPunks":false,"ksoids":false,"meebits":false,"omnimorphs":false}}},"floor":0.10301},{"timestamp":1634977424,"price":0.2,"block_number":13472685,"account":{"address":"0x8185191ca6bfb4b76214abb3572be413e51d24bc","tx_count":552,"eth":{"value":"0.09526128061582921","dynamic":"-53.41905970106844525"},"nft":{"value":367,"dynamic":367,"collections":[false,false,false,false,false,false,false],"collections2":{"89seconds":false,"artBlocks":false,"boredApes":false,"cryptoPunks":false,"ksoids":false,"meebits":false,"omnimorphs":false}}},"floor":0.12150000000000001}]}