{"uuid":"2c2318ed-e882-4bcc-a209-9de89313ef69","token_id":227,"color":1,"transactions":[{"timestamp":1634206223,"price":0.10301,"block_number":13415709,"account":{"address":"0x53303893a13dc5494cc6fe6225a3ed7cab117477","tx_count":210,"eth":{"value":"1.259027931235223292","dynamic":"1.259006931235223292"},"nft":{"value":19,"dynamic":18,"collections":[false,false,false,false,false,false,false],"collections2":{"89seconds":false,"artBlocks":false,"boredApes":false,"cryptoPunks":false,"ksoids":false,"meebits":false,"omnimorphs":true}}},"floor":0.10301},{"timestamp":1634206963,"price":0.25,"block_number":13415759,"account":{"address":"0xf3c1b801ddb2127c25c13bfc1dcf19ac187bd161","tx_count":317,"eth":{"value":"0.520797018960983133","dynamic":"-0.080342093713181795"},"nft":{"value":29,"dynamic":21,"collections":[false,false,false,false,false,false,false],"collections2":{"89seconds":false,"artBlocks":false,"boredApes":false,"cryptoPunks":false,"ksoids":false,"meebits":true,"omnimorphs":false}}},"floor":0.10301},{"timestamp":1636708642,"price":0.08,"block_number":13600485,"account":{"address":"0x977945406d77377025b7604523287e1074796e53","tx_count":363,"eth":{"value":"0.036442568364585926","dynamic":"-1.527579710102565507"},"nft":{"value":33,"dynamic":24,"collections":[false,false,false,false,false,false,false],"collections2":{"89seconds":false,"artBlocks":false,"boredApes":false,"cryptoPunks":false,"ksoids":false,"meebits":false,"omnimorphs":true}}},"floor":0.075},{"timestamp":1636712798,"price":0.077,"block_number":13600777,"account":{"address":"0xf3c1b801ddb2127c25c13bfc1dcf19ac187bd161","tx_count":358,"eth":{"value":"0.146767889330760575","dynamic":"-0.512873374955981958"},"nft":{"value":35,"dynamic":19,"collections":[false,false,false,false,false,false,false],"collections2":{"89seconds":false,"artBlocks":false,"boredApes":false,"cryptoPunks":false,"ksoids":false,"meebits":true,"omnimorphs":false}}},"floor":0.075},{"timestamp":1637445122,"price":0.092,"block_number":13654336,"account":{"address":"0xf3c1b801ddb2127c25c13bfc1dcf19ac187bd161","tx_count":368,"eth":{"value":"0.038239703500801699","dynamic":"-0.443475390220002553"},"nft":{"value":36,"dynamic":20,"collections":[false,false,false,false,false,false,false],"collections2":{"89seconds":false,"artBlocks":false,"boredApes":false,"cryptoPunks":false,"ksoids":false,"meebits":true,"omnimorphs":false}}},"floor":0.09},{"timestamp":1637446730,"price":0.093,"block_number":13654465,"account":{"address":"0x977945406d77377025b7604523287e1074796e53","tx_count":369,"eth":{"value":"0.112728196036623125","dynamic":"-0.186204000307863777"},"nft":{"value":32,"dynamic":24,"collections":[false,false,false,false,false,false,false],"collections2":{"89seconds":false,"artBlocks":false,"boredApes":false,"cryptoPunks":false,"ksoids":false,"meebits":false,"omnimorphs":true}}},"floor":0.09},{"timestamp":1637447828,"price":0.0941,"block_number":13654554,"account":{"address":"0xcfe46bc75b7f6e93437bce275095f50e54bb46c2","tx_count":13,"eth":{"value":"0.02934367111257039","dynamic":"0.02934367111257039"},"nft":{"value":4,"dynamic":1,"collections":[false,false,false,false,false,false,false],"collections2":{"89seconds":false,"artBlocks":false,"boredApes":false,"cryptoPunks":false,"ksoids":false,"meebits":false,"omnimorphs":false}}},"floor":0.09}]}