{"uuid":"da21954d-01a0-419a-b02d-8c9ae260884f","token_id":224,"color":4,"transactions":[{"timestamp":1634206223,"price":0.10301,"block_number":13415709,"account":{"address":"0xd6ceca02d762d69c467683247480e746a8eee91e","tx_count":644,"eth":{"value":"6.262420494998325415","dynamic":"6.262420494998325415"},"nft":{"value":343,"dynamic":343,"collections":[false,false,false,false,false,false,false],"collections2":{"89seconds":false,"artBlocks":false,"boredApes":false,"cryptoPunks":false,"ksoids":false,"meebits":false,"omnimorphs":false}}},"floor":0.10301},{"timestamp":1634595857,"price":0.2,"block_number":13444417,"account":{"address":"0xbf37f27a4ac7bd29290ed2c3aa68e6ab11fd4d6e","tx_count":789,"eth":{"value":"0.149988399997854199","dynamic":"0.134938071699010036"},"nft":{"value":132,"dynamic":92,"collections":[false,false,false,false,false,false,false],"collections2":{"89seconds":false,"artBlocks":false,"boredApes":false,"cryptoPunks":false,"ksoids":false,"meebits":false,"omnimorphs":false}}},"floor":0.10807647929817085}]}