{"uuid":"68ca5f56-f3ed-4384-81ed-5c4f1fe13a58","token_id":220,"color":3,"transactions":[{"timestamp":1634206207,"price":0.10301,"block_number":13415707,"account":{"address":"0x30879cf3c26a5abc9fc7fc82e39bd47dd5daeb54","tx_count":545,"eth":{"value":"8.857090962307863688","dynamic":"8.857090962307863688"},"nft":{"value":141,"dynamic":141,"collections":[false,false,false,false,false,false,false],"collections2":{"89seconds":false,"artBlocks":false,"boredApes":false,"cryptoPunks":false,"ksoids":false,"meebits":false,"omnimorphs":false}}},"floor":0.10301},{"timestamp":1634212434,"price":0.235,"block_number":13416156,"account":{"address":"0xc35a5fec6be6957899e15559be252db882220b37","tx_count":28931,"eth":{"value":"4.785847960085701092","dynamic":"-9.456481490595670347"},"nft":{"value":4300,"dynamic":200,"collections":[false,false,false,false,false,false,false],"collections2":{"89seconds":false,"artBlocks":true,"boredApes":false,"cryptoPunks":false,"ksoids":true,"meebits":false,"omnimorphs":false}}},"floor":0.10301},{"timestamp":1636247008,"price":0.11,"block_number":13566343,"account":{"address":"0x34558f1219a6c45971c23cae650b2ec3f6a49558","tx_count":419,"eth":{"value":"1.459716940524973313","dynamic":"1.449716940524973313"},"nft":{"value":412,"dynamic":92,"collections":[false,false,false,false,false,false,false],"collections2":{"89seconds":true,"artBlocks":true,"boredApes":false,"cryptoPunks":true,"ksoids":true,"meebits":true,"omnimorphs":false}}},"floor":0.07301},{"timestamp":1636248678,"price":0.11,"block_number":13566475,"account":{"address":"0xc35a5fec6be6957899e15559be252db882220b37","tx_count":29700,"eth":{"value":"13.790277886992623325","dynamic":"12.80641449588441623"},"nft":{"value":6818,"dynamic":818,"collections":[false,false,false,false,false,false,false],"collections2":{"89seconds":true,"artBlocks":true,"boredApes":true,"cryptoPunks":true,"ksoids":true,"meebits":true,"omnimorphs":false}}},"floor":0.07301}]}