{"uuid":"ccfe34f4-83d6-4c12-b6f9-99a787609ad7","token_id":229,"color":3,"transactions":[{"timestamp":1634206223,"price":0.10301,"block_number":13415709,"account":{"address":"0x53303893a13dc5494cc6fe6225a3ed7cab117477","tx_count":210,"eth":{"value":"1.259027931235223292","dynamic":"1.259006931235223292"},"nft":{"value":19,"dynamic":18,"collections":[false,false,false,false,false,false,false],"collections2":{"89seconds":false,"artBlocks":false,"boredApes":false,"cryptoPunks":false,"ksoids":false,"meebits":false,"omnimorphs":true}}},"floor":0.10301},{"timestamp":1634218234,"price":0.25,"block_number":13416582,"account":{"address":"0x7c846e2487a8b6ab7a4ceec6a2073c5ce388e2ff","tx_count":587,"eth":{"value":"4.902178601842804362","dynamic":"3.002361137860226322"},"nft":{"value":229,"dynamic":226,"collections":[false,false,false,false,false,false,false],"collections2":{"89seconds":false,"artBlocks":false,"boredApes":false,"cryptoPunks":false,"ksoids":false,"meebits":false,"omnimorphs":false}}},"floor":0.10301},{"timestamp":1636717122,"price":0.0769,"block_number":13601086,"account":{"address":"0xf04907a59cd35a68cdb544e2ea98e62904cf8308","tx_count":10,"eth":{"value":"0.058996003842244269","dynamic":"0.058996003842244269"},"nft":{"value":12,"dynamic":12,"collections":[false,false,false,false,false,false,false],"collections2":{"89seconds":false,"artBlocks":false,"boredApes":false,"cryptoPunks":false,"ksoids":false,"meebits":false,"omnimorphs":false}}},"floor":0.075}]}