{"uuid":"af7b20af-dbd0-4ea0-aa16-6ce68d15964d","token_id":222,"color":4,"transactions":[{"timestamp":1634206207,"price":0.10301,"block_number":13415707,"account":{"address":"0x2e14d6f1b00d6f28bd64872c4b146e0060aaa900","tx_count":203,"eth":{"value":"0.082045207631994172","dynamic":"0.081710024631994172"},"nft":{"value":78,"dynamic":78,"collections":[false,false,false,false,false,false,false],"collections2":{"89seconds":false,"artBlocks":false,"boredApes":false,"cryptoPunks":false,"ksoids":false,"meebits":false,"omnimorphs":false}}},"floor":0.10301},{"timestamp":1634211758,"price":0.25,"block_number":13416106,"account":{"address":"0x0f9122e14e75706f0e4e53633ca5577c172f7820","tx_count":6,"eth":{"value":"0.06689593819088039","dynamic":"0.06689593819088039"},"nft":{"value":6,"dynamic":6,"collections":[false,false,false,false,false,false,false],"collections2":{"89seconds":false,"artBlocks":false,"boredApes":false,"cryptoPunks":false,"ksoids":false,"meebits":false,"omnimorphs":false}}},"floor":0.10301}]}