{"uuid":"60cd87cf-0bae-4a76-a0e8-9cbb12221cc1","token_id":223,"color":5,"transactions":[{"timestamp":1634206223,"price":0.10301,"block_number":13415709,"account":{"address":"0xd6ceca02d762d69c467683247480e746a8eee91e","tx_count":644,"eth":{"value":"6.262420494998325415","dynamic":"6.262420494998325415"},"nft":{"value":343,"dynamic":343,"collections":[false,false,false,false,false,false,false],"collections2":{"89seconds":false,"artBlocks":false,"boredApes":false,"cryptoPunks":false,"ksoids":false,"meebits":false,"omnimorphs":false}}},"floor":0.10301},{"timestamp":1634581561,"price":0.2,"block_number":13443387,"account":{"address":"0xbf37f27a4ac7bd29290ed2c3aa68e6ab11fd4d6e","tx_count":785,"eth":{"value":"0.135215766983261545","dynamic":"0.120165438684417382"},"nft":{"value":130,"dynamic":90,"collections":[false,false,false,false,false,false,false],"collections2":{"89seconds":false,"artBlocks":false,"boredApes":false,"cryptoPunks":false,"ksoids":false,"meebits":false,"omnimorphs":false}}},"floor":0.133427752219964}]}