{"uuid":"136075fd-f852-4229-8211-431c2d03bc79","token_id":234,"color":3,"transactions":[{"timestamp":1634206266,"price":0.10301,"block_number":13415711,"account":{"address":"0x59c3b5e45ea910e1ac9d39388b1f111588c6cece","tx_count":70,"eth":{"value":"0.248165366522088415","dynamic":"0.217543634522088415"},"nft":{"value":5,"dynamic":5,"collections":[false,false,false,false,false,false,false],"collections2":{"89seconds":false,"artBlocks":false,"boredApes":false,"cryptoPunks":false,"meebits":false,"omnimorphs":false}}},"floor":0.10301}]}