{"uuid":"411960cb-f03c-475f-bc46-3b9524633bd4","token_id":239,"color":2,"transactions":[{"timestamp":1634206286,"price":0.10301,"block_number":13415713,"account":{"address":"0x09549ce242146a2407bbb66b979d64692563bf35","tx_count":620,"eth":{"value":"3.96139508207903131","dynamic":"3.45271103287903131"},"nft":{"value":101,"dynamic":101,"collections":[false,false,false,false,false,false,false],"collections2":{"89seconds":false,"artBlocks":false,"boredApes":false,"cryptoPunks":false,"ksoids":false,"meebits":false,"omnimorphs":false}}},"floor":0.10301},{"timestamp":1634206896,"price":0.28,"block_number":13415756,"account":{"address":"0x5c2f72d1ad0ab5bedc1b44c964447a2a6929f6c3","tx_count":795,"eth":{"value":"1.623892417323090663","dynamic":"1.605423665472039198"},"nft":{"value":215,"dynamic":213,"collections":[false,false,false,false,false,false,false],"collections2":{"89seconds":false,"artBlocks":false,"boredApes":false,"cryptoPunks":false,"ksoids":false,"meebits":false,"omnimorphs":false}}},"floor":0.10301},{"timestamp":1634379417,"price":0.15,"block_number":13428432,"account":{"address":"0x070e10adad595f35a6fcc7ec02952b8412a67f9e","tx_count":98,"eth":{"value":"0.676427775494571303","dynamic":"0.676427775494571303"},"nft":{"value":14,"dynamic":14,"collections":[false,false,false,false,false,false,false],"collections2":{"89seconds":false,"artBlocks":false,"boredApes":false,"cryptoPunks":false,"ksoids":false,"meebits":false,"omnimorphs":false}}},"floor":0.12582000000000002},{"timestamp":1634383675,"price":0.21,"block_number":13428757,"account":{"address":"0xd7a4469feb305706a4629558195b4b6c1fe457b5","tx_count":3,"eth":{"value":"9.117127813798285323","dynamic":"9.117127813798285323"},"nft":{"value":81,"dynamic":64,"collections":[false,false,false,false,false,false,false],"collections2":{"89seconds":false,"artBlocks":false,"boredApes":false,"cryptoPunks":false,"ksoids":false,"meebits":false,"omnimorphs":false}}},"floor":0.1398},{"timestamp":1638086020,"price":0.09545454545454546,"block_number":13701180,"account":{"address":"0x5194d02ce57e6e713f98d748729963f883fa8836","tx_count":21,"eth":{"value":"1.700125156150131277","dynamic":"1.700125156150131277"},"nft":{"value":27,"dynamic":27,"collections":[false,false,false,false,false,false,false],"collections2":{"89seconds":false,"artBlocks":false,"boredApes":false,"cryptoPunks":false,"ksoids":false,"meebits":false,"omnimorphs":false}}},"floor":0.08}]}