{"uuid":"be1522ae-c3ee-42af-976d-02514675d9d0","token_id":233,"color":2,"transactions":[{"timestamp":1634206264,"price":0.10301,"block_number":13415711,"account":{"address":"0xd2b26a8274c4fd08af20382ef10e1b79dcb4846e","tx_count":402,"eth":{"value":"0.079333098813261226","dynamic":"0.079333098813261226"},"nft":{"value":30,"dynamic":29,"collections":[false,false,false,false,false,false,false],"collections2":{"89seconds":false,"artBlocks":false,"boredApes":false,"cryptoPunks":false,"ksoids":false,"meebits":false,"omnimorphs":false}}},"floor":0.10301}]}