{"uuid":"eb9dbdaa-5826-4cae-b669-0383d42599f4","token_id":237,"color":4,"transactions":[{"timestamp":1634206277,"price":0.10301,"block_number":13415711,"account":{"address":"0xb5df82aa9d04363e7ea9284d0f05a188380135d9","tx_count":162,"eth":{"value":"1.378843085804111277","dynamic":"1.378843085804111277"},"nft":{"value":88,"dynamic":88,"collections":[false,false,false,false,false,false,false],"collections2":{"89seconds":false,"artBlocks":false,"boredApes":false,"cryptoPunks":false,"ksoids":false,"meebits":false,"omnimorphs":true}}},"floor":0.10301}]}