{"uuid":"274e58a7-f99d-41c3-bd4d-aeff8a6c8064","token_id":230,"color":5,"transactions":[{"timestamp":1634206223,"price":0.10301,"block_number":13415709,"account":{"address":"0x99fbd5564541d67058e4d18cc3d4a94f0a72076a","tx_count":15,"eth":{"value":"0.166802804020973513","dynamic":"0.166802804020973513"},"nft":{"value":4,"dynamic":4,"collections":[false,false,false,false,false,false,false],"collections2":{"89seconds":false,"artBlocks":false,"boredApes":false,"cryptoPunks":false,"ksoids":false,"meebits":false,"omnimorphs":false}}},"floor":0.10301}]}