{"uuid":"1c8c7b8f-492e-4743-996c-beecc497ca0b","token_id":235,"color":0,"transactions":[{"timestamp":1634206268,"price":0.10301,"block_number":13415711,"account":{"address":"0x57fc571b8683b73a7eae96be64ee9f205fb8a0e8","tx_count":96,"eth":{"value":"0.105680112655859201","dynamic":"0.105680112655859201"},"nft":{"value":7,"dynamic":7,"collections":[false,false,false,false,false,false,false],"collections2":{"89seconds":false,"artBlocks":false,"boredApes":false,"cryptoPunks":false,"ksoids":false,"meebits":false,"omnimorphs":true}}},"floor":0.10301},{"timestamp":1634207368,"price":0.2,"block_number":13415784,"account":{"address":"0x42f30aa6d2237248638d1c74ddfcf80f4ecd340a","tx_count":82,"eth":{"value":"3.31469890931921332","dynamic":"3.31469890931921332"},"nft":{"value":33,"dynamic":33,"collections":[false,false,false,false,false,false,false],"collections2":{"89seconds":false,"artBlocks":false,"boredApes":false,"cryptoPunks":false,"ksoids":false,"meebits":false,"omnimorphs":false}}},"floor":0.10301},{"timestamp":1634928855,"price":0.14,"block_number":13469141,"account":{"address":"0xbec25d4f6e765bc1ec46f58023ab8c547e652d2e","tx_count":270,"eth":{"value":"0.027030270157793587","dynamic":"-0.604280479611336658"},"nft":{"value":11,"dynamic":9,"collections":[false,false,false,false,false,false,false],"collections2":{"89seconds":false,"artBlocks":false,"boredApes":false,"cryptoPunks":false,"ksoids":false,"meebits":false,"omnimorphs":false}}},"floor":0.1053},{"timestamp":1634969109,"price":0.2,"block_number":13472101,"account":{"address":"0x86c45c9bdc1448146f5e77d323222acaef769eb3","tx_count":4323,"eth":{"value":"0.034404408882178025","dynamic":"-0.648261628665152155"},"nft":{"value":593,"dynamic":17,"collections":[false,false,false,false,false,false,false],"collections2":{"89seconds":false,"artBlocks":false,"boredApes":false,"cryptoPunks":false,"ksoids":false,"meebits":false,"omnimorphs":false}}},"floor":0.10935000000000002},{"timestamp":1635092361,"price":0.01,"block_number":13481213,"account":{"address":"0xbec25d4f6e765bc1ec46f58023ab8c547e652d2e","tx_count":273,"eth":{"value":"0.245702758406026536","dynamic":"-0.382983471363103709"},"nft":{"value":11,"dynamic":9,"collections":[false,false,false,false,false,false,false],"collections2":{"89seconds":false,"artBlocks":false,"boredApes":false,"cryptoPunks":false,"ksoids":false,"meebits":false,"omnimorphs":false}}},"floor":0.1341},{"timestamp":1637304153,"price":0.22,"block_number":13644139,"account":{"address":"0x86c45c9bdc1448146f5e77d323222acaef769eb3","tx_count":4328,"eth":{"value":"0.238953949548901806","dynamic":"-0.392856525692459374"},"nft":{"value":594,"dynamic":18,"collections":[false,false,false,false,false,false,false],"collections2":{"89seconds":false,"artBlocks":false,"boredApes":false,"cryptoPunks":false,"ksoids":false,"meebits":false,"omnimorphs":false}}},"floor":0.094},{"timestamp":1637311237,"price":0.19,"block_number":13644633,"account":{"address":"0xbec25d4f6e765bc1ec46f58023ab8c547e652d2e","tx_count":297,"eth":{"value":"0.021909462366391645","dynamic":"-0.87630645461162305"},"nft":{"value":13,"dynamic":11,"collections":[false,false,false,false,false,false,false],"collections2":{"89seconds":false,"artBlocks":false,"boredApes":false,"cryptoPunks":false,"ksoids":false,"meebits":false,"omnimorphs":false}}},"floor":0.099}]}