{"uuid":"0d3a5d7d-6c16-47cb-b61c-493c028a9526","token_id":236,"color":3,"transactions":[{"timestamp":1634206271,"price":0.10301,"block_number":13415711,"account":{"address":"0x44eb3534be29c36dd4fa64a43ace64520cc54b53","tx_count":239,"eth":{"value":"0.685931484143761613","dynamic":"0.652987401516051837"},"nft":{"value":78,"dynamic":73,"collections":[false,false,false,false,false,false,false],"collections2":{"89seconds":false,"artBlocks":false,"boredApes":false,"cryptoPunks":false,"ksoids":false,"meebits":false,"omnimorphs":false}}},"floor":0.10301},{"timestamp":1636331542,"price":0.095,"block_number":13572647,"account":{"address":"0x8dbbca57ea56290efa14d835bbfd34faf1d89753","tx_count":3440,"eth":{"value":"2.644556366489503439","dynamic":"-9.700154842499758143"},"nft":{"value":2506,"dynamic":818,"collections":[false,false,false,false,false,false,false],"collections2":{"89seconds":true,"artBlocks":true,"boredApes":true,"cryptoPunks":true,"ksoids":true,"meebits":true,"omnimorphs":false}}},"floor":0.07301},{"timestamp":1636384171,"price":0.095,"block_number":13576491,"account":{"address":"0x2e5e62c8cd9ede2874b6a9c87f843389bfd7cb3b","tx_count":174,"eth":{"value":"5.261930707760301602","dynamic":"3.254808039921514998"},"nft":{"value":66,"dynamic":48,"collections":[false,false,false,false,false,false,false],"collections2":{"89seconds":false,"artBlocks":true,"boredApes":false,"cryptoPunks":false,"ksoids":false,"meebits":false,"omnimorphs":false}}},"floor":0.07301},{"timestamp":1636597355,"price":0.1,"block_number":13592262,"account":{"address":"0x8dbbca57ea56290efa14d835bbfd34faf1d89753","tx_count":3450,"eth":{"value":"8.561842007898959094","dynamic":"-6.101533950605257858"},"nft":{"value":2506,"dynamic":819,"collections":[false,false,false,false,false,false,false],"collections2":{"89seconds":true,"artBlocks":true,"boredApes":true,"cryptoPunks":true,"ksoids":true,"meebits":true,"omnimorphs":false}}},"floor":0.06},{"timestamp":1636847720,"price":0.1,"block_number":13610693,"account":{"address":"0x2e5e62c8cd9ede2874b6a9c87f843389bfd7cb3b","tx_count":177,"eth":{"value":"5.578786526852346033","dynamic":"0.533198560205998514"},"nft":{"value":67,"dynamic":49,"collections":[false,false,false,false,false,false,false],"collections2":{"89seconds":false,"artBlocks":true,"boredApes":false,"cryptoPunks":false,"ksoids":false,"meebits":false,"omnimorphs":false}}},"floor":0.069}]}