{"uuid":"94d2e258-1b81-4b1e-af62-452abd1ef233","token_id":232,"color":4,"transactions":[{"timestamp":1634206263,"price":0.10301,"block_number":13415710,"account":{"address":"0xd2b26a8274c4fd08af20382ef10e1b79dcb4846e","tx_count":402,"eth":{"value":"0.079333098813261226","dynamic":"0.079333098813261226"},"nft":{"value":30,"dynamic":29,"collections":[false,false,false,false,false,false,false],"collections2":{"89seconds":false,"artBlocks":false,"boredApes":false,"cryptoPunks":false,"ksoids":false,"meebits":false,"omnimorphs":false}}},"floor":0.10301}]}