{"uuid":"0bd051ba-011c-4c61-9d1e-5658538165e2","token_id":238,"color":2,"transactions":[{"timestamp":1634206282,"price":0.10301,"block_number":13415713,"account":{"address":"0xb5df82aa9d04363e7ea9284d0f05a188380135d9","tx_count":162,"eth":{"value":"1.378843085804111277","dynamic":"1.378843085804111277"},"nft":{"value":88,"dynamic":88,"collections":[false,false,false,false,false,false,false],"collections2":{"89seconds":false,"artBlocks":false,"boredApes":false,"cryptoPunks":false,"ksoids":false,"meebits":false,"omnimorphs":true}}},"floor":0.10301}]}