{"uuid":"009d1e67-cc19-4f48-909d-5f3f6b79963e","token_id":242,"color":3,"transactions":[{"timestamp":1634206298,"price":0.10301,"block_number":13415715,"account":{"address":"0x53313fbde33b6030f9601eae9d06bbdcdf118f9c","tx_count":172,"eth":{"value":"0.714229961166206518","dynamic":"0.714229961166206518"},"nft":{"value":102,"dynamic":102,"collections":[false,false,false,false,false,false,false],"collections2":{"89seconds":false,"artBlocks":false,"boredApes":false,"cryptoPunks":false,"ksoids":false,"meebits":false,"omnimorphs":true}}},"floor":0.10301},{"timestamp":1637232109,"price":0.099,"block_number":13638859,"account":{"address":"0x241365e6eed258ac4a2824424b6802c0240e13eb","tx_count":42,"eth":{"value":"4.107820175317404193","dynamic":"4.107820175317404193"},"nft":{"value":41,"dynamic":41,"collections":[false,false,false,false,false,false,false],"collections2":{"89seconds":true,"artBlocks":false,"boredApes":false,"cryptoPunks":false,"ksoids":true,"meebits":true,"omnimorphs":false}}},"floor":0.099}]}