{"uuid":"ca31bdf8-555d-4e47-9ad8-8cc05b258e6a","token_id":240,"color":3,"transactions":[{"timestamp":1634206289,"price":0.10301,"block_number":13415713,"account":{"address":"0x09549ce242146a2407bbb66b979d64692563bf35","tx_count":620,"eth":{"value":"3.96139508207903131","dynamic":"3.45271103287903131"},"nft":{"value":101,"dynamic":101,"collections":[false,false,false,false,false,false,false],"collections2":{"89seconds":false,"artBlocks":false,"boredApes":false,"cryptoPunks":false,"ksoids":false,"meebits":false,"omnimorphs":false}}},"floor":0.10301},{"timestamp":1634207744,"price":0.24,"block_number":13415814,"account":{"address":"0x8d0a77e158174bd6f86feec6bfe9316122269d10","tx_count":41,"eth":{"value":"1.978457871954487358","dynamic":"1.978457871954487358"},"nft":{"value":12,"dynamic":12,"collections":[false,false,false,false,false,false,false],"collections2":{"89seconds":false,"boredApes":false,"cryptoPunks":false,"ksoids":false,"meebits":false,"omnimorphs":false}}},"floor":0.10301},{"timestamp":1634281991,"price":0.3,"block_number":13421221,"account":{"address":"0x30c299989e3c521667aad6064d18f44fec6374b4","tx_count":31,"eth":{"value":"2.230282616425745434","dynamic":"1.193853767141636489"},"nft":{"value":5,"dynamic":5,"collections":[false,false,false,false,false,false,false],"collections2":{"89seconds":false,"artBlocks":true,"boredApes":false,"cryptoPunks":false,"ksoids":false,"meebits":false,"omnimorphs":false}}},"floor":0.18000000000000002}]}