{"uuid":"8275f329-7e17-4551-a5c4-bb25d1c41398","token_id":241,"color":4,"transactions":[{"timestamp":1634206293,"price":0.10301,"block_number":13415714,"account":{"address":"0x09549ce242146a2407bbb66b979d64692563bf35","tx_count":620,"eth":{"value":"3.96139508207903131","dynamic":"3.45271103287903131"},"nft":{"value":101,"dynamic":101,"collections":[false,false,false,false,false,false,false],"collections2":{"89seconds":false,"artBlocks":false,"boredApes":false,"cryptoPunks":false,"meebits":false,"omnimorphs":false}}},"floor":0.10301},{"timestamp":1634208089,"price":0.24,"block_number":13415846,"account":{"address":"0x7f96e5dd86e9657f7651eab990c59a638c6122bb","tx_count":10,"eth":{"value":"0.29229093107602063","dynamic":"0.29229093107602063"},"nft":{"value":2,"dynamic":2,"collections":[false,false,false,false,false,false,false],"collections2":{"89seconds":false,"artBlocks":false,"boredApes":false,"cryptoPunks":false,"ksoids":false,"meebits":false,"omnimorphs":false}}},"floor":0.10301}]}