{"uuid":"4bc4a1eb-b0b1-4aff-a9f4-2c534eef6a92","token_id":249,"color":3,"transactions":[{"timestamp":1634206382,"price":0.10301,"block_number":13415722,"account":{"address":"0x86f1bfb095249208aacb02a98796aac5b70c2de8","tx_count":212,"eth":{"value":"1.988437145838177805","dynamic":"1.973362760840098622"},"nft":{"value":23,"dynamic":23,"collections":[false,false,false,false,false,false,false],"collections2":{"89seconds":false,"artBlocks":false,"boredApes":false,"cryptoPunks":false,"ksoids":false,"meebits":false,"omnimorphs":false}}},"floor":0.10301},{"timestamp":1634223092,"price":0.37,"block_number":13416948,"account":{"address":"0x4592cde006dc435b8a5c4e42efbd1db310570f1a","tx_count":324,"eth":{"value":"1.092616283382876118","dynamic":"1.092616283382876118"},"nft":{"value":111,"dynamic":111,"collections":[false,false,false,false,false,false,false],"collections2":{"89seconds":false,"artBlocks":false,"boredApes":false,"cryptoPunks":false,"ksoids":false,"meebits":false,"omnimorphs":false}}},"floor":0.10301},{"timestamp":1634223839,"price":0.37,"block_number":13417010,"account":{"address":"0x5fb998b8024e38867558fd5e2b87b6d13da730f8","tx_count":344,"eth":{"value":"3.02091295921711267","dynamic":"3.02091295921711267"},"nft":{"value":154,"dynamic":153,"collections":[false,false,false,false,false,false,false],"collections2":{"89seconds":false,"artBlocks":false,"boredApes":false,"cryptoPunks":false,"ksoids":false,"meebits":false,"omnimorphs":true}}},"floor":0.10301},{"timestamp":1634224575,"price":0.37,"block_number":13417064,"account":{"address":"0x788373a90823793ecffe357ffafc2b4256f91943","tx_count":170,"eth":{"value":"1.311714132626588874","dynamic":"1.311714132626588874"},"nft":{"value":45,"dynamic":45,"collections":[false,false,false,false,false,false,false],"collections2":{"89seconds":false,"artBlocks":false,"boredApes":false,"cryptoPunks":false,"ksoids":false,"meebits":false,"omnimorphs":false}}},"floor":0.10301},{"timestamp":1634224853,"price":0.37,"block_number":13417088,"account":{"address":"0x64932f86d69f2717307f41b4c6b8198000583c63","tx_count":401,"eth":{"value":"1.528500502407902732","dynamic":"1.528500502407902732"},"nft":{"value":79,"dynamic":79,"collections":[false,false,false,false,false,false,false],"collections2":{"89seconds":false,"artBlocks":false,"boredApes":false,"cryptoPunks":false,"ksoids":false,"meebits":false,"omnimorphs":false}}},"floor":0.10301},{"timestamp":1634229886,"price":0.37,"block_number":13417473,"account":{"address":"0xc0ecf2546f5fe83d63bdb5e6a9d1488019848fb9","tx_count":412,"eth":{"value":"1.105841687096039482","dynamic":"1.094890731641194988"},"nft":{"value":168,"dynamic":168,"collections":[false,false,false,false,false,false,false],"collections2":{"89seconds":false,"artBlocks":false,"boredApes":false,"cryptoPunks":false,"ksoids":false,"meebits":false,"omnimorphs":false}}},"floor":0.10301},{"timestamp":1634454185,"price":0.65,"block_number":13433988,"account":{"address":"0x186653cd6335e885246cce7a82c9b0587fbadeed","tx_count":9,"eth":{"value":"1.3234395375","dynamic":"1.3234395375"},"nft":{"value":8,"dynamic":8,"collections":[false,false,false,false,false,false,false],"collections2":{"89seconds":false,"artBlocks":false,"boredApes":false,"cryptoPunks":false,"ksoids":false,"meebits":false,"omnimorphs":false}}},"floor":0.15299100000000002}]}