{"uuid":"12966639-6c58-4efd-9204-fbbf6d1bcf25","token_id":244,"color":3,"transactions":[{"timestamp":1634206307,"price":0.10301,"block_number":13415715,"account":{"address":"0x584313319d0bfead2a9d98a7154f5dcb5a62887f","tx_count":1555,"eth":{"value":"0.405012354815351628","dynamic":"-1.795596262423976708"},"nft":{"value":72,"dynamic":49,"collections":[false,false,false,false,false,false,false],"collections2":{"89seconds":false,"artBlocks":false,"boredApes":false,"cryptoPunks":false,"ksoids":false,"meebits":false,"omnimorphs":false}}},"floor":0.10301},{"timestamp":1636253900,"price":0.12,"block_number":13566851,"account":{"address":"0xafcfc0be5e758d4b0d7dc87c34bc0f2f16e2f6b7","tx_count":1,"eth":{"value":"0.1323672024","dynamic":"0.1323672024"},"nft":{"value":1,"dynamic":1,"collections":[false,false,false,false,false,false,false],"collections2":{"89seconds":false,"artBlocks":false,"boredApes":false,"cryptoPunks":false,"ksoids":false,"meebits":false,"omnimorphs":false}}},"floor":0.07301},{"timestamp":1638731004,"price":0.074,"block_number":13747735,"account":{"address":"0x3e652b7c1fd35a2d6210c17b436a0d67f8f619ff","tx_count":27,"eth":{"value":"2.287011279885616349","dynamic":"2.287011279885616349"},"nft":{"value":76,"dynamic":76,"collections":[false,false,false,false,false,false,false],"collections2":{"89seconds":false,"artBlocks":false,"boredApes":false,"cryptoPunks":false,"ksoids":false,"meebits":false,"omnimorphs":false}}},"floor":0.074}]}