{"uuid":"952f6a90-d396-4af5-b27b-7b0d30c680f2","token_id":245,"color":4,"transactions":[{"timestamp":1634206334,"price":0.10301,"block_number":13415715,"account":{"address":"0xbf4ec1f616bb62eb1172b677d9443a86f0a3884a","tx_count":1822,"eth":{"value":"4.520173432445139124","dynamic":"4.339822193745139124"},"nft":{"value":627,"dynamic":627,"collections":[false,false,false,false,false,false,false],"collections2":{"89seconds":false,"artBlocks":false,"boredApes":false,"cryptoPunks":false,"ksoids":false,"meebits":false,"omnimorphs":false}}},"floor":0.10301},{"timestamp":1634431470,"price":0.21,"block_number":13432340,"account":{"address":"0x5b60117255df27fdd885629c0210d9dd975ff975","tx_count":673,"eth":{"value":"1.903938398435553168","dynamic":"0.929024023823146253"},"nft":{"value":139,"dynamic":135,"collections":[false,false,false,false,false,false,false],"collections2":{"89seconds":false,"artBlocks":false,"boredApes":false,"cryptoPunks":false,"ksoids":false,"meebits":false,"omnimorphs":false}}},"floor":0.10301}]}