{"uuid":"d5a7ba57-8707-4378-a6a0-197e8b5e4be6","token_id":248,"color":0,"transactions":[{"timestamp":1634206380,"price":0.10301,"block_number":13415721,"account":{"address":"0xff18d10f5d9797d18dfe85437d3e76475025c2e1","tx_count":485,"eth":{"value":"9.130242496702496749","dynamic":"0.983684541937722008"},"nft":{"value":234,"dynamic":234,"collections":[false,false,false,false,false,false,false],"collections2":{"89seconds":false,"artBlocks":false,"boredApes":false,"cryptoPunks":false,"ksoids":false,"meebits":false,"omnimorphs":true}}},"floor":0.10301}]}