{"uuid":"42a791a6-0d24-4a60-a919-7c2ccb85ef13","token_id":247,"color":0,"transactions":[{"timestamp":1634206372,"price":0.10301,"block_number":13415720,"account":{"address":"0xbf4ec1f616bb62eb1172b677d9443a86f0a3884a","tx_count":1822,"eth":{"value":"4.520173432445139124","dynamic":"4.339822193745139124"},"nft":{"value":627,"dynamic":627,"collections":[false,false,false,false,false,false,false],"collections2":{"89seconds":false,"artBlocks":false,"boredApes":false,"cryptoPunks":false,"ksoids":false,"meebits":false,"omnimorphs":false}}},"floor":0.10301},{"timestamp":1634209691,"price":0.3,"block_number":13415949,"account":{"address":"0x13e48abf4248251934a7d14c857c89e996243851","tx_count":195,"eth":{"value":"0.311126411712550852","dynamic":"0.311126411712550852"},"nft":{"value":153,"dynamic":153,"collections":[false,false,false,false,false,false,false],"collections2":{"89seconds":false,"artBlocks":false,"boredApes":false,"cryptoPunks":false,"ksoids":false,"meebits":false,"omnimorphs":true}}},"floor":0.10301}]}