{"uuid":"89e32577-4606-4da9-954a-571df8ab4348","token_id":243,"color":0,"transactions":[{"timestamp":1634206303,"price":0.10301,"block_number":13415715,"account":{"address":"0x584313319d0bfead2a9d98a7154f5dcb5a62887f","tx_count":1555,"eth":{"value":"0.405012354815351628","dynamic":"-1.795596262423976708"},"nft":{"value":72,"dynamic":49,"collections":[false,false,false,false,false,false,false],"collections2":{"89seconds":false,"artBlocks":false,"boredApes":false,"cryptoPunks":false,"ksoids":false,"meebits":false,"omnimorphs":false}}},"floor":0.10301}]}