{"uuid":"5d772191-7143-4440-8ef2-b26e02032390","token_id":246,"color":3,"transactions":[{"timestamp":1634206353,"price":0.10301,"block_number":13415719,"account":{"address":"0xbf4ec1f616bb62eb1172b677d9443a86f0a3884a","tx_count":1822,"eth":{"value":"4.520173432445139124","dynamic":"4.339822193745139124"},"nft":{"value":627,"dynamic":627,"collections":[false,false,false,false,false,false,false],"collections2":{"89seconds":false,"artBlocks":false,"boredApes":false,"cryptoPunks":false,"ksoids":false,"meebits":false,"omnimorphs":false}}},"floor":0.10301},{"timestamp":1634430919,"price":0.21,"block_number":13432306,"account":{"address":"0x9c37796570ec55558c5c669d2560c124d7fd0c5c","tx_count":97,"eth":{"value":"2.832739959111008689","dynamic":"2.737290553445537243"},"nft":{"value":31,"dynamic":31,"collections":[false,false,false,false,false,false,false],"collections2":{"89seconds":false,"artBlocks":false,"boredApes":false,"cryptoPunks":false,"ksoids":false,"meebits":false,"omnimorphs":false}}},"floor":0.10301},{"timestamp":1635726077,"price":0.1,"block_number":13527953,"account":{"address":"0xb0f0ea6b0353a0548f57db876f035112c5910735","tx_count":50,"eth":{"value":"0.192702427153740441","dynamic":"0.183982692362012761"},"nft":{"value":30,"dynamic":29,"collections":[false,false,false,false,false,false,false],"collections2":{"89seconds":false,"artBlocks":false,"boredApes":false,"cryptoPunks":false,"ksoids":false,"meebits":false,"omnimorphs":false}}},"floor":0.08100000000000002},{"timestamp":1635729714,"price":0.1,"block_number":13528225,"account":{"address":"0x9c37796570ec55558c5c669d2560c124d7fd0c5c","tx_count":124,"eth":{"value":"0.1119136409233373","dynamic":"0.072569266257865854"},"nft":{"value":35,"dynamic":35,"collections":[false,false,false,false,false,false,false],"collections2":{"89seconds":false,"artBlocks":false,"boredApes":false,"cryptoPunks":false,"ksoids":false,"meebits":false,"omnimorphs":false}}},"floor":0.06561000000000002}]}