{"uuid":"c1ce1c9a-115f-43ca-9493-030bbcce8b75","token_id":256,"color":2,"transactions":[{"timestamp":1634206415,"price":0.10301,"block_number":13415724,"account":{"address":"0x04d40af9dbb33d87daa897d083e62dc4b09d5b94","tx_count":438,"eth":{"value":"0.063144645852699147","dynamic":"0.063144645852699147"},"nft":{"value":227,"dynamic":227,"collections":[false,false,false,false,false,false,false],"collections2":{"89seconds":false,"artBlocks":false,"boredApes":false,"cryptoPunks":false,"ksoids":false,"meebits":false,"omnimorphs":false}}},"floor":0.10301}]}