{"uuid":"94f7511e-bd32-42b0-91e9-5d049f9b81aa","token_id":251,"color":4,"transactions":[{"timestamp":1634206291,"price":0.10301,"block_number":13415716,"account":{"address":"0xd5844c4157a8c4f3c113328c5e24d510b4b31be6","tx_count":179,"eth":{"value":"0.1564240150460308","dynamic":"0.1564240150460308"},"nft":{"value":11,"dynamic":11,"collections":[false,false,false,false,false,false,false],"collections2":{"89seconds":false,"artBlocks":false,"boredApes":false,"cryptoPunks":false,"ksoids":false,"meebits":false,"omnimorphs":false}}},"floor":0.10301},{"timestamp":1634713324,"price":0.134,"block_number":13453168,"account":{"address":"0xa2e300817ce9de52f2724edf56032f015e9b6a1a","tx_count":173,"eth":{"value":"2.340833443704988416","dynamic":"2.287968457788996351"},"nft":{"value":123,"dynamic":115,"collections":[false,false,false,false,false,false,false],"collections2":{"89seconds":false,"artBlocks":false,"boredApes":false,"cryptoPunks":false,"ksoids":false,"meebits":false,"omnimorphs":false}}},"floor":0.105219}]}