{"uuid":"eb441208-9000-4631-9860-949cc5f4370b","token_id":252,"color":4,"transactions":[{"timestamp":1634206291,"price":0.10301,"block_number":13415716,"account":{"address":"0xed694487ccac768b04aed34700de75f96d584930","tx_count":109,"eth":{"value":"0.39673979860362888","dynamic":"0.39659279860362888"},"nft":{"value":18,"dynamic":18,"collections":[false,false,false,false,false,false,false],"collections2":{"89seconds":false,"artBlocks":false,"boredApes":false,"cryptoPunks":false,"ksoids":false,"meebits":false,"omnimorphs":true}}},"floor":0.10301},{"timestamp":1636764508,"price":0.08,"block_number":13604589,"account":{"address":"0x57c23be389a66a94bbe83871ead5450272f1efd3","tx_count":76,"eth":{"value":"0.899721830224378967","dynamic":"0.899492950224378967"},"nft":{"value":28,"dynamic":28,"collections":[false,false,false,false,false,false,false],"collections2":{"89seconds":false,"artBlocks":false,"boredApes":false,"cryptoPunks":false,"ksoids":false,"meebits":false,"omnimorphs":false}}},"floor":0.075},{"timestamp":1636882005,"price":0.108665,"block_number":13613173,"account":{"address":"0xed694487ccac768b04aed34700de75f96d584930","tx_count":132,"eth":{"value":"0.462995067781324551","dynamic":"0.462848067781324551"},"nft":{"value":22,"dynamic":22,"collections":[false,false,false,false,false,false,false],"collections2":{"89seconds":false,"artBlocks":false,"boredApes":false,"cryptoPunks":false,"ksoids":false,"meebits":false,"omnimorphs":false}}},"floor":0.069}]}