{"uuid":"3ca13ebc-b151-41b6-9967-3d4753d5678d","token_id":250,"color":0,"transactions":[{"timestamp":1634206384,"price":0.10301,"block_number":13415722,"account":{"address":"0x86f1bfb095249208aacb02a98796aac5b70c2de8","tx_count":212,"eth":{"value":"1.988437145838177805","dynamic":"1.973362760840098622"},"nft":{"value":23,"dynamic":23,"collections":[false,false,false,false,false,false,false],"collections2":{"89seconds":false,"artBlocks":false,"boredApes":false,"cryptoPunks":false,"ksoids":false,"meebits":false,"omnimorphs":false}}},"floor":0.10301},{"timestamp":1634999113,"price":0.15,"block_number":13474287,"account":{"address":"0xbf366ac0f44da27e9bce103329858e8758e09ab4","tx_count":119,"eth":{"value":"1.841170107548375323","dynamic":"1.726213643175375323"},"nft":{"value":60,"dynamic":59,"collections":[false,false,false,false,false,false,false],"collections2":{"89seconds":false,"artBlocks":false,"boredApes":false,"cryptoPunks":false,"ksoids":false,"meebits":false,"omnimorphs":false}}},"floor":0.14}]}