{"uuid":"96c741b6-761e-444f-88d2-c6625d34f41c","token_id":257,"color":5,"transactions":[{"timestamp":1634206417,"price":0.10301,"block_number":13415725,"account":{"address":"0x17cbb6b0525b363ea7af63dac11f865aee1e18a2","tx_count":4,"eth":{"value":"0.124708656209853545","dynamic":"0.124708656209853545"},"nft":{"value":2,"dynamic":2,"collections":[false,false,false,false,false,false,false],"collections2":{"89seconds":false,"artBlocks":false,"boredApes":false,"cryptoPunks":false,"ksoids":false,"meebits":false,"omnimorphs":false}}},"floor":0.10301}]}