{"uuid":"e377ea77-6599-4b18-bf27-ffb321e42309","token_id":259,"color":5,"transactions":[{"timestamp":1634206465,"price":0.10301,"block_number":13415728,"account":{"address":"0xbaaba861464f25f52c2ee10cc3ac024f4f77812a","tx_count":638,"eth":{"value":"0.153304307820001096","dynamic":"0.153304307820001096"},"nft":{"value":137,"dynamic":137,"collections":[false,false,false,false,false,false,false],"collections2":{"89seconds":false,"artBlocks":false,"boredApes":false,"cryptoPunks":false,"ksoids":false,"meebits":false,"omnimorphs":false}}},"floor":0.10301},{"timestamp":1634211080,"price":0.3,"block_number":13416058,"account":{"address":"0x90ba17dc59e1b8a75cdd898e7a63d8a741277541","tx_count":433,"eth":{"value":"2.329684085410536096","dynamic":"2.261720788486160565"},"nft":{"value":162,"dynamic":162,"collections":[false,false,false,false,false,false,false],"collections2":{"89seconds":false,"artBlocks":false,"boredApes":false,"cryptoPunks":false,"ksoids":false,"meebits":false,"omnimorphs":false}}},"floor":0.10301}]}