{"uuid":"237dac29-9f16-4071-929a-ac36ae90eb55","token_id":253,"color":2,"transactions":[{"timestamp":1634206399,"price":0.10301,"block_number":13415723,"account":{"address":"0x318e4ba3fb1ca449868e48c060b0fc11da173b8b","tx_count":242,"eth":{"value":"2.138877009920186622","dynamic":"0.239915491075725171"},"nft":{"value":134,"dynamic":121,"collections":[false,false,false,false,false,false,false],"collections2":{"89seconds":false,"artBlocks":false,"boredApes":false,"cryptoPunks":false,"ksoids":false,"meebits":false,"omnimorphs":false}}},"floor":0.10301},{"timestamp":1635249782,"price":0.38,"block_number":13492882,"account":{"address":"0x8dbbca57ea56290efa14d835bbfd34faf1d89753","tx_count":3223,"eth":{"value":"10.47518922402059966","dynamic":"-15.031188883562162053"},"nft":{"value":2453,"dynamic":740,"collections":[false,false,false,false,false,false,false],"collections2":{"89seconds":false,"artBlocks":true,"boredApes":false,"cryptoPunks":true,"ksoids":true,"meebits":true,"omnimorphs":false}}},"floor":0.10301},{"timestamp":1636241561,"price":0.12,"block_number":13565913,"account":{"address":"0xc35a5fec6be6957899e15559be252db882220b37","tx_count":29667,"eth":{"value":"14.475704268992623325","dynamic":"13.49184087788441623"},"nft":{"value":0,"dynamic":0,"collections":[false,false,false,false,false,false,false],"collections2":{"89seconds":true,"artBlocks":true,"boredApes":true,"cryptoPunks":true,"ksoids":true,"meebits":true,"omnimorphs":false}}},"floor":0.07301},{"timestamp":1636245304,"price":0.12,"block_number":13566223,"account":{"address":"0x8dbbca57ea56290efa14d835bbfd34faf1d89753","tx_count":3428,"eth":{"value":"3.253518761489503439","dynamic":"-11.161637736082060583"},"nft":{"value":2500,"dynamic":816,"collections":[false,false,false,false,false,false,false],"collections2":{"89seconds":true,"artBlocks":true,"boredApes":true,"cryptoPunks":true,"ksoids":true,"meebits":true,"omnimorphs":false}}},"floor":0.07301},{"timestamp":1637330942,"price":0.09,"block_number":13645989,"account":{"address":"0x8dbbca57ea56290efa14d835bbfd34faf1d89753","tx_count":3468,"eth":{"value":"5.689951433898959094","dynamic":"0.578053090680985429"},"nft":{"value":1536,"dynamic":794,"collections":[false,false,false,false,false,false,false],"collections2":{"89seconds":true,"artBlocks":true,"boredApes":true,"cryptoPunks":true,"ksoids":true,"meebits":true,"omnimorphs":false}}},"floor":0.095},{"timestamp":1637333159,"price":0.08571428571428572,"block_number":13646131,"account":{"address":"0x8dbbca57ea56290efa14d835bbfd34faf1d89753","tx_count":3470,"eth":{"value":"4.920601071898959094","dynamic":"-0.191297271319014571"},"nft":{"value":1536,"dynamic":794,"collections":[false,false,false,false,false,false,false],"collections2":{"89seconds":true,"artBlocks":true,"boredApes":true,"cryptoPunks":true,"ksoids":true,"meebits":true,"omnimorphs":false}}},"floor":0.093},{"timestamp":1637348955,"price":0.0875,"block_number":13647325,"account":{"address":"0x8dbbca57ea56290efa14d835bbfd34faf1d89753","tx_count":3472,"eth":{"value":"4.048483731898959094","dynamic":"-1.063414611319014571"},"nft":{"value":1537,"dynamic":795,"collections":[false,false,false,false,false,false,false],"collections2":{"89seconds":true,"artBlocks":true,"boredApes":true,"cryptoPunks":true,"ksoids":true,"meebits":true,"omnimorphs":false}}},"floor":0.095}]}