{"uuid":"34c5d0d6-8e0b-4d21-a4ea-b83ab0059f56","token_id":258,"color":1,"transactions":[{"timestamp":1634206429,"price":0.10301,"block_number":13415725,"account":{"address":"0x47024c554fac0863391dfa6fc36deda9e31c70cf","tx_count":446,"eth":{"value":"5.690225123431113302","dynamic":"5.690225123431113302"},"nft":{"value":198,"dynamic":198,"collections":[false,false,false,false,false,false,false],"collections2":{"89seconds":false,"artBlocks":false,"boredApes":false,"cryptoPunks":false,"ksoids":false,"meebits":false,"omnimorphs":false}}},"floor":0.10301}]}