{"uuid":"5b589348-11be-4037-9327-687b11331d8f","token_id":254,"color":0,"transactions":[{"timestamp":1634206406,"price":0.10301,"block_number":13415723,"account":{"address":"0x04d40af9dbb33d87daa897d083e62dc4b09d5b94","tx_count":438,"eth":{"value":"0.063144645852699147","dynamic":"0.063144645852699147"},"nft":{"value":227,"dynamic":227,"collections":[false,false,false,false,false,false,false],"collections2":{"89seconds":false,"artBlocks":false,"boredApes":false,"cryptoPunks":false,"ksoids":false,"meebits":false,"omnimorphs":false}}},"floor":0.10301},{"timestamp":1634211623,"price":0.25,"block_number":13416091,"account":{"address":"0xd84940dccac103e82886a0fbf2240a613fc261c0","tx_count":20,"eth":{"value":"0.090689899317085868","dynamic":"0.090689899317085868"},"nft":{"value":11,"dynamic":5,"collections":[false,false,false,false,false,false,false],"collections2":{"89seconds":false,"artBlocks":false,"boredApes":false,"cryptoPunks":false,"ksoids":false,"meebits":false,"omnimorphs":false}}},"floor":0.10301}]}