{"uuid":"3efeb660-92a6-4968-9b70-0d65bdf09c27","token_id":266,"color":4,"transactions":[{"timestamp":1634206520,"price":0.10301,"block_number":13415731,"account":{"address":"0xc30129797dcca1c84f84752a012b5c19c3997270","tx_count":398,"eth":{"value":"12.492720248530665291","dynamic":"12.492720248530665291"},"nft":{"value":357,"dynamic":357,"collections":[false,false,false,false,false,false,false],"collections2":{"89seconds":false,"artBlocks":false,"boredApes":false,"cryptoPunks":false,"ksoids":false,"meebits":false,"omnimorphs":false}}},"floor":0.10301},{"timestamp":1634217674,"price":0.2439,"block_number":13416541,"account":{"address":"0x1a560d6828e032416350e81bc37b653d9c58e480","tx_count":98,"eth":{"value":"67.198171379917132184","dynamic":"67.18981672691713189"},"nft":{"value":15,"dynamic":9,"collections":[false,false,false,false,false,false,false],"collections2":{"89seconds":false,"artBlocks":false,"boredApes":false,"cryptoPunks":false,"ksoids":false,"meebits":false,"omnimorphs":false}}},"floor":0.10301},{"timestamp":1640773507,"price":0.06956521739130435,"block_number":13899652,"account":{"address":"0x62174469ab600a7c3add4a2c7a7ca938a811ef46","tx_count":19,"eth":{"value":"152.37469697488386658","dynamic":"-8.071129328970916434"},"nft":{"value":95,"dynamic":94,"collections":[false,false,false,false,false,false,false],"collections2":{"89seconds":false,"artBlocks":false,"boredApes":false,"cryptoPunks":true,"ksoids":false,"meebits":false,"omnimorphs":false}}},"floor":0.055},{"timestamp":1640778141,"price":0.07,"block_number":13900010,"account":{"address":"0x1a560d6828e032416350e81bc37b653d9c58e480","tx_count":192,"eth":{"value":"48.221484016855297863","dynamic":"-19.500839682785860314"},"nft":{"value":64,"dynamic":56,"collections":[false,false,false,false,false,false,false],"collections2":{"89seconds":false,"artBlocks":false,"boredApes":false,"cryptoPunks":true,"ksoids":false,"meebits":false,"omnimorphs":false}}},"floor":0.0549},{"timestamp":1640860726,"price":0.05625,"block_number":13906168,"account":{"address":"0x62174469ab600a7c3add4a2c7a7ca938a811ef46","tx_count":24,"eth":{"value":"152.99771553953959975","dynamic":"-7.448110764315183258"},"nft":{"value":64,"dynamic":63,"collections":[false,false,false,false,false,false,false],"collections2":{"89seconds":false,"artBlocks":false,"boredApes":false,"cryptoPunks":true,"ksoids":false,"meebits":false,"omnimorphs":false}}},"floor":0.0429},{"timestamp":1640866829,"price":0.05,"block_number":13906640,"account":{"address":"0x1a560d6828e032416350e81bc37b653d9c58e480","tx_count":195,"eth":{"value":"48.34206059485071087","dynamic":"-19.380263104790447308"},"nft":{"value":60,"dynamic":52,"collections":[false,false,false,false,false,false,false],"collections2":{"89seconds":false,"artBlocks":false,"boredApes":false,"cryptoPunks":true,"ksoids":false,"meebits":false,"omnimorphs":false}}},"floor":0.0427},{"timestamp":1640876492,"price":0.05,"block_number":13907351,"account":{"address":"0x62174469ab600a7c3add4a2c7a7ca938a811ef46","tx_count":25,"eth":{"value":"152.77928631117363176","dynamic":"-7.666539992681151248"},"nft":{"value":60,"dynamic":59,"collections":[false,false,false,false,false,false,false],"collections2":{"89seconds":false,"artBlocks":false,"boredApes":false,"cryptoPunks":true,"ksoids":false,"meebits":false,"omnimorphs":false}}},"floor":0.0424}]}