{"uuid":"9983bd7c-28c3-438e-bd62-fb729913a483","token_id":263,"color":2,"transactions":[{"timestamp":1634206502,"price":0.10301,"block_number":13415731,"account":{"address":"0x2aba42b4fb232b67265fe37d06f45d8fc86eb761","tx_count":151,"eth":{"value":"0.351946000001681886","dynamic":"0.351946000001681886"},"nft":{"value":38,"dynamic":38,"collections":[false,false,false,false,false,false,false],"collections2":{"89seconds":false,"artBlocks":false,"boredApes":false,"cryptoPunks":false,"ksoids":false,"meebits":false,"omnimorphs":false}}},"floor":0.10301},{"timestamp":1634342284,"price":0.127,"block_number":13425692,"account":{"address":"0xc35a5fec6be6957899e15559be252db882220b37","tx_count":28975,"eth":{"value":"47.80492430493511067","dynamic":"33.56259485425373923"},"nft":{"value":6000,"dynamic":484,"collections":[false,false,false,false,false,false,false],"collections2":{"89seconds":false,"artBlocks":true,"boredApes":false,"cryptoPunks":false,"ksoids":true,"meebits":false,"omnimorphs":false}}},"floor":0.150634515941999},{"timestamp":1639081158,"price":0.08,"block_number":13773102,"account":{"address":"0xba8c2aa61704cc14db988970b227af9a4e9ee5fa","tx_count":447,"eth":{"value":"0.352154137673117831","dynamic":"0.262602984848677165"},"nft":{"value":56,"dynamic":44,"collections":[false,false,false,false,false,false,false],"collections2":{"89seconds":false,"artBlocks":false,"boredApes":false,"cryptoPunks":false,"ksoids":false,"meebits":false,"omnimorphs":false}}},"floor":0.08}]}