{"uuid":"914d9942-fe72-4f50-8e7e-d4052d4e0b64","token_id":267,"color":3,"transactions":[{"timestamp":1634206528,"price":0.10301,"block_number":13415733,"account":{"address":"0xc30129797dcca1c84f84752a012b5c19c3997270","tx_count":398,"eth":{"value":"12.492720248530665291","dynamic":"12.492720248530665291"},"nft":{"value":357,"dynamic":357,"collections":[false,false,false,false,false,false,false],"collections2":{"89seconds":false,"artBlocks":false,"boredApes":false,"cryptoPunks":false,"ksoids":false,"meebits":false,"omnimorphs":false}}},"floor":0.10301},{"timestamp":1634219354,"price":0.2439,"block_number":13416680,"account":{"address":"0x3100720c02f6c952b2212567845c09a5e3fc3c1b","tx_count":368,"eth":{"value":"0.615130571778238138","dynamic":"-10.611778592575831561"},"nft":{"value":15,"dynamic":15,"collections":[false,false,false,false,false,false,false],"collections2":{"89seconds":true,"artBlocks":false,"boredApes":false,"cryptoPunks":false,"ksoids":false,"meebits":false,"omnimorphs":false}}},"floor":0.10301},{"timestamp":1640064702,"price":0.07,"block_number":13846696,"account":{"address":"0x879c0d35f526df2f8b833a923607a7e9efd89aa0","tx_count":9,"eth":{"value":"0.960585478004543462","dynamic":"0.960585478004543462"},"nft":{"value":8,"dynamic":8,"collections":[false,false,false,false,false,false,false],"collections2":{"89seconds":true,"artBlocks":false,"boredApes":false,"cryptoPunks":false,"ksoids":false,"meebits":false,"omnimorphs":false}}},"floor":0.0649},{"timestamp":1640065301,"price":0.07,"block_number":13846735,"account":{"address":"0x3100720c02f6c952b2212567845c09a5e3fc3c1b","tx_count":401,"eth":{"value":"1.904980235505741659","dynamic":"0.809781967867995467"},"nft":{"value":19,"dynamic":19,"collections":[false,false,false,false,false,false,false],"collections2":{"89seconds":true,"artBlocks":false,"boredApes":false,"cryptoPunks":false,"ksoids":false,"meebits":false,"omnimorphs":false}}},"floor":0.0649},{"timestamp":1640852611,"price":0.05,"block_number":13905594,"account":{"address":"0x879c0d35f526df2f8b833a923607a7e9efd89aa0","tx_count":11,"eth":{"value":"0.984354512000451782","dynamic":"0.984354512000451782"},"nft":{"value":11,"dynamic":11,"collections":[false,false,false,false,false,false,false],"collections2":{"89seconds":true,"artBlocks":false,"boredApes":false,"cryptoPunks":false,"ksoids":false,"meebits":false,"omnimorphs":false}}},"floor":0.0429},{"timestamp":1640879988,"price":0.05,"block_number":13907609,"account":{"address":"0x3100720c02f6c952b2212567845c09a5e3fc3c1b","tx_count":404,"eth":{"value":"1.956223496181145517","dynamic":"0.954649579481265237"},"nft":{"value":20,"dynamic":12,"collections":[false,false,false,false,false,false,false],"collections2":{"89seconds":true,"artBlocks":false,"boredApes":false,"cryptoPunks":false,"ksoids":false,"meebits":false,"omnimorphs":false}}},"floor":0.042}]}