{"uuid":"50301496-be07-46a3-8dcc-3e9663d7bc32","token_id":269,"color":4,"transactions":[{"timestamp":1634206537,"price":0.10301,"block_number":13415734,"account":{"address":"0x1c9092fd4ee82b0dc4a97eaa2bbd77dcaa5fbd3d","tx_count":1,"eth":{"value":"0.159080685779752164","dynamic":"0.159080685779752164"},"nft":{"value":2,"dynamic":2,"collections":[false,false,false,false,false,false,false],"collections2":{"89seconds":false,"artBlocks":false,"boredApes":false,"cryptoPunks":false,"ksoids":false,"meebits":false,"omnimorphs":false}}},"floor":0.10301},{"timestamp":1634721305,"price":0.135,"block_number":13453761,"account":{"address":"0xb394f1aa30ba874df3ae6097bf4c2474b2d8f3ac","tx_count":4795,"eth":{"value":"3.193206545722387721","dynamic":"2.517092028115658304"},"nft":{"value":2561,"dynamic":1311,"collections":[false,false,false,false,false,false,false],"collections2":{"89seconds":false,"artBlocks":true,"boredApes":true,"cryptoPunks":true,"ksoids":false,"meebits":true,"omnimorphs":false}}},"floor":0.10301},{"timestamp":1637059493,"price":0.08,"block_number":13626154,"account":{"address":"0x0dee629a5961f0493a54283b88fc0da49558e27c","tx_count":1565,"eth":{"value":"5.515913158423892025","dynamic":"3.203045505182738403"},"nft":{"value":329,"dynamic":68,"collections":[false,false,false,false,false,false,false],"collections2":{"89seconds":false,"artBlocks":false,"boredApes":false,"cryptoPunks":false,"ksoids":false,"meebits":false,"omnimorphs":false}}},"floor":0.068},{"timestamp":1637153693,"price":0.1,"block_number":13633019,"account":{"address":"0xb394f1aa30ba874df3ae6097bf4c2474b2d8f3ac","tx_count":5138,"eth":{"value":"16.901333473098813008","dynamic":"16.807874915155835262"},"nft":{"value":2741,"dynamic":1302,"collections":[false,false,false,false,false,false,false],"collections2":{"89seconds":false,"artBlocks":true,"boredApes":true,"cryptoPunks":true,"ksoids":false,"meebits":true,"omnimorphs":false}}},"floor":0.09}]}