{"uuid":"3a8af4c7-e42c-45e6-8d86-15575eb758e0","token_id":260,"color":5,"transactions":[{"timestamp":1634206469,"price":0.10301,"block_number":13415728,"account":{"address":"0xbaaba861464f25f52c2ee10cc3ac024f4f77812a","tx_count":638,"eth":{"value":"0.153304307820001096","dynamic":"0.153304307820001096"},"nft":{"value":137,"dynamic":137,"collections":[false,false,false,false,false,false,false],"collections2":{"89seconds":false,"artBlocks":false,"boredApes":false,"cryptoPunks":false,"ksoids":false,"meebits":false,"omnimorphs":false}}},"floor":0.10301},{"timestamp":1634213630,"price":0.2879,"block_number":13416257,"account":{"address":"0x3c30f5d6c24adf59d4399941b2ceeb07e8a4214f","tx_count":33,"eth":{"value":"1.846675846991315867","dynamic":"1.844025725080378367"},"nft":{"value":6,"dynamic":6,"collections":[false,false,false,false,false,false,false],"collections2":{"89seconds":false,"artBlocks":false,"boredApes":false,"cryptoPunks":false,"ksoids":false,"meebits":false,"omnimorphs":false}}},"floor":0.10301}]}