{"uuid":"51326ff8-9131-4ce1-8bff-11f4b90d378d","token_id":261,"color":5,"transactions":[{"timestamp":1634206487,"price":0.10301,"block_number":13415728,"account":{"address":"0x6fbf44626ff01f595158607c4c5354b5e081ba43","tx_count":1543,"eth":{"value":"0.181375139266965124","dynamic":"0.174140053666965124"},"nft":{"value":507,"dynamic":507,"collections":[false,false,false,false,false,false,false],"collections2":{"89seconds":false,"artBlocks":false,"boredApes":false,"cryptoPunks":false,"ksoids":false,"meebits":false,"omnimorphs":false}}},"floor":0.10301}]}