{"uuid":"de26f3d2-05f1-42ad-ad92-772ac873e2a0","token_id":268,"color":3,"transactions":[{"timestamp":1634206536,"price":0.10301,"block_number":13415734,"account":{"address":"0xc30129797dcca1c84f84752a012b5c19c3997270","tx_count":398,"eth":{"value":"12.492720248530665291","dynamic":"12.492720248530665291"},"nft":{"value":357,"dynamic":357,"collections":[false,false,false,false,false,false,false],"collections2":{"89seconds":false,"artBlocks":false,"boredApes":false,"cryptoPunks":false,"ksoids":false,"meebits":false,"omnimorphs":false}}},"floor":0.10301},{"timestamp":1634217315,"price":0.2389,"block_number":13416516,"account":{"address":"0x873d808b76c4262f0420943bf76d47af96dd1e34","tx_count":114,"eth":{"value":"0.214060192303350374","dynamic":"0.214060192303350374"},"nft":{"value":3,"dynamic":3,"collections":[false,false,false,false,false,false,false],"collections2":{"89seconds":false,"artBlocks":false,"boredApes":false,"cryptoPunks":false,"ksoids":false,"meebits":false,"omnimorphs":false}}},"floor":0.10301},{"timestamp":1635086027,"price":0.155,"block_number":13480746,"account":{"address":"0xb3e08599ac57666be68dbb3d311b9c607900a83b","tx_count":1973,"eth":{"value":"370.26530693446843223","dynamic":"370.2180289820544544"},"nft":{"value":158,"dynamic":113,"collections":[false,false,false,false,false,false,false],"collections2":{"89seconds":true,"artBlocks":false,"boredApes":false,"cryptoPunks":true,"ksoids":false,"meebits":true,"omnimorphs":true}}},"floor":0.149},{"timestamp":1635088157,"price":0.155,"block_number":13480887,"account":{"address":"0x0cec743b8ce4ef8802cac0e5df18a180ed8402a7","tx_count":1343,"eth":{"value":"110.583153946918889596","dynamic":"85.776394370125382864"},"nft":{"value":64,"dynamic":58,"collections":[false,false,false,false,false,false,false],"collections2":{"89seconds":true,"artBlocks":false,"boredApes":true,"cryptoPunks":true,"ksoids":true,"meebits":true,"omnimorphs":false}}},"floor":0.149},{"timestamp":1635096534,"price":0.155,"block_number":13481495,"account":{"address":"0xb3e08599ac57666be68dbb3d311b9c607900a83b","tx_count":2032,"eth":{"value":"368.51451138102733449","dynamic":"368.46723342861335665"},"nft":{"value":118,"dynamic":72,"collections":[false,false,false,false,false,false,false],"collections2":{"89seconds":true,"artBlocks":false,"boredApes":false,"cryptoPunks":true,"ksoids":true,"meebits":true,"omnimorphs":true}}},"floor":0.1341},{"timestamp":1635098248,"price":0.155,"block_number":13481627,"account":{"address":"0x0cec743b8ce4ef8802cac0e5df18a180ed8402a7","tx_count":1375,"eth":{"value":"278.01160853466517733","dynamic":"253.2048489578716706"},"nft":{"value":97,"dynamic":91,"collections":[false,false,false,false,false,false,false],"collections2":{"89seconds":true,"artBlocks":false,"boredApes":true,"cryptoPunks":true,"ksoids":true,"meebits":true,"omnimorphs":false}}},"floor":0.1341},{"timestamp":1635163330,"price":0.155,"block_number":13486467,"account":{"address":"0xb3e08599ac57666be68dbb3d311b9c607900a83b","tx_count":2069,"eth":{"value":"368.2191347588536644","dynamic":"368.03917954655089068"},"nft":{"value":120,"dynamic":73,"collections":[false,false,false,false,false,false,false],"collections2":{"89seconds":true,"artBlocks":false,"boredApes":false,"cryptoPunks":true,"ksoids":true,"meebits":true,"omnimorphs":true}}},"floor":0.1379}]}