{"uuid":"f92a58e6-1670-4731-9cf2-c84ef5f9938e","token_id":264,"color":1,"transactions":[{"timestamp":1634206505,"price":0.10301,"block_number":13415731,"account":{"address":"0x2aba42b4fb232b67265fe37d06f45d8fc86eb761","tx_count":151,"eth":{"value":"0.351946000001681886","dynamic":"0.351946000001681886"},"nft":{"value":38,"dynamic":38,"collections":[false,false,false,false,false,false,false],"collections2":{"89seconds":false,"artBlocks":false,"boredApes":false,"cryptoPunks":false,"ksoids":false,"meebits":false,"omnimorphs":false}}},"floor":0.10301},{"timestamp":1634341125,"price":0.128,"block_number":13425603,"account":{"address":"0xa06908b5b8a533612b9bb625c6ffdfc396a7cb1a","tx_count":6,"eth":{"value":"0.045848417391753815","dynamic":"0.045848417391753815"},"nft":{"value":304,"dynamic":304,"collections":[false,false,false,false,false,false,false],"collections2":{"89seconds":false,"artBlocks":false,"boredApes":false,"cryptoPunks":false,"ksoids":false,"meebits":false,"omnimorphs":false}}},"floor":0.150634515941999}]}