{"uuid":"4332176c-e962-4ffb-8231-48bbfb409942","token_id":265,"color":0,"transactions":[{"timestamp":1634206507,"price":0.10301,"block_number":13415731,"account":{"address":"0x5024b970b3108a1c6e82bd0de57d4c1dee60c144","tx_count":46,"eth":{"value":"0.939024586643324008","dynamic":"0.937563986643324008"},"nft":{"value":14,"dynamic":14,"collections":[false,false,false,false,false,false,false],"collections2":{"89seconds":false,"artBlocks":false,"boredApes":false,"cryptoPunks":false,"ksoids":false,"meebits":false,"omnimorphs":false}}},"floor":0.10301},{"timestamp":1634474289,"price":0.191,"block_number":13435485,"account":{"address":"0x07fc39e9ed71c779cbdc02f8a18e17858daa4d9c","tx_count":1,"eth":{"value":"0.393725294886931701","dynamic":"0.393725294886931701"},"nft":{"value":1,"dynamic":1,"collections":[false,false,false,false,false,false,false],"collections2":{"89seconds":false,"artBlocks":false,"boredApes":false,"cryptoPunks":false,"ksoids":false,"meebits":false,"omnimorphs":false}}},"floor":0.1799},{"timestamp":1640012997,"price":0.07,"block_number":13842774,"account":{"address":"0x315cf00ddad9990dd704cc46f78793eefddc0e8d","tx_count":69,"eth":{"value":"0.20749991498713805","dynamic":"0.174703411659604064"},"nft":{"value":41,"dynamic":39,"collections":[false,false,false,false,false,false,false],"collections2":{"89seconds":false,"artBlocks":false,"boredApes":false,"cryptoPunks":false,"ksoids":false,"meebits":false,"omnimorphs":false}}},"floor":0.065},{"timestamp":1640014494,"price":0.07,"block_number":13842875,"account":{"address":"0x0f324cb6606681160bb046d5b17b77935bdcf2e2","tx_count":66,"eth":{"value":"0.660651601062982431","dynamic":"0.660651601062982431"},"nft":{"value":33,"dynamic":33,"collections":[false,false,false,false,false,false,false],"collections2":{"89seconds":false,"artBlocks":false,"boredApes":false,"cryptoPunks":false,"ksoids":false,"meebits":false,"omnimorphs":true}}},"floor":0.065},{"timestamp":1640025877,"price":0.07,"block_number":13843779,"account":{"address":"0x315cf00ddad9990dd704cc46f78793eefddc0e8d","tx_count":74,"eth":{"value":"0.118947408160649229","dynamic":"0.086150904833115243"},"nft":{"value":41,"dynamic":39,"collections":[false,false,false,false,false,false,false],"collections2":{"89seconds":false,"artBlocks":false,"boredApes":false,"cryptoPunks":false,"ksoids":false,"meebits":false,"omnimorphs":false}}},"floor":0.065},{"timestamp":1640082017,"price":0.07,"block_number":13847958,"account":{"address":"0x0f324cb6606681160bb046d5b17b77935bdcf2e2","tx_count":70,"eth":{"value":"0.089691279584230075","dynamic":"0.089691279584230075"},"nft":{"value":33,"dynamic":33,"collections":[false,false,false,false,false,false,false],"collections2":{"89seconds":false,"artBlocks":false,"boredApes":false,"cryptoPunks":false,"ksoids":false,"meebits":false,"omnimorphs":true}}},"floor":0.062},{"timestamp":1640162826,"price":0.07,"block_number":13854014,"account":{"address":"0x07fc39e9ed71c779cbdc02f8a18e17858daa4d9c","tx_count":22,"eth":{"value":"0.07444729460489466","dynamic":"0.07444729460489466"},"nft":{"value":9,"dynamic":9,"collections":[false,false,false,false,false,false,false],"collections2":{"89seconds":false,"artBlocks":false,"boredApes":false,"cryptoPunks":false,"ksoids":false,"meebits":false,"omnimorphs":true}}},"floor":0.059}]}