{"uuid":"58acf89b-f64c-4757-a7b7-70f17827d511","token_id":278,"color":4,"transactions":[{"timestamp":1634206552,"price":0.10301,"block_number":13415734,"account":{"address":"0x2c51beb0297666d365bd6f328897f0681963f258","tx_count":18,"eth":{"value":"0.079741029546195845","dynamic":"0.079741029546195845"},"nft":{"value":3,"dynamic":3,"collections":[false,false,false,false,false,false,false],"collections2":{"89seconds":false,"artBlocks":false,"boredApes":false,"cryptoPunks":false,"ksoids":false,"meebits":false,"omnimorphs":false}}},"floor":0.10301},{"timestamp":1634209212,"price":0.29,"block_number":13415918,"account":{"address":"0x77811b6c55751e28522e3de940abf1a7f3040235","tx_count":132,"eth":{"value":"3.628315515506712864","dynamic":"3.585869685506712864"},"nft":{"value":11,"dynamic":10,"collections":[false,false,false,false,false,false,false],"collections2":{"89seconds":false,"artBlocks":false,"boredApes":false,"cryptoPunks":false,"ksoids":false,"meebits":false,"omnimorphs":false}}},"floor":0.10301},{"timestamp":1635658760,"price":0.095,"block_number":13523011,"account":{"address":"0xfc64410a03b205b995a9101f99a55026d8f1f1da","tx_count":194,"eth":{"value":"0.024934532908115798","dynamic":"0.013786498859662477"},"nft":{"value":41,"dynamic":41,"collections":[false,false,false,false,false,false,false],"collections2":{"89seconds":false,"artBlocks":false,"boredApes":false,"cryptoPunks":false,"ksoids":false,"meebits":false,"omnimorphs":false}}},"floor":0.05301},{"timestamp":1636300188,"price":0.098,"block_number":13570247,"account":{"address":"0x53b77b9a06dd7e11aee247957784d76484fff540","tx_count":40,"eth":{"value":"0.738566404782174667","dynamic":"0.664603368782174667"},"nft":{"value":29,"dynamic":29,"collections":[false,false,false,false,false,false,false],"collections2":{"89seconds":false,"artBlocks":false,"boredApes":false,"cryptoPunks":false,"ksoids":false,"meebits":false,"omnimorphs":false}}},"floor":0.07301},{"timestamp":1637744090,"price":0.109,"block_number":13676282,"account":{"address":"0xafcd6e3d6b8e87722ed8d5a598e811672a462a9d","tx_count":941,"eth":{"value":"0.703010845537222766","dynamic":"0.221320370407598015"},"nft":{"value":1506,"dynamic":966,"collections":[false,false,false,false,false,false,false],"collections2":{"89seconds":false,"artBlocks":true,"boredApes":false,"cryptoPunks":false,"ksoids":false,"meebits":false,"omnimorphs":false}}},"floor":0.07}]}