{"uuid":"23cb76f0-5dc4-42af-9114-243c754c3155","token_id":274,"color":1,"transactions":[{"timestamp":1634206549,"price":0.10301,"block_number":13415734,"account":{"address":"0xf2b20e0681d2921681347c5657a9ab4bee2e8258","tx_count":662,"eth":{"value":"1.982444576187609159","dynamic":"1.982444576187609159"},"nft":{"value":46,"dynamic":46,"collections":[false,false,false,false,false,false,false],"collections2":{"89seconds":false,"artBlocks":false,"boredApes":false,"cryptoPunks":false,"ksoids":false,"meebits":false,"omnimorphs":false}}},"floor":0.10301},{"timestamp":1634266266,"price":0.199,"block_number":13420096,"account":{"address":"0x8f8db14d0fd1e9523831603bfeec51b126350264","tx_count":1,"eth":{"value":"0.043148843980864727","dynamic":"0.043148843980864727"},"nft":{"value":2,"dynamic":2,"collections":[false,false,false,false,false,false,false],"collections2":{"89seconds":false,"artBlocks":false,"boredApes":false,"cryptoPunks":false,"ksoids":false,"meebits":false,"omnimorphs":false}}},"floor":0.10301},{"timestamp":1634825782,"price":0.374,"block_number":13461499,"account":{"address":"0x41079d359874ddcc0dda6ff1b17e7047467f45fa","tx_count":280,"eth":{"value":"0.137206788111327521","dynamic":"0.137206788111327521"},"nft":{"value":28,"dynamic":28,"collections":[false,false,false,false,false,false,false],"collections2":{"89seconds":false,"artBlocks":false,"boredApes":false,"cryptoPunks":false,"ksoids":false,"meebits":false,"omnimorphs":false}}},"floor":0.12}]}