{"uuid":"4ae9fec2-a361-49e1-a669-6a6cbe3004fc","token_id":273,"color":4,"transactions":[{"timestamp":1634206546,"price":0.10301,"block_number":13415734,"account":{"address":"0xf2b20e0681d2921681347c5657a9ab4bee2e8258","tx_count":662,"eth":{"value":"1.982444576187609159","dynamic":"1.982444576187609159"},"nft":{"value":46,"dynamic":46,"collections":[false,false,false,false,false,false,false],"collections2":{"89seconds":false,"artBlocks":false,"boredApes":false,"cryptoPunks":false,"ksoids":false,"meebits":false,"omnimorphs":false}}},"floor":0.10301},{"timestamp":1634218416,"price":0.239,"block_number":13416593,"account":{"address":"0x63d4a56624a4b24dde2f7be35586ce637850010a","tx_count":375,"eth":{"value":"1.656145969079644901","dynamic":"1.14579008573587136"},"nft":{"value":55,"dynamic":55,"collections":[false,false,false,false,false,false,false],"collections2":{"89seconds":false,"artBlocks":false,"boredApes":false,"cryptoPunks":false,"ksoids":false,"meebits":false,"omnimorphs":false}}},"floor":0.10301},{"timestamp":1634219858,"price":0.44,"block_number":13416716,"account":{"address":"0x7e86d59a71189cce55f692b14ef4bed389ab2712","tx_count":1041,"eth":{"value":"0.830102540571457085","dynamic":"0.120543906014035706"},"nft":{"value":26,"dynamic":19,"collections":[false,false,false,false,false,false,false],"collections2":{"89seconds":false,"artBlocks":false,"boredApes":false,"cryptoPunks":false,"ksoids":false,"meebits":false,"omnimorphs":false}}},"floor":0.10301},{"timestamp":1634225637,"price":0.55,"block_number":13417143,"account":{"address":"0x8f8b4759dc93ca55bd6997df719f20f581f10f5c","tx_count":1435,"eth":{"value":"3.980688856526884451","dynamic":"3.01420833873639973"},"nft":{"value":671,"dynamic":654,"collections":[false,false,false,false,false,false,false],"collections2":{"89seconds":false,"artBlocks":false,"boredApes":false,"cryptoPunks":false,"ksoids":false,"meebits":false,"omnimorphs":false}}},"floor":0.10301},{"timestamp":1634416412,"price":0.27,"block_number":13431203,"account":{"address":"0x63d4a56624a4b24dde2f7be35586ce637850010a","tx_count":394,"eth":{"value":"0.413832465699772045","dynamic":"-0.096523417644001496"},"nft":{"value":62,"dynamic":62,"collections":[false,false,false,false,false,false,false],"collections2":{"89seconds":false,"artBlocks":false,"boredApes":false,"cryptoPunks":false,"ksoids":false,"meebits":false,"omnimorphs":false}}},"floor":0.10301},{"timestamp":1634438021,"price":0.22,"block_number":13432801,"account":{"address":"0x8f8b4759dc93ca55bd6997df719f20f581f10f5c","tx_count":1483,"eth":{"value":"0.182347193985527492","dynamic":"-0.784133323804957229"},"nft":{"value":698,"dynamic":681,"collections":[false,false,false,false,false,false,false],"collections2":{"89seconds":false,"artBlocks":false,"boredApes":false,"cryptoPunks":false,"ksoids":false,"meebits":false,"omnimorphs":false}}},"floor":0.10301},{"timestamp":1634557362,"price":0.16,"block_number":13441616,"account":{"address":"0x63d4a56624a4b24dde2f7be35586ce637850010a","tx_count":414,"eth":{"value":"0.987987561087477514","dynamic":"0.477631677743703973"},"nft":{"value":66,"dynamic":66,"collections":[false,false,false,false,false,false,false],"collections2":{"89seconds":false,"artBlocks":false,"boredApes":false,"cryptoPunks":false,"ksoids":false,"meebits":false,"omnimorphs":false}}},"floor":0.12600000000000003}]}