{"uuid":"82ab37a2-8356-4c0e-a469-3513ca3975ba","token_id":271,"color":2,"transactions":[{"timestamp":1634206541,"price":0.10301,"block_number":13415734,"account":{"address":"0xf2b20e0681d2921681347c5657a9ab4bee2e8258","tx_count":662,"eth":{"value":"1.982444576187609159","dynamic":"1.982444576187609159"},"nft":{"value":46,"dynamic":46,"collections":[false,false,false,false,false,false,false],"collections2":{"89seconds":false,"artBlocks":false,"boredApes":false,"cryptoPunks":false,"ksoids":false,"meebits":false,"omnimorphs":false}}},"floor":0.10301},{"timestamp":1634266373,"price":0.199,"block_number":13420101,"account":{"address":"0xe44358e670e5084ca16a5ea41e24d81e66a1f14a","tx_count":5,"eth":{"value":"0.371390595177647995","dynamic":"0.074040595177647995"},"nft":{"value":1,"dynamic":1,"collections":[false,false,false,false,false,false,false],"collections2":{"89seconds":false,"artBlocks":false,"boredApes":false,"cryptoPunks":false,"ksoids":false,"meebits":false,"omnimorphs":false}}},"floor":0.10301}]}