{"uuid":"885b1a2d-6f24-42cb-9285-ea2a31077621","token_id":272,"color":3,"transactions":[{"timestamp":1634206543,"price":0.10301,"block_number":13415734,"account":{"address":"0xf2b20e0681d2921681347c5657a9ab4bee2e8258","tx_count":662,"eth":{"value":"1.982444576187609159","dynamic":"1.982444576187609159"},"nft":{"value":46,"dynamic":46,"collections":[false,false,false,false,false,false,false],"collections2":{"89seconds":false,"artBlocks":false,"boredApes":false,"cryptoPunks":false,"ksoids":false,"meebits":false,"omnimorphs":false}}},"floor":0.10301},{"timestamp":1634218188,"price":0.239,"block_number":13416576,"account":{"address":"0xbe4f3d2b7426d3fad6c063efbc7e4bb54ff70e98","tx_count":54,"eth":{"value":"0.975814467539694239","dynamic":"0.972528467539694239"},"nft":{"value":20,"dynamic":20,"collections":[false,false,false,false,false,false,false],"collections2":{"89seconds":false,"artBlocks":false,"boredApes":false,"cryptoPunks":false,"ksoids":false,"meebits":false,"omnimorphs":false}}},"floor":0.10301}]}