{"uuid":"f2a7860d-bf99-415e-801a-e0815f9513c0","token_id":276,"color":0,"transactions":[{"timestamp":1634206551,"price":0.10301,"block_number":13415734,"account":{"address":"0x47b813776c3cf635f4c06b4f3bbd4f8ab523309c","tx_count":2,"eth":{"value":"0.33792953230708666","dynamic":"0.33792953230708666"},"nft":{"value":3,"dynamic":3,"collections":[false,false,false,false,false,false,false],"collections2":{"89seconds":false,"artBlocks":false,"boredApes":false,"cryptoPunks":false,"ksoids":false,"meebits":false,"omnimorphs":false}}},"floor":0.10301}]}