{"uuid":"debb04ca-d2e2-4b00-b504-a3f8f5db0b3c","token_id":279,"color":1,"transactions":[{"timestamp":1634206553,"price":0.10301,"block_number":13415734,"account":{"address":"0x2c51beb0297666d365bd6f328897f0681963f258","tx_count":18,"eth":{"value":"0.079741029546195845","dynamic":"0.079741029546195845"},"nft":{"value":3,"dynamic":3,"collections":[false,false,false,false,false,false,false],"collections2":{"89seconds":false,"artBlocks":false,"boredApes":false,"cryptoPunks":false,"ksoids":false,"meebits":false,"omnimorphs":false}}},"floor":0.10301},{"timestamp":1634207423,"price":0.29,"block_number":13415786,"account":{"address":"0x2d4eb91cddea03a2a55ccca343147eca764076e2","tx_count":939,"eth":{"value":"7.642033809804119572","dynamic":"7.150416880034215767"},"nft":{"value":144,"dynamic":137,"collections":[false,false,false,false,false,false,false],"collections2":{"artBlocks":false,"boredApes":false,"cryptoPunks":false,"meebits":false,"omnimorphs":false}}},"floor":0.10301},{"timestamp":1634265183,"price":0.3,"block_number":13420023,"account":{"address":"0x3c398cd131d88fe975d8b385bb4931e5707488c2","tx_count":57,"eth":{"value":"0.432678670110881995","dynamic":"0.432678670110881995"},"nft":{"value":23,"dynamic":23,"collections":[false,false,false,false,false,false,false],"collections2":{"89seconds":false,"artBlocks":false,"boredApes":false,"cryptoPunks":false,"ksoids":false,"meebits":false,"omnimorphs":false}}},"floor":0.10301},{"timestamp":1634281295,"price":0.35,"block_number":13421164,"account":{"address":"0x63bc3953f68197f3997c0b6637533b71f317f92b","tx_count":18,"eth":{"value":"0.185631761763250574","dynamic":"0.185631761763250574"},"nft":{"value":7,"dynamic":7,"collections":[false,false,false,false,false,false,false],"collections2":{"89seconds":false,"artBlocks":false,"boredApes":false,"cryptoPunks":false,"ksoids":false,"meebits":false,"omnimorphs":false}}},"floor":0.2},{"timestamp":1634306737,"price":0.55,"block_number":13423085,"account":{"address":"0x523ca94b184898c4fd393dbe18883c742677d5eb","tx_count":785,"eth":{"value":"0.103642673408001113","dynamic":"-22.87963370682536716"},"nft":{"value":151,"dynamic":145,"collections":[false,false,false,false,false,false,false],"collections2":{"89seconds":false,"artBlocks":false,"boredApes":false,"cryptoPunks":false,"ksoids":false,"meebits":false,"omnimorphs":false}}},"floor":0.10301},{"timestamp":1634309182,"price":0.64,"block_number":13423272,"account":{"address":"0x63bc3953f68197f3997c0b6637533b71f317f92b","tx_count":23,"eth":{"value":"0.032174669372738401","dynamic":"0.032174669372738401"},"nft":{"value":7,"dynamic":7,"collections":[false,false,false,false,false,false,false],"collections2":{"89seconds":false,"artBlocks":false,"boredApes":false,"cryptoPunks":false,"ksoids":false,"meebits":false,"omnimorphs":false}}},"floor":0.1791}]}