{"uuid":"e2a2d7f1-71ce-4da7-948e-260f01f44a53","token_id":277,"color":2,"transactions":[{"timestamp":1634206552,"price":0.10301,"block_number":13415734,"account":{"address":"0x2c51beb0297666d365bd6f328897f0681963f258","tx_count":18,"eth":{"value":"0.079741029546195845","dynamic":"0.079741029546195845"},"nft":{"value":3,"dynamic":3,"collections":[false,false,false,false,false,false,false],"collections2":{"89seconds":false,"artBlocks":false,"boredApes":false,"cryptoPunks":false,"ksoids":false,"meebits":false,"omnimorphs":false}}},"floor":0.10301},{"timestamp":1634208615,"price":0.275,"block_number":13415884,"account":{"address":"0x2c05aeffa19188dc1acc46a1bfcba66d8d46170c","tx_count":100,"eth":{"value":"3.866063486435349972","dynamic":"3.737704112927977251"},"nft":{"value":25,"dynamic":25,"collections":[false,false,false,false,false,false,false],"collections2":{"89seconds":false,"artBlocks":false,"boredApes":false,"cryptoPunks":false,"ksoids":false,"meebits":false,"omnimorphs":false}}},"floor":0.10301}]}