{"uuid":"5cbd5cc0-64a6-4ece-a412-6c900d090994","token_id":270,"color":0,"transactions":[{"timestamp":1634206538,"price":0.10301,"block_number":13415734,"account":{"address":"0x1c9092fd4ee82b0dc4a97eaa2bbd77dcaa5fbd3d","tx_count":1,"eth":{"value":"0.159080685779752164","dynamic":"0.159080685779752164"},"nft":{"value":2,"dynamic":2,"collections":[false,false,false,false,false,false,false],"collections2":{"89seconds":false,"artBlocks":false,"boredApes":false,"cryptoPunks":false,"ksoids":false,"meebits":false,"omnimorphs":false}}},"floor":0.10301},{"timestamp":1634726901,"price":0.135,"block_number":13454169,"account":{"address":"0xad0b8c242aabbde6e5a83f777d275eeae16673de","tx_count":1,"eth":{"value":"0.57741048603724528","dynamic":"0.57741048603724528"},"nft":{"value":1,"dynamic":1,"collections":[false,false,false,false,false,false,false],"collections2":{"89seconds":false,"artBlocks":false,"boredApes":false,"cryptoPunks":false,"ksoids":false,"meebits":false,"omnimorphs":false}}},"floor":0.12150000000000001},{"timestamp":1635055230,"price":0.15,"block_number":13478479,"account":{"address":"0x94c9c69277dd97b48425edb093acd84bdd4d2eb8","tx_count":110,"eth":{"value":"0.231464636082116161","dynamic":"0.100194073444657409"},"nft":{"value":17,"dynamic":17,"collections":[false,false,false,false,false,false,false],"collections2":{"89seconds":false,"artBlocks":false,"boredApes":false,"cryptoPunks":false,"ksoids":false,"meebits":false,"omnimorphs":false}}},"floor":0.138},{"timestamp":1635145140,"price":0.184,"block_number":13485093,"account":{"address":"0xe4bef15a0d7d5a889ac0ad7c86d9ca1c4b5d18e6","tx_count":86,"eth":{"value":"0.297295664591807712","dynamic":"-0.174729518651365717"},"nft":{"value":21,"dynamic":18,"collections":[false,false,false,false,false,false,false],"collections2":{"89seconds":false,"artBlocks":false,"boredApes":false,"cryptoPunks":false,"ksoids":false,"meebits":false,"omnimorphs":false}}},"floor":0.10301}]}