{"uuid":"47b3af0f-c55a-4c59-95a1-9ec384d455f5","token_id":288,"color":2,"transactions":[{"timestamp":1634206608,"price":0.10301,"block_number":13415735,"account":{"address":"0xf1faeca73c28bd888bda15d32181c6421d75b986","tx_count":208,"eth":{"value":"0.229165570544386626","dynamic":"0.04128982017984285"},"nft":{"value":152,"dynamic":132,"collections":[false,false,false,false,false,false,false],"collections2":{"89seconds":false,"artBlocks":false,"boredApes":false,"cryptoPunks":false,"ksoids":false,"meebits":false,"omnimorphs":false}}},"floor":0.10301},{"timestamp":1634223092,"price":0.35,"block_number":13416948,"account":{"address":"0x8b5f1016444830a8d3bbbc2573012ce2777dc860","tx_count":308,"eth":{"value":"0.069497812673194408","dynamic":"0.064916451749167124"},"nft":{"value":94,"dynamic":94,"collections":[false,false,false,false,false,false,false],"collections2":{"89seconds":false,"artBlocks":false,"boredApes":false,"cryptoPunks":false,"ksoids":false,"meebits":false,"omnimorphs":false}}},"floor":0.10301},{"timestamp":1634227478,"price":0.349,"block_number":13417309,"account":{"address":"0xc35a5fec6be6957899e15559be252db882220b37","tx_count":28957,"eth":{"value":"53.832399470390554824","dynamic":"39.590070019709183383"},"nft":{"value":6514,"dynamic":482,"collections":[false,false,false,false,false,false,false],"collections2":{"89seconds":false,"artBlocks":true,"boredApes":false,"cryptoPunks":false,"ksoids":true,"meebits":false,"omnimorphs":false}}},"floor":0.10301},{"timestamp":1634231627,"price":0.5,"block_number":13417609,"account":{"address":"0x7dd758d5b7e10bd45cef5b2bc79d17bf45192e10","tx_count":284,"eth":{"value":"344.05239961762265954","dynamic":"342.4908766903982663"},"nft":{"value":20,"dynamic":20,"collections":[false,false,false,false,false,false,false],"collections2":{"89seconds":false,"artBlocks":false,"boredApes":false,"cryptoPunks":false,"ksoids":false,"meebits":false,"omnimorphs":false}}},"floor":0.10301},{"timestamp":1634766421,"price":0.12,"block_number":13457051,"account":{"address":"0xc35a5fec6be6957899e15559be252db882220b37","tx_count":29099,"eth":{"value":"27.086428376079440074","dynamic":"22.440720210398068635"},"nft":{"value":6757,"dynamic":735,"collections":[false,false,false,false,false,false,false],"collections2":{"89seconds":false,"artBlocks":true,"boredApes":false,"cryptoPunks":false,"ksoids":true,"meebits":true,"omnimorphs":true}}},"floor":0.10301}]}