{"uuid":"b0c5b7d4-f1ad-4c3a-a56f-b6c0490716be","token_id":286,"color":1,"transactions":[{"timestamp":1634206580,"price":0.10301,"block_number":13415734,"account":{"address":"0x90ba17dc59e1b8a75cdd898e7a63d8a741277541","tx_count":428,"eth":{"value":"2.096110117393218984","dynamic":"2.028146820468843453"},"nft":{"value":161,"dynamic":161,"collections":[false,false,false,false,false,false,false],"collections2":{"89seconds":false,"artBlocks":false,"boredApes":false,"cryptoPunks":false,"ksoids":false,"meebits":false,"omnimorphs":false}}},"floor":0.10301}]}