{"uuid":"a06e73c5-bfe7-4646-b328-e03e69247822","token_id":281,"color":2,"transactions":[{"timestamp":1634206568,"price":0.10301,"block_number":13415734,"account":{"address":"0xb2b66dee9afbfaf5f58fbd856be93e872d0c93af","tx_count":1213,"eth":{"value":"2.317289152864035036","dynamic":"1.510748033418745405"},"nft":{"value":118,"dynamic":118,"collections":[false,false,false,false,false,false,false],"collections2":{"89seconds":false,"artBlocks":false,"boredApes":false,"cryptoPunks":false,"ksoids":false,"meebits":false,"omnimorphs":false}}},"floor":0.10301}]}