{"uuid":"60d581ea-f822-4ecb-bd23-64457b186dfd","token_id":285,"color":2,"transactions":[{"timestamp":1634206574,"price":0.10301,"block_number":13415734,"account":{"address":"0xd8a19b4e91d6f45d958d1daba4160d70f2b4fb19","tx_count":300,"eth":{"value":"0.057358855120918762","dynamic":"0.016905916535105941"},"nft":{"value":10,"dynamic":9,"collections":[false,false,false,false,false,false,false],"collections2":{"89seconds":false,"artBlocks":false,"boredApes":false,"cryptoPunks":false,"ksoids":false,"meebits":false,"omnimorphs":false}}},"floor":0.10301},{"timestamp":1634373146,"price":0.15,"block_number":13427975,"account":{"address":"0x5080ceade798a75ffff481d5f67eb2b2f4752e91","tx_count":2,"eth":{"value":"0.06857282306258883","dynamic":"0.06857282306258883"},"nft":{"value":7,"dynamic":7,"collections":[false,false,false,false,false,false,false],"collections2":{"89seconds":true,"artBlocks":false,"boredApes":false,"cryptoPunks":false,"ksoids":true,"meebits":false,"omnimorphs":false}}},"floor":0.137},{"timestamp":1635073063,"price":0.16,"block_number":13479774,"account":{"address":"0xc38376ce593c339f63add5ec298fc1192e7d2128","tx_count":160,"eth":{"value":"9.843800556807773882","dynamic":"-13.701827500334745442"},"nft":{"value":105,"dynamic":98,"collections":[false,false,false,false,false,false,false],"collections2":{"89seconds":true,"artBlocks":false,"boredApes":false,"cryptoPunks":false,"ksoids":true,"meebits":false,"omnimorphs":true}}},"floor":0.138},{"timestamp":1635166724,"price":0.15,"block_number":13486747,"account":{"address":"0xc38376ce593c339f63add5ec298fc1192e7d2128","tx_count":196,"eth":{"value":"9.214853901873625062","dynamic":"-14.330774155268894262"},"nft":{"value":103,"dynamic":96,"collections":[false,false,false,false,false,false,false],"collections2":{"89seconds":true,"artBlocks":false,"boredApes":false,"cryptoPunks":false,"ksoids":true,"meebits":false,"omnimorphs":true}}},"floor":0.12411},{"timestamp":1635952404,"price":0.09230769230769231,"block_number":13544579,"account":{"address":"0xc38376ce593c339f63add5ec298fc1192e7d2128","tx_count":216,"eth":{"value":"3.433146875873625062","dynamic":"-21.298336730368894262"},"nft":{"value":107,"dynamic":103,"collections":[false,false,false,false,false,false,false],"collections2":{"89seconds":true,"artBlocks":false,"boredApes":false,"cryptoPunks":false,"ksoids":true,"meebits":true,"omnimorphs":true}}},"floor":0.05301},{"timestamp":1636192304,"price":0.08846153846153847,"block_number":13562297,"account":{"address":"0xc38376ce593c339f63add5ec298fc1192e7d2128","tx_count":233,"eth":{"value":"1.378140165873625062","dynamic":"-13.335547344368894262"},"nft":{"value":104,"dynamic":103,"collections":[false,false,false,false,false,false,false],"collections2":{"89seconds":true,"artBlocks":false,"boredApes":false,"cryptoPunks":false,"ksoids":false,"meebits":false,"omnimorphs":false}}},"floor":0.05301},{"timestamp":1636195679,"price":0.085,"block_number":13562532,"account":{"address":"0xc38376ce593c339f63add5ec298fc1192e7d2128","tx_count":235,"eth":{"value":"0.178004955873625062","dynamic":"-14.535682554368894262"},"nft":{"value":105,"dynamic":104,"collections":[false,false,false,false,false,false,false],"collections2":{"89seconds":true,"artBlocks":false,"boredApes":false,"cryptoPunks":false,"ksoids":false,"meebits":false,"omnimorphs":false}}},"floor":0.05301}]}