{"uuid":"dfb6ecb2-f26c-4d49-97ce-5f094598ac63","token_id":282,"color":5,"transactions":[{"timestamp":1634206569,"price":0.10301,"block_number":13415734,"account":{"address":"0x585f2c2142550503e5441f1257512c6ede6e9c14","tx_count":97,"eth":{"value":"0.80867332191816891","dynamic":"0.80867332191816891"},"nft":{"value":15,"dynamic":15,"collections":[false,false,false,false,false,false,false],"collections2":{"89seconds":false,"artBlocks":false,"boredApes":false,"cryptoPunks":false,"ksoids":false,"meebits":false,"omnimorphs":false}}},"floor":0.10301},{"timestamp":1634231092,"price":0.31,"block_number":13417566,"account":{"address":"0x9f6a48ea39cc0cde57767dccebbb2e4cdd4cf91d","tx_count":7,"eth":{"value":"0.149082535623592344","dynamic":"0.149082535623592344"},"nft":{"value":1,"dynamic":1,"collections":[false,false,false,false,false,false,false],"collections2":{"89seconds":false,"artBlocks":false,"boredApes":false,"cryptoPunks":false,"ksoids":false,"meebits":false,"omnimorphs":false}}},"floor":0.10301},{"timestamp":1634471890,"price":0.239,"block_number":13435288,"account":{"address":"0x566b217a75b39cd2165659b269b9209e0f57231e","tx_count":85,"eth":{"value":"0.29350394711342961","dynamic":"-0.070498230553540429"},"nft":{"value":38,"dynamic":36,"collections":[false,false,false,false,false,false,false],"collections2":{"89seconds":false,"artBlocks":false,"boredApes":false,"cryptoPunks":false,"ksoids":false,"meebits":false,"omnimorphs":false}}},"floor":0.13114710000000002},{"timestamp":1634830972,"price":0.299,"block_number":13461880,"account":{"address":"0xc35a5fec6be6957899e15559be252db882220b37","tx_count":29174,"eth":{"value":"21.264537555702246676","dynamic":"16.618829390020875237"},"nft":{"value":0,"dynamic":0,"collections":[false,false,false,false,false,false,false],"collections2":{"89seconds":false,"artBlocks":true,"boredApes":false,"cryptoPunks":false,"ksoids":true,"meebits":true,"omnimorphs":true}}},"floor":0.12799}]}