{"uuid":"5c89e3fd-dab6-44cf-b66c-c770410e9f2f","token_id":287,"color":4,"transactions":[{"timestamp":1634206598,"price":0.10301,"block_number":13415734,"account":{"address":"0xfe13dd552833fb3498d0645274d847e06a5ab086","tx_count":974,"eth":{"value":"0.185431942342498325","dynamic":"0.185431942342498325"},"nft":{"value":308,"dynamic":308,"collections":[false,false,false,false,false,false,false],"collections2":{"89seconds":false,"artBlocks":false,"boredApes":false,"cryptoPunks":false,"ksoids":false,"meebits":false,"omnimorphs":false}}},"floor":0.10301},{"timestamp":1634226044,"price":0.3,"block_number":13417183,"account":{"address":"0x92fab452e2f14c7730f79031906e06326c916946","tx_count":2024,"eth":{"value":"0.264360202216181836","dynamic":"-2.161602845060951314"},"nft":{"value":1486,"dynamic":365,"collections":[false,false,false,false,false,false,false],"collections2":{"89seconds":false,"artBlocks":false,"boredApes":true,"cryptoPunks":true,"ksoids":false,"meebits":true,"omnimorphs":false}}},"floor":0.10301}]}