{"uuid":"ad9381e8-4cf7-4ee9-89b1-137f9172cf53","token_id":284,"color":0,"transactions":[{"timestamp":1634206573,"price":0.10301,"block_number":13415734,"account":{"address":"0x585f2c2142550503e5441f1257512c6ede6e9c14","tx_count":97,"eth":{"value":"0.80867332191816891","dynamic":"0.80867332191816891"},"nft":{"value":15,"dynamic":15,"collections":[false,false,false,false,false,false,false],"collections2":{"89seconds":false,"artBlocks":false,"boredApes":false,"cryptoPunks":false,"ksoids":false,"meebits":false,"omnimorphs":false}}},"floor":0.10301},{"timestamp":1634224394,"price":0.27,"block_number":13417048,"account":{"address":"0x92a59c3177b2b54315abf1a35648b40593f6063e","tx_count":2177,"eth":{"value":"0.704108096641124558","dynamic":"0.689174149584703108"},"nft":{"value":33,"dynamic":28,"collections":[false,false,false,false,false,false,false],"collections2":{"89seconds":false,"artBlocks":false,"boredApes":false,"cryptoPunks":false,"ksoids":false,"meebits":false,"omnimorphs":false}}},"floor":0.10301}]}