{"uuid":"3c8f8101-f8e5-4391-862d-9c72d4b48571","token_id":289,"color":4,"transactions":[{"timestamp":1634206616,"price":0.10301,"block_number":13415736,"account":{"address":"0xf1faeca73c28bd888bda15d32181c6421d75b986","tx_count":208,"eth":{"value":"0.229165570544386626","dynamic":"0.04128982017984285"},"nft":{"value":152,"dynamic":132,"collections":[false,false,false,false,false,false,false],"collections2":{"89seconds":false,"artBlocks":false,"boredApes":false,"cryptoPunks":false,"ksoids":false,"meebits":false,"omnimorphs":false}}},"floor":0.10301}]}