{"uuid":"9b477d3b-d49b-4ebe-bd5a-55a9a201c255","token_id":283,"color":4,"transactions":[{"timestamp":1634206571,"price":0.10301,"block_number":13415734,"account":{"address":"0x585f2c2142550503e5441f1257512c6ede6e9c14","tx_count":97,"eth":{"value":"0.80867332191816891","dynamic":"0.80867332191816891"},"nft":{"value":15,"dynamic":15,"collections":[false,false,false,false,false,false,false],"collections2":{"89seconds":false,"artBlocks":false,"boredApes":false,"cryptoPunks":false,"ksoids":false,"meebits":false,"omnimorphs":false}}},"floor":0.10301},{"timestamp":1634321277,"price":0.15,"block_number":13424159,"account":{"address":"0xd763161093fc49ef5b354cce9a7c4f0083d5c907","tx_count":237,"eth":{"value":"6.762309759689241856","dynamic":"5.481138659689241856"},"nft":{"value":91,"dynamic":89,"collections":[false,false,false,false,false,false,false],"collections2":{"89seconds":false,"artBlocks":false,"boredApes":false,"cryptoPunks":false,"ksoids":false,"meebits":true,"omnimorphs":false}}},"floor":0.159841747493854},{"timestamp":1636197591,"price":0.1,"block_number":13562668,"account":{"address":"0x972e633f5f6f62d1f2a13977f113941fcb3b606b","tx_count":9058,"eth":{"value":"1.199755801485221263","dynamic":"-4.258242652677277296"},"nft":{"value":0,"dynamic":0,"collections":[false,false,false,false,false,false,false],"collections2":{"89seconds":true,"artBlocks":true,"boredApes":false,"cryptoPunks":false,"ksoids":true,"meebits":true,"omnimorphs":true}}},"floor":0.05301},{"timestamp":1638875156,"price":0.09375,"block_number":13758172,"account":{"address":"0xd763161093fc49ef5b354cce9a7c4f0083d5c907","tx_count":347,"eth":{"value":"0.396959151338489904","dynamic":"-3.013101358626415277"},"nft":{"value":136,"dynamic":112,"collections":[false,false,false,false,false,false,false],"collections2":{"89seconds":false,"artBlocks":false,"boredApes":false,"cryptoPunks":false,"ksoids":true,"meebits":true,"omnimorphs":true}}},"floor":0.08},{"timestamp":1638875696,"price":0.09375,"block_number":13758209,"account":{"address":"0x972e633f5f6f62d1f2a13977f113941fcb3b606b","tx_count":9112,"eth":{"value":"1.919815873413979886","dynamic":"-1.59739030797432573"},"nft":{"value":5379,"dynamic":250,"collections":[false,false,false,false,false,false,false],"collections2":{"89seconds":false,"artBlocks":true,"boredApes":false,"cryptoPunks":false,"ksoids":true,"meebits":true,"omnimorphs":true}}},"floor":0.08},{"timestamp":1638877064,"price":0.09375,"block_number":13758312,"account":{"address":"0xd763161093fc49ef5b354cce9a7c4f0083d5c907","tx_count":348,"eth":{"value":"0.205306050338489904","dynamic":"-3.204754459626415277"},"nft":{"value":136,"dynamic":112,"collections":[false,false,false,false,false,false,false],"collections2":{"89seconds":false,"artBlocks":false,"boredApes":false,"cryptoPunks":false,"ksoids":true,"meebits":true,"omnimorphs":true}}},"floor":0.08},{"timestamp":1638877247,"price":0.09375,"block_number":13758329,"account":{"address":"0x972e633f5f6f62d1f2a13977f113941fcb3b606b","tx_count":9113,"eth":{"value":"1.753211560638791919","dynamic":"-1.763994620749513697"},"nft":{"value":5379,"dynamic":260,"collections":[false,false,false,false,false,false,false],"collections2":{"89seconds":false,"artBlocks":true,"boredApes":false,"cryptoPunks":false,"ksoids":true,"meebits":true,"omnimorphs":true}}},"floor":0.08}]}