{"uuid":"a30f9b90-2baf-46d5-8e86-d01c8d7e845f","token_id":298,"color":0,"transactions":[{"timestamp":1634206642,"price":0.10301,"block_number":13415740,"account":{"address":"0xc5ff0bbb22f2c055774a2f003d165d7e001e4f6e","tx_count":67,"eth":{"value":"0.118047356118600078","dynamic":"0.118047356118600078"},"nft":{"value":13,"dynamic":13,"collections":[false,false,false,false,false,false,false],"collections2":{"89seconds":false,"artBlocks":false,"boredApes":false,"cryptoPunks":false,"ksoids":false,"meebits":false,"omnimorphs":true}}},"floor":0.10301},{"timestamp":1634911729,"price":0.13,"block_number":13467858,"account":{"address":"0x78bdea2c2246b0056038054db22d6277b310054c","tx_count":16,"eth":{"value":"0.804571330391041286","dynamic":"0.804571330391041286"},"nft":{"value":10,"dynamic":10,"collections":[false,false,false,false,false,false,false],"collections2":{"89seconds":false,"artBlocks":false,"boredApes":false,"cryptoPunks":false,"ksoids":false,"meebits":false,"omnimorphs":false}}},"floor":0.11421000000000002}]}