{"uuid":"5e581358-1800-4823-a6e7-42c3ff5e2871","token_id":293,"color":5,"transactions":[{"timestamp":1634206633,"price":0.10301,"block_number":13415740,"account":{"address":"0x082767ae42e09b5817703969a86fff77a38f1a52","tx_count":1787,"eth":{"value":"0.073238864078603465","dynamic":"0.073238864078603465"},"nft":{"value":112,"dynamic":112,"collections":[false,false,false,false,false,false,false],"collections2":{"89seconds":false,"artBlocks":false,"boredApes":false,"cryptoPunks":false,"ksoids":false,"meebits":false,"omnimorphs":false}}},"floor":0.10301},{"timestamp":1635135741,"price":0.1425,"block_number":13484427,"account":{"address":"0x92bbe4766b81754cb9f81282ea1a915520d7d4da","tx_count":2,"eth":{"value":"0.172968816623558092","dynamic":"0.172968816623558092"},"nft":{"value":3,"dynamic":3,"collections":[false,false,false,false,false,false,false],"collections2":{"89seconds":false,"artBlocks":false,"boredApes":false,"cryptoPunks":false,"ksoids":false,"meebits":false,"omnimorphs":false}}},"floor":0.10301},{"timestamp":1638707782,"price":0.07,"block_number":13746121,"account":{"address":"0x0a267cf51ef038fc00e71801f5a524aec06e4f07","tx_count":1,"eth":{"value":"0","dynamic":"0"},"nft":{"value":8,"dynamic":8,"collections":[false,false,false,false,false,false,false],"collections2":{"89seconds":false,"artBlocks":false,"boredApes":false,"cryptoPunks":false,"ksoids":false,"meebits":false,"omnimorphs":false}}},"floor":0.0594}]}