{"uuid":"e8b2e414-7a71-4929-acd3-5ff39b85af01","token_id":296,"color":5,"transactions":[{"timestamp":1634206639,"price":0.10301,"block_number":13415740,"account":{"address":"0xc5ff0bbb22f2c055774a2f003d165d7e001e4f6e","tx_count":67,"eth":{"value":"0.118047356118600078","dynamic":"0.118047356118600078"},"nft":{"value":13,"dynamic":13,"collections":[false,false,false,false,false,false,false],"collections2":{"89seconds":false,"artBlocks":false,"boredApes":false,"cryptoPunks":false,"ksoids":false,"meebits":false,"omnimorphs":true}}},"floor":0.10301},{"timestamp":1634537645,"price":0.13,"block_number":13440165,"account":{"address":"0xe92b195e5392ca55142bacd10134b99a86dc31b8","tx_count":2,"eth":{"value":"0","dynamic":"0"},"nft":{"value":1,"dynamic":1,"collections":[false,false,false,false,false,false,false],"collections2":{"89seconds":false,"artBlocks":false,"boredApes":false,"cryptoPunks":false,"ksoids":false,"meebits":false,"omnimorphs":false}}},"floor":0.11610000000000001},{"timestamp":1634538810,"price":0.122,"block_number":13440245,"account":{"address":"0xc5ff0bbb22f2c055774a2f003d165d7e001e4f6e","tx_count":77,"eth":{"value":"0.174571378835886568","dynamic":"0.174571378835886568"},"nft":{"value":12,"dynamic":12,"collections":[false,false,false,false,false,false,false],"collections2":{"89seconds":false,"artBlocks":false,"boredApes":false,"cryptoPunks":false,"ksoids":false,"meebits":false,"omnimorphs":true}}},"floor":0.10301},{"timestamp":1635173150,"price":0.14,"block_number":13487217,"account":{"address":"0xc5ff0bbb22f2c055774a2f003d165d7e001e4f6e","tx_count":106,"eth":{"value":"3.8670866976e-05","dynamic":"3.8670866976e-05"},"nft":{"value":11,"dynamic":11,"collections":[false,false,false,false,false,false,false],"collections2":{"89seconds":false,"artBlocks":false,"boredApes":false,"cryptoPunks":false,"ksoids":false,"meebits":false,"omnimorphs":true}}},"floor":0.137},{"timestamp":1636104885,"price":0.1,"block_number":13555825,"account":{"address":"0xc5ff0bbb22f2c055774a2f003d165d7e001e4f6e","tx_count":117,"eth":{"value":"0.034402390491059737","dynamic":"0.034402390491059737"},"nft":{"value":16,"dynamic":16,"collections":[false,false,false,false,false,false,false],"collections2":{"89seconds":false,"artBlocks":false,"boredApes":false,"cryptoPunks":false,"ksoids":false,"meebits":false,"omnimorphs":true}}},"floor":0.05301},{"timestamp":1636256932,"price":0.1,"block_number":13567077,"account":{"address":"0xc5ff0bbb22f2c055774a2f003d165d7e001e4f6e","tx_count":121,"eth":{"value":"0.013377912899466767","dynamic":"0.013377912899466767"},"nft":{"value":15,"dynamic":15,"collections":[false,false,false,false,false,false,false],"collections2":{"89seconds":false,"artBlocks":false,"boredApes":false,"cryptoPunks":false,"ksoids":false,"meebits":false,"omnimorphs":true}}},"floor":0.07301},{"timestamp":1639220373,"price":0.08,"block_number":13783450,"account":{"address":"0xc5ff0bbb22f2c055774a2f003d165d7e001e4f6e","tx_count":137,"eth":{"value":"0.091226770483930508","dynamic":"-1.928026269743558055"},"nft":{"value":0,"dynamic":0,"collections":[false,false,false,false,false,false,false],"collections2":{"89seconds":false,"artBlocks":false,"boredApes":false,"cryptoPunks":false,"ksoids":false,"meebits":false,"omnimorphs":true}}},"floor":0.10301}]}