{"uuid":"f29a3b41-381e-4918-86f1-4c735c935d37","token_id":291,"color":0,"transactions":[{"timestamp":1634206628,"price":0.10301,"block_number":13415737,"account":{"address":"0x082767ae42e09b5817703969a86fff77a38f1a52","tx_count":1787,"eth":{"value":"0.073238864078603465","dynamic":"0.073238864078603465"},"nft":{"value":112,"dynamic":112,"collections":[false,false,false,false,false,false,false],"collections2":{"89seconds":false,"artBlocks":false,"boredApes":false,"cryptoPunks":false,"ksoids":false,"meebits":false,"omnimorphs":false}}},"floor":0.10301},{"timestamp":1635128718,"price":0.1425,"block_number":13483883,"account":{"address":"0x629619005c73b0b6422a66d13640e450b327702a","tx_count":40,"eth":{"value":"0.201859550126031642","dynamic":"0.019372068059240902"},"nft":{"value":3,"dynamic":1,"collections":[false,false,false,false,false,false,false],"collections2":{"89seconds":false,"artBlocks":false,"boredApes":false,"cryptoPunks":false,"ksoids":false,"meebits":false,"omnimorphs":false}}},"floor":0.10301}]}