{"uuid":"6b98b241-b1d8-4638-88a3-6cce150d784a","token_id":295,"color":4,"transactions":[{"timestamp":1634206637,"price":0.10301,"block_number":13415740,"account":{"address":"0xd15d558cb022566ce7c291d1f229420bca842349","tx_count":136,"eth":{"value":"1.313715161981554173","dynamic":"1.313715161981554173"},"nft":{"value":31,"dynamic":31,"collections":[false,false,false,false,false,false,false],"collections2":{"89seconds":false,"artBlocks":false,"boredApes":false,"cryptoPunks":false,"ksoids":false,"meebits":false,"omnimorphs":false}}},"floor":0.10301},{"timestamp":1638117697,"price":0.079,"block_number":13703479,"account":{"address":"0x34558f1219a6c45971c23cae650b2ec3f6a49558","tx_count":534,"eth":{"value":"2.887519522363678825","dynamic":"2.854023999429531657"},"nft":{"value":410,"dynamic":89,"collections":[false,false,false,false,false,false,false],"collections2":{"89seconds":false,"artBlocks":true,"boredApes":false,"cryptoPunks":true,"ksoids":true,"meebits":true,"omnimorphs":false}}},"floor":0.079},{"timestamp":1638649721,"price":0.065,"block_number":13741855,"account":{"address":"0x8e668a4582d0465accf66b4e4ab6d817f6c5b2dc","tx_count":17599,"eth":{"value":"0.197093976110945759","dynamic":"-0.120422692481846088"},"nft":{"value":7086,"dynamic":18,"collections":[false,false,false,false,false,false,false],"collections2":{"89seconds":false,"artBlocks":true,"boredApes":false,"cryptoPunks":false,"ksoids":true,"meebits":true,"omnimorphs":false}}},"floor":0.05301},{"timestamp":1638650733,"price":0.065,"block_number":13741950,"account":{"address":"0x34558f1219a6c45971c23cae650b2ec3f6a49558","tx_count":573,"eth":{"value":"0.505853425689327823","dynamic":"0.472357902755180655"},"nft":{"value":412,"dynamic":91,"collections":[false,false,false,false,false,false,false],"collections2":{"89seconds":false,"artBlocks":true,"boredApes":false,"cryptoPunks":true,"ksoids":true,"meebits":true,"omnimorphs":false}}},"floor":0.068},{"timestamp":1638655934,"price":0.06857142857142857,"block_number":13742313,"account":{"address":"0x8e668a4582d0465accf66b4e4ab6d817f6c5b2dc","tx_count":17602,"eth":{"value":"0.223347376054628641","dynamic":"-0.094169292538163206"},"nft":{"value":7086,"dynamic":18,"collections":[false,false,false,false,false,false,false],"collections2":{"89seconds":false,"artBlocks":true,"boredApes":false,"cryptoPunks":false,"ksoids":true,"meebits":true,"omnimorphs":false}}},"floor":0.068},{"timestamp":1638657395,"price":0.06857142857142857,"block_number":13742424,"account":{"address":"0x34558f1219a6c45971c23cae650b2ec3f6a49558","tx_count":577,"eth":{"value":"0.081510536512464471","dynamic":"0.048015013578317303"},"nft":{"value":412,"dynamic":91,"collections":[false,false,false,false,false,false,false],"collections2":{"89seconds":false,"artBlocks":true,"boredApes":false,"cryptoPunks":true,"ksoids":true,"meebits":true,"omnimorphs":false}}},"floor":0.067},{"timestamp":1638669116,"price":0.06875,"block_number":13743267,"account":{"address":"0x8e668a4582d0465accf66b4e4ab6d817f6c5b2dc","tx_count":17605,"eth":{"value":"0.496982407146550365","dynamic":"0.179465738553758518"},"nft":{"value":7080,"dynamic":12,"collections":[false,false,false,false,false,false,false],"collections2":{"89seconds":false,"artBlocks":true,"boredApes":false,"cryptoPunks":false,"ksoids":true,"meebits":true,"omnimorphs":false}}},"floor":0.066}]}