{"uuid":"52163a33-9073-4121-941c-28b91e3c6955","token_id":297,"color":1,"transactions":[{"timestamp":1634206641,"price":0.10301,"block_number":13415740,"account":{"address":"0xc5ff0bbb22f2c055774a2f003d165d7e001e4f6e","tx_count":67,"eth":{"value":"0.118047356118600078","dynamic":"0.118047356118600078"},"nft":{"value":13,"dynamic":13,"collections":[false,false,false,false,false,false,false],"collections2":{"89seconds":false,"artBlocks":false,"boredApes":false,"cryptoPunks":false,"ksoids":false,"meebits":false,"omnimorphs":true}}},"floor":0.10301},{"timestamp":1634972767,"price":0.14,"block_number":13472355,"account":{"address":"0x31264a62ddd15e9b39e984b770cb88841b120939","tx_count":86,"eth":{"value":"0.144521947934205006","dynamic":"0.144521947934205006"},"nft":{"value":5,"dynamic":5,"collections":[false,false,false,false,false,false,false],"collections2":{"89seconds":false,"artBlocks":false,"boredApes":false,"cryptoPunks":false,"ksoids":false,"meebits":false,"omnimorphs":false}}},"floor":0.10935000000000002},{"timestamp":1635020984,"price":0.16,"block_number":13475979,"account":{"address":"0x3f11753c51a8acc79b78b729d477948b4b880da1","tx_count":74,"eth":{"value":"0.182765047954016701","dynamic":"-0.047951378932467204"},"nft":{"value":5,"dynamic":5,"collections":[false,false,false,false,false,false,false],"collections2":{"89seconds":false,"artBlocks":false,"boredApes":false,"cryptoPunks":false,"ksoids":false,"meebits":false,"omnimorphs":false}}},"floor":0.138},{"timestamp":1635165210,"price":0.3,"block_number":13486626,"account":{"address":"0xca732469b336831fcbe82bf96206a8f5403b2e9c","tx_count":134,"eth":{"value":"0.103703941085573071","dynamic":"0.102565243085573071"},"nft":{"value":22,"dynamic":21,"collections":[false,false,false,false,false,false,false],"collections2":{"89seconds":false,"artBlocks":false,"boredApes":false,"cryptoPunks":false,"ksoids":false,"meebits":false,"omnimorphs":false}}},"floor":0.12411}]}