{"uuid":"4c6c1f98-7a34-4803-abcf-e8c49f6d7c9b","token_id":294,"color":4,"transactions":[{"timestamp":1634206635,"price":0.10301,"block_number":13415740,"account":{"address":"0xcf7a7c57ec0c2f904ea9d403a4f2b3f11ea3fca3","tx_count":33,"eth":{"value":"0.076550442391730122","dynamic":"0.076550442391730122"},"nft":{"value":10,"dynamic":10,"collections":[false,false,false,false,false,false,false],"collections2":{"89seconds":false,"artBlocks":false,"boredApes":false,"cryptoPunks":false,"ksoids":false,"meebits":false,"omnimorphs":false}}},"floor":0.10301},{"timestamp":1634210544,"price":0.25,"block_number":13416017,"account":{"address":"0xad25e0585f3ce763a9a95ab3f91e58f345dc2106","tx_count":22,"eth":{"value":"0.021009367938556308","dynamic":"0.021009367938556308"},"nft":{"value":15,"dynamic":15,"collections":[false,false,false,false,false,false,false],"collections2":{"89seconds":false,"artBlocks":false,"boredApes":false,"cryptoPunks":false,"ksoids":false,"meebits":false,"omnimorphs":true}}},"floor":0.10301},{"timestamp":1634230522,"price":0.6,"block_number":13417523,"account":{"address":"0x0a5986cb3980ee12c2d75c4ed8e2abe33bb33c85","tx_count":13,"eth":{"value":"1.305491664945794709","dynamic":"1.305491664945794709"},"nft":{"value":11,"dynamic":11,"collections":[false,false,false,false,false,false,false],"collections2":{"89seconds":false,"artBlocks":false,"boredApes":false,"cryptoPunks":false,"ksoids":false,"meebits":false,"omnimorphs":true}}},"floor":0.10301}]}