{"uuid":"4d9ecb22-fdef-40ee-9169-cc48a7f07d47","token_id":299,"color":2,"transactions":[{"timestamp":1634206644,"price":0.10301,"block_number":13415740,"account":{"address":"0x2fa0bd091b78d9ef6a2fa308a562deb8b5c5019b","tx_count":30,"eth":{"value":"1.632578230303745021","dynamic":"1.632578230303745021"},"nft":{"value":14,"dynamic":14,"collections":[false,false,false,false,false,false,false],"collections2":{"89seconds":false,"artBlocks":false,"boredApes":false,"cryptoPunks":false,"ksoids":false,"meebits":false,"omnimorphs":true}}},"floor":0.10301},{"timestamp":1635367967,"price":0.15,"block_number":13501620,"account":{"address":"0x55a0730a844727bd694fd8f938a456158be0f8a6","tx_count":136,"eth":{"value":"26.467448943861637562","dynamic":"26.467448943861637562"},"nft":{"value":1355,"dynamic":1355,"collections":[false,false,false,false,false,false,false],"collections2":{"89seconds":false,"artBlocks":true,"boredApes":true,"cryptoPunks":true,"ksoids":false,"meebits":true,"omnimorphs":false}}},"floor":0.10301}]}