{"uuid":"e700e293-1dc7-4b37-ace6-75df9b75d0ed","token_id":290,"color":1,"transactions":[{"timestamp":1634206624,"price":0.10301,"block_number":13415737,"account":{"address":"0xf1faeca73c28bd888bda15d32181c6421d75b986","tx_count":208,"eth":{"value":"0.229165570544386626","dynamic":"0.04128982017984285"},"nft":{"value":152,"dynamic":132,"collections":[false,false,false,false,false,false,false],"collections2":{"89seconds":false,"artBlocks":false,"boredApes":false,"cryptoPunks":false,"ksoids":false,"meebits":false,"omnimorphs":false}}},"floor":0.10301}]}