{"uuid":"1ce7169a-df94-4dee-b2aa-aa6af232687e","token_id":304,"color":4,"transactions":[{"timestamp":1634206836,"price":0.10301,"block_number":13415751,"account":{"address":"0x972e633f5f6f62d1f2a13977f113941fcb3b606b","tx_count":9004,"eth":{"value":"3.785331201844067335","dynamic":"2.697994423681568776"},"nft":{"value":3500,"dynamic":0,"collections":[false,false,false,false,false,false,false],"collections2":{"89seconds":false,"artBlocks":false,"boredApes":false,"cryptoPunks":false,"ksoids":true,"meebits":true,"omnimorphs":false}}},"floor":0.10301},{"timestamp":1638875156,"price":0.09375,"block_number":13758172,"account":{"address":"0xd763161093fc49ef5b354cce9a7c4f0083d5c907","tx_count":347,"eth":{"value":"0.396959151338489904","dynamic":"-3.013101358626415277"},"nft":{"value":136,"dynamic":112,"collections":[false,false,false,false,false,false,false],"collections2":{"89seconds":false,"artBlocks":false,"boredApes":false,"cryptoPunks":false,"ksoids":true,"meebits":true,"omnimorphs":true}}},"floor":0.08},{"timestamp":1638875696,"price":0.09375,"block_number":13758209,"account":{"address":"0x972e633f5f6f62d1f2a13977f113941fcb3b606b","tx_count":9112,"eth":{"value":"1.919815873413979886","dynamic":"-1.59739030797432573"},"nft":{"value":5379,"dynamic":249,"collections":[false,false,false,false,false,false,false],"collections2":{"89seconds":false,"artBlocks":true,"boredApes":false,"cryptoPunks":false,"ksoids":true,"meebits":true,"omnimorphs":true}}},"floor":0.08},{"timestamp":1638877064,"price":0.09375,"block_number":13758312,"account":{"address":"0xd763161093fc49ef5b354cce9a7c4f0083d5c907","tx_count":348,"eth":{"value":"0.205306050338489904","dynamic":"-3.204754459626415277"},"nft":{"value":136,"dynamic":112,"collections":[false,false,false,false,false,false,false],"collections2":{"89seconds":false,"artBlocks":false,"boredApes":false,"cryptoPunks":false,"ksoids":true,"meebits":true,"omnimorphs":true}}},"floor":0.08},{"timestamp":1638877247,"price":0.09375,"block_number":13758329,"account":{"address":"0x972e633f5f6f62d1f2a13977f113941fcb3b606b","tx_count":9113,"eth":{"value":"1.753211560638791919","dynamic":"-1.763994620749513697"},"nft":{"value":5379,"dynamic":250,"collections":[false,false,false,false,false,false,false],"collections2":{"89seconds":false,"artBlocks":true,"boredApes":false,"cryptoPunks":false,"ksoids":true,"meebits":true,"omnimorphs":true}}},"floor":0.08},{"timestamp":1638879309,"price":0.09444444444444444,"block_number":13758472,"account":{"address":"0xd763161093fc49ef5b354cce9a7c4f0083d5c907","tx_count":351,"eth":{"value":"0.179838207131163546","dynamic":"-3.230222302833741635"},"nft":{"value":136,"dynamic":112,"collections":[false,false,false,false,false,false,false],"collections2":{"89seconds":false,"artBlocks":false,"boredApes":false,"cryptoPunks":false,"ksoids":true,"meebits":true,"omnimorphs":true}}},"floor":0.08},{"timestamp":1638879468,"price":0.09444444444444444,"block_number":13758476,"account":{"address":"0x972e633f5f6f62d1f2a13977f113941fcb3b606b","tx_count":9115,"eth":{"value":"1.588694437747065015","dynamic":"-1.928511743641240601"},"nft":{"value":5379,"dynamic":249,"collections":[false,false,false,false,false,false,false],"collections2":{"89seconds":false,"artBlocks":true,"boredApes":false,"cryptoPunks":false,"ksoids":true,"meebits":true,"omnimorphs":true}}},"floor":0.08}]}