{"uuid":"632c6e8c-492e-473d-9937-8ef0cdae270f","token_id":306,"color":3,"transactions":[{"timestamp":1634206838,"price":0.10301,"block_number":13415752,"account":{"address":"0x1592ecc943066244b5a705c6e8c1a94baa6a06e0","tx_count":284,"eth":{"value":"0.19200723883052401","dynamic":"0.19175523883052401"},"nft":{"value":0,"dynamic":0,"collections":[false,false,false,false,false,false,false],"collections2":{"89seconds":false,"artBlocks":false,"boredApes":false,"cryptoPunks":false,"ksoids":false,"meebits":false,"omnimorphs":true}}},"floor":0.10301},{"timestamp":1634482809,"price":0.19,"block_number":13436106,"account":{"address":"0xba3e6e7918f2b767930294545988b8143257518b","tx_count":41,"eth":{"value":"0.307519241994961768","dynamic":"0.301091951994961768"},"nft":{"value":107,"dynamic":106,"collections":[false,false,false,false,false,false,false],"collections2":{"89seconds":false,"artBlocks":false,"boredApes":false,"cryptoPunks":false,"ksoids":false,"meebits":false,"omnimorphs":false}}},"floor":0.1799},{"timestamp":1634484503,"price":0.19,"block_number":13436228,"account":{"address":"0x876d5e75fd43f2ef4a198726f323e5adc9dab673","tx_count":26,"eth":{"value":"2.033879435881194942","dynamic":"2.033879435881194942"},"nft":{"value":14,"dynamic":14,"collections":[false,false,false,false,false,false,false],"collections2":{"89seconds":false,"artBlocks":false,"boredApes":false,"cryptoPunks":false,"ksoids":false,"meebits":false,"omnimorphs":false}}},"floor":0.1799},{"timestamp":1634484783,"price":0.19,"block_number":13436243,"account":{"address":"0x1699f86a565f60fff567f23fc60bb1ef9385b16e","tx_count":95,"eth":{"value":"0.28771350879044572","dynamic":"0.193320108052750525"},"nft":{"value":25,"dynamic":19,"collections":[false,false,false,false,false,false,false],"collections2":{"89seconds":false,"artBlocks":false,"boredApes":false,"cryptoPunks":false,"ksoids":false,"meebits":false,"omnimorphs":false}}},"floor":0.16191},{"timestamp":1634485985,"price":0.19,"block_number":13436331,"account":{"address":"0x1592ecc943066244b5a705c6e8c1a94baa6a06e0","tx_count":296,"eth":{"value":"0.127536675482176424","dynamic":"0.127284675482176424"},"nft":{"value":100,"dynamic":97,"collections":[false,false,false,false,false,false,false],"collections2":{"89seconds":false,"artBlocks":false,"boredApes":false,"cryptoPunks":false,"ksoids":false,"meebits":false,"omnimorphs":true}}},"floor":0.1799}]}