{"uuid":"b65d058b-7a66-4241-a6c8-ffd99c64e04e","token_id":300,"color":2,"transactions":[{"timestamp":1634206647,"price":0.10301,"block_number":13415741,"account":{"address":"0x9c724a8662c3fbd4bf7fef8ff61a3983aa4a1296","tx_count":192,"eth":{"value":"20.19555268155597348","dynamic":"20.19555268155597348"},"nft":{"value":25,"dynamic":25,"collections":[false,false,false,false,false,false,false],"collections2":{"89seconds":false,"artBlocks":false,"boredApes":false,"cryptoPunks":false,"ksoids":false,"meebits":false,"omnimorphs":false}}},"floor":0.10301},{"timestamp":1634208086,"price":0.23,"block_number":13415846,"account":{"address":"0x9b6c053f6a8a1e6fa2ed748a54615a2b81e9dc7c","tx_count":257,"eth":{"value":"2.614259907362955849","dynamic":"2.58776824063707131"},"nft":{"value":191,"dynamic":183,"collections":[false,false,false,false,false,false,false],"collections2":{"89seconds":false,"artBlocks":false,"boredApes":false,"cryptoPunks":false,"ksoids":false,"meebits":false,"omnimorphs":false}}},"floor":0.10301},{"timestamp":1639913128,"price":0.074,"block_number":13835282,"account":{"address":"0x50bc4348a7afe41705ede3676267abfe7bcedd68","tx_count":41,"eth":{"value":"0.030235959364789793","dynamic":"-0.048262463035210207"},"nft":{"value":9,"dynamic":9,"collections":[false,false,false,false,false,false,false],"collections2":{"89seconds":false,"artBlocks":true,"boredApes":false,"cryptoPunks":false,"ksoids":false,"meebits":false,"omnimorphs":true}}},"floor":0.067}]}