{"uuid":"6f4b553b-828b-4fd9-81ed-4339507deff5","token_id":308,"color":4,"transactions":[{"timestamp":1634206840,"price":0.10301,"block_number":13415752,"account":{"address":"0xf2c21e5e07f41f44775a9c579e12e3bcfb042dcc","tx_count":37,"eth":{"value":"0.008238782947074285","dynamic":"0.008238782947074285"},"nft":{"value":0,"dynamic":0,"collections":[false,false,false,false,false,false,false],"collections2":{"89seconds":false,"artBlocks":false,"boredApes":false,"cryptoPunks":false,"ksoids":false,"meebits":false,"omnimorphs":false}}},"floor":0.10301},{"timestamp":1634223941,"price":0.3,"block_number":13417013,"account":{"address":"0x8f8b4759dc93ca55bd6997df719f20f581f10f5c","tx_count":1434,"eth":{"value":"4.25186095769244583","dynamic":"3.285380439901961109"},"nft":{"value":670,"dynamic":653,"collections":[false,false,false,false,false,false,false],"collections2":{"89seconds":false,"artBlocks":false,"boredApes":false,"cryptoPunks":false,"ksoids":false,"meebits":false,"omnimorphs":false}}},"floor":0.10301}]}