{"uuid":"9a57beef-cbe6-44c4-8caf-29ea13d37227","token_id":305,"color":1,"transactions":[{"timestamp":1634206837,"price":0.10301,"block_number":13415752,"account":{"address":"0x1592ecc943066244b5a705c6e8c1a94baa6a06e0","tx_count":284,"eth":{"value":"0.19200723883052401","dynamic":"0.19175523883052401"},"nft":{"value":0,"dynamic":0,"collections":[false,false,false,false,false,false,false],"collections2":{"89seconds":false,"artBlocks":false,"boredApes":false,"cryptoPunks":false,"ksoids":false,"meebits":false,"omnimorphs":true}}},"floor":0.10301},{"timestamp":1634915246,"price":0.14,"block_number":13468104,"account":{"address":"0xb06b4a883ad52aa378396ba613cf6673fdecf4e2","tx_count":1,"eth":{"value":"0.342158961363555015","dynamic":"0.342158961363555015"},"nft":{"value":1,"dynamic":1,"collections":[false,false,false,false,false,false,false],"collections2":{"89seconds":false,"artBlocks":false,"boredApes":false,"cryptoPunks":false,"ksoids":false,"meebits":false,"omnimorphs":false}}},"floor":0.1269},{"timestamp":1634965326,"price":0.145,"block_number":13471843,"account":{"address":"0x1592ecc943066244b5a705c6e8c1a94baa6a06e0","tx_count":310,"eth":{"value":"0.424992681566970069","dynamic":"0.424740681566970069"},"nft":{"value":101,"dynamic":98,"collections":[false,false,false,false,false,false,false],"collections2":{"89seconds":false,"artBlocks":false,"boredApes":false,"cryptoPunks":false,"ksoids":false,"meebits":false,"omnimorphs":true}}},"floor":0.135},{"timestamp":1634965609,"price":0.145,"block_number":13471858,"account":{"address":"0xb06b4a883ad52aa378396ba613cf6673fdecf4e2","tx_count":4,"eth":{"value":"0.292054117428224678","dynamic":"0.292054117428224678"},"nft":{"value":0,"dynamic":0,"collections":[false,false,false,false,false,false,false],"collections2":{"89seconds":false,"artBlocks":false,"boredApes":false,"cryptoPunks":false,"ksoids":false,"meebits":false,"omnimorphs":false}}},"floor":0.135},{"timestamp":1634965883,"price":0.145,"block_number":13471874,"account":{"address":"0x1592ecc943066244b5a705c6e8c1a94baa6a06e0","tx_count":311,"eth":{"value":"0.401949452923619563","dynamic":"0.401697452923619563"},"nft":{"value":101,"dynamic":98,"collections":[false,false,false,false,false,false,false],"collections2":{"89seconds":false,"artBlocks":false,"boredApes":false,"cryptoPunks":false,"ksoids":false,"meebits":false,"omnimorphs":true}}},"floor":0.135},{"timestamp":1634966619,"price":0.145,"block_number":13471915,"account":{"address":"0x1592ecc943066244b5a705c6e8c1a94baa6a06e0","tx_count":313,"eth":{"value":"0.235516173949234747","dynamic":"0.235264173949234747"},"nft":{"value":101,"dynamic":98,"collections":[false,false,false,false,false,false,false],"collections2":{"89seconds":false,"artBlocks":false,"boredApes":false,"cryptoPunks":false,"ksoids":false,"meebits":false,"omnimorphs":true}}},"floor":0.135},{"timestamp":1634967562,"price":0.145,"block_number":13471981,"account":{"address":"0x1592ecc943066244b5a705c6e8c1a94baa6a06e0","tx_count":315,"eth":{"value":"0.070885606689058711","dynamic":"0.070633606689058711"},"nft":{"value":101,"dynamic":98,"collections":[false,false,false,false,false,false,false],"collections2":{"89seconds":false,"artBlocks":false,"boredApes":false,"cryptoPunks":false,"ksoids":false,"meebits":false,"omnimorphs":true}}},"floor":0.135}]}