{"uuid":"af7aa056-6ae2-4879-a7e4-e449b7f5b5bb","token_id":307,"color":4,"transactions":[{"timestamp":1634206839,"price":0.10301,"block_number":13415752,"account":{"address":"0x1592ecc943066244b5a705c6e8c1a94baa6a06e0","tx_count":284,"eth":{"value":"0.19200723883052401","dynamic":"0.19175523883052401"},"nft":{"value":0,"dynamic":0,"collections":[false,false,false,false,false,false,false],"collections2":{"89seconds":false,"artBlocks":false,"boredApes":false,"cryptoPunks":false,"ksoids":false,"meebits":false,"omnimorphs":true}}},"floor":0.10301},{"timestamp":1640934653,"price":0.045,"block_number":13911705,"account":{"address":"0x1592ecc943066244b5a705c6e8c1a94baa6a06e0","tx_count":403,"eth":{"value":"0.266129903029322586","dynamic":"-0.520257073326628386"},"nft":{"value":78,"dynamic":50,"collections":[false,false,false,false,false,false,false],"collections2":{"89seconds":false,"artBlocks":false,"boredApes":false,"cryptoPunks":false,"ksoids":false,"meebits":false,"omnimorphs":true}}},"floor":0.04},{"timestamp":1640963213,"price":0.08,"block_number":13913816,"account":{"address":"0xb06b4a883ad52aa378396ba613cf6673fdecf4e2","tx_count":17,"eth":{"value":"0.020146434138125402","dynamic":"0.020146434138125402"},"nft":{"value":3,"dynamic":3,"collections":[false,false,false,false,false,false,false],"collections2":{"89seconds":false,"artBlocks":false,"boredApes":false,"cryptoPunks":false,"ksoids":false,"meebits":false,"omnimorphs":false}}},"floor":0.06},{"timestamp":1640964121,"price":0.07,"block_number":13913888,"account":{"address":"0x1592ecc943066244b5a705c6e8c1a94baa6a06e0","tx_count":407,"eth":{"value":"0.18306581390290789","dynamic":"-0.625755330434051529"},"nft":{"value":79,"dynamic":51,"collections":[false,false,false,false,false,false,false],"collections2":{"89seconds":false,"artBlocks":false,"boredApes":false,"cryptoPunks":false,"ksoids":false,"meebits":false,"omnimorphs":true}}},"floor":0.06},{"timestamp":1640965183,"price":0.07,"block_number":13913971,"account":{"address":"0xb06b4a883ad52aa378396ba613cf6673fdecf4e2","tx_count":18,"eth":{"value":"0.033968409705716822","dynamic":"0.033968409705716822"},"nft":{"value":3,"dynamic":3,"collections":[false,false,false,false,false,false,false],"collections2":{"89seconds":false,"artBlocks":false,"boredApes":false,"cryptoPunks":false,"ksoids":false,"meebits":false,"omnimorphs":false}}},"floor":0.06},{"timestamp":1640985676,"price":0.07,"block_number":13915460,"account":{"address":"0x1592ecc943066244b5a705c6e8c1a94baa6a06e0","tx_count":408,"eth":{"value":"0.160061593588995264","dynamic":"-0.043312662250514472"},"nft":{"value":78,"dynamic":49,"collections":[false,false,false,false,false,false,false],"collections2":{"89seconds":false,"artBlocks":false,"boredApes":false,"cryptoPunks":false,"ksoids":false,"meebits":false,"omnimorphs":true}}},"floor":0.0599},{"timestamp":1640986430,"price":0.07,"block_number":13915517,"account":{"address":"0x58456025ec2aec306c6184b3714b89b2f1c2e49f","tx_count":1,"eth":{"value":"0.012749192823984482","dynamic":"0.012749192823984482"},"nft":{"value":0,"dynamic":0,"collections":[false,false,false,false,false,false,false],"collections2":{"89seconds":false,"artBlocks":false,"boredApes":false,"cryptoPunks":false,"ksoids":false,"meebits":false,"omnimorphs":false}}},"floor":0.0599}]}