{"uuid":"5c35f1e2-337d-4472-a813-2d9bcb6d5ce7","token_id":309,"color":5,"transactions":[{"timestamp":1634206841,"price":0.10301,"block_number":13415752,"account":{"address":"0xf2c21e5e07f41f44775a9c579e12e3bcfb042dcc","tx_count":37,"eth":{"value":"0.008238782947074285","dynamic":"0.008238782947074285"},"nft":{"value":0,"dynamic":0,"collections":[false,false,false,false,false,false,false],"collections2":{"89seconds":false,"artBlocks":false,"boredApes":false,"cryptoPunks":false,"ksoids":false,"meebits":false,"omnimorphs":false}}},"floor":0.10301},{"timestamp":1634873218,"price":0.12,"block_number":13465065,"account":{"address":"0x219101f75ef1a584789882d4593466fafa3ccfee","tx_count":47,"eth":{"value":"0.290664770924303091","dynamic":"0.290664770924303091"},"nft":{"value":23,"dynamic":23,"collections":[false,false,false,false,false,false,false],"collections2":{"89seconds":false,"artBlocks":false,"boredApes":false,"cryptoPunks":false,"ksoids":false,"meebits":false,"omnimorphs":false}}},"floor":0.10301}]}