{"uuid":"2e12f189-1c80-4ad4-8ae9-a4de44c9b68d","token_id":316,"color":1,"transactions":[{"timestamp":1634206846,"price":0.10301,"block_number":13415752,"account":{"address":"0x6a56ebf9c469f1f6cd7324ebd809b7e541cb9964","tx_count":1271,"eth":{"value":"2.625476914108159197","dynamic":"2.625476914108159197"},"nft":{"value":0,"dynamic":0,"collections":[false,false,false,false,false,false,false],"collections2":{"89seconds":false,"artBlocks":false,"boredApes":false,"cryptoPunks":false,"ksoids":false,"meebits":false,"omnimorphs":false}}},"floor":0.10301},{"timestamp":1634309024,"price":0.179,"block_number":13423261,"account":{"address":"0x1a560d6828e032416350e81bc37b653d9c58e480","tx_count":148,"eth":{"value":"55.38936068730273524","dynamic":"55.38100603430273495"},"nft":{"value":61,"dynamic":55,"collections":[false,false,false,false,false,false,false],"collections2":{"89seconds":false,"artBlocks":false,"boredApes":false,"cryptoPunks":false,"ksoids":false,"meebits":false,"omnimorphs":false}}},"floor":0.1791},{"timestamp":1640773507,"price":0.06956521739130435,"block_number":13899652,"account":{"address":"0x62174469ab600a7c3add4a2c7a7ca938a811ef46","tx_count":19,"eth":{"value":"152.37469697488386658","dynamic":"-8.071129328970916434"},"nft":{"value":95,"dynamic":94,"collections":[false,false,false,false,false,false,false],"collections2":{"89seconds":false,"artBlocks":false,"boredApes":false,"cryptoPunks":true,"ksoids":false,"meebits":false,"omnimorphs":false}}},"floor":0.055},{"timestamp":1640778141,"price":0.07,"block_number":13900010,"account":{"address":"0x1a560d6828e032416350e81bc37b653d9c58e480","tx_count":192,"eth":{"value":"48.221484016855297863","dynamic":"-19.500839682785860314"},"nft":{"value":64,"dynamic":56,"collections":[false,false,false,false,false,false,false],"collections2":{"89seconds":false,"artBlocks":false,"boredApes":false,"cryptoPunks":true,"ksoids":false,"meebits":false,"omnimorphs":false}}},"floor":0.0549},{"timestamp":1640894246,"price":0.05,"block_number":13908692,"account":{"address":"0x62174469ab600a7c3add4a2c7a7ca938a811ef46","tx_count":26,"eth":{"value":"152.8993172156725944","dynamic":"-7.546509088182188602"},"nft":{"value":76,"dynamic":75,"collections":[false,false,false,false,false,false,false],"collections2":{"89seconds":false,"artBlocks":false,"boredApes":false,"cryptoPunks":true,"ksoids":false,"meebits":false,"omnimorphs":false}}},"floor":0.03861},{"timestamp":1640939676,"price":0.05,"block_number":13912108,"account":{"address":"0x1a560d6828e032416350e81bc37b653d9c58e480","tx_count":197,"eth":{"value":"48.419321677973753436","dynamic":"-19.303002021667404739"},"nft":{"value":44,"dynamic":36,"collections":[false,false,false,false,false,false,false],"collections2":{"89seconds":false,"artBlocks":false,"boredApes":false,"cryptoPunks":true,"ksoids":false,"meebits":false,"omnimorphs":false}}},"floor":0.044},{"timestamp":1640946165,"price":0.05,"block_number":13912576,"account":{"address":"0x62174469ab600a7c3add4a2c7a7ca938a811ef46","tx_count":27,"eth":{"value":"152.74647049222265831","dynamic":"-7.699355811632124698"},"nft":{"value":66,"dynamic":65,"collections":[false,false,false,false,false,false,false],"collections2":{"89seconds":false,"artBlocks":false,"boredApes":false,"cryptoPunks":true,"ksoids":false,"meebits":false,"omnimorphs":false}}},"floor":0.045}]}