{"uuid":"0201171f-1e66-4464-9c2f-2f815f96a9bc","token_id":313,"color":5,"transactions":[{"timestamp":1634206844,"price":0.10301,"block_number":13415752,"account":{"address":"0x6a56ebf9c469f1f6cd7324ebd809b7e541cb9964","tx_count":1271,"eth":{"value":"2.625476914108159197","dynamic":"2.625476914108159197"},"nft":{"value":0,"dynamic":0,"collections":[false,false,false,false,false,false,false],"collections2":{"89seconds":false,"artBlocks":false,"boredApes":false,"cryptoPunks":false,"ksoids":false,"meebits":false,"omnimorphs":false}}},"floor":0.10301},{"timestamp":1634308801,"price":0.179,"block_number":13423243,"account":{"address":"0x1a560d6828e032416350e81bc37b653d9c58e480","tx_count":145,"eth":{"value":"55.99309979084860393","dynamic":"55.98474513784860364"},"nft":{"value":61,"dynamic":55,"collections":[false,false,false,false,false,false,false],"collections2":{"89seconds":false,"artBlocks":false,"boredApes":false,"cryptoPunks":false,"ksoids":false,"meebits":false,"omnimorphs":false}}},"floor":0.1791},{"timestamp":1634308814,"price":0.179,"block_number":13423245,"account":{"address":"0x62d035c4f5c3f7b5b47664d3a302e7662e4682d2","tx_count":51,"eth":{"value":"0.536765453316685475","dynamic":"0.536765453316685475"},"nft":{"value":60,"dynamic":60,"collections":[false,false,false,false,false,false,false],"collections2":{"89seconds":false,"artBlocks":false,"boredApes":false,"cryptoPunks":false,"ksoids":false,"meebits":false,"omnimorphs":false}}},"floor":0.1791}]}