{"uuid":"1e97777d-098a-4085-8438-abf60409606d","token_id":314,"color":4,"transactions":[{"timestamp":1634206845,"price":0.10301,"block_number":13415752,"account":{"address":"0x6a56ebf9c469f1f6cd7324ebd809b7e541cb9964","tx_count":1271,"eth":{"value":"2.625476914108159197","dynamic":"2.625476914108159197"},"nft":{"value":0,"dynamic":0,"collections":[false,false,false,false,false,false,false],"collections2":{"89seconds":false,"artBlocks":false,"boredApes":false,"cryptoPunks":false,"ksoids":false,"meebits":false,"omnimorphs":false}}},"floor":0.10301},{"timestamp":1634308878,"price":0.179,"block_number":13423251,"account":{"address":"0x1a560d6828e032416350e81bc37b653d9c58e480","tx_count":147,"eth":{"value":"55.594268492090653824","dynamic":"55.58591383909065353"},"nft":{"value":61,"dynamic":55,"collections":[false,false,false,false,false,false,false],"collections2":{"89seconds":false,"artBlocks":false,"boredApes":false,"cryptoPunks":false,"ksoids":false,"meebits":false,"omnimorphs":false}}},"floor":0.10301},{"timestamp":1640773507,"price":0.06956521739130435,"block_number":13899652,"account":{"address":"0x62174469ab600a7c3add4a2c7a7ca938a811ef46","tx_count":19,"eth":{"value":"152.37469697488386658","dynamic":"-8.071129328970916434"},"nft":{"value":95,"dynamic":94,"collections":[false,false,false,false,false,false,false],"collections2":{"89seconds":false,"artBlocks":false,"boredApes":false,"cryptoPunks":true,"ksoids":false,"meebits":false,"omnimorphs":false}}},"floor":0.055}]}