{"uuid":"fad3d259-2f60-44a2-b1a9-6402202fa804","token_id":318,"color":0,"transactions":[{"timestamp":1634206848,"price":0.10301,"block_number":13415752,"account":{"address":"0x54b065b3a70157f5e120cdb9f0ca8fca8f664e53","tx_count":131,"eth":{"value":"0.086929960853843664","dynamic":"0.086929960853843664"},"nft":{"value":0,"dynamic":0,"collections":[false,false,false,false,false,false,false],"collections2":{"89seconds":false,"artBlocks":false,"boredApes":false,"cryptoPunks":false,"ksoids":false,"meebits":false,"omnimorphs":false}}},"floor":0.10301},{"timestamp":1634970077,"price":0.15,"block_number":13472180,"account":{"address":"0x901b07f3da72acdb4fb85c3168e0a63f62311fdc","tx_count":132,"eth":{"value":"1.004617498367355374","dynamic":"1.004617498367355374"},"nft":{"value":92,"dynamic":92,"collections":[false,false,false,false,false,false,false],"collections2":{"89seconds":false,"artBlocks":false,"boredApes":false,"cryptoPunks":false,"ksoids":false,"meebits":false,"omnimorphs":false}}},"floor":0.12150000000000001},{"timestamp":1635049462,"price":0.13,"block_number":13478051,"account":{"address":"0xaf5a677e21e2979bdf673163c01ab5fffbff33ed","tx_count":1,"eth":{"value":"0.11032886986824072","dynamic":"0.11032886986824072"},"nft":{"value":1,"dynamic":1,"collections":[false,false,false,false,false,false,false],"collections2":{"89seconds":false,"artBlocks":false,"boredApes":false,"cryptoPunks":false,"ksoids":false,"meebits":false,"omnimorphs":false}}},"floor":0.10301},{"timestamp":1635063109,"price":0.11,"block_number":13479044,"account":{"address":"0x682630207b47837ed631a315819968a82b8e1a7e","tx_count":11,"eth":{"value":"0.017214451403651288","dynamic":"0.017214451403651288"},"nft":{"value":12,"dynamic":12,"collections":[false,false,false,false,false,false,false],"collections2":{"89seconds":false,"artBlocks":false,"boredApes":false,"cryptoPunks":false,"ksoids":false,"meebits":false,"omnimorphs":false}}},"floor":0.11178000000000002},{"timestamp":1635068460,"price":0.01,"block_number":13479440,"account":{"address":"0x901b07f3da72acdb4fb85c3168e0a63f62311fdc","tx_count":139,"eth":{"value":"0.199722550093698782","dynamic":"0.199722550093698782"},"nft":{"value":94,"dynamic":94,"collections":[false,false,false,false,false,false,false],"collections2":{"89seconds":false,"artBlocks":false,"boredApes":false,"cryptoPunks":false,"ksoids":false,"meebits":false,"omnimorphs":false}}},"floor":0.138},{"timestamp":1640948091,"price":0.2,"block_number":13912732,"account":{"address":"0x691cb93cc72634bf8fc8784f8095c559c9abf979","tx_count":17,"eth":{"value":"0.070093213291554382","dynamic":"0.070093213291554382"},"nft":{"value":3,"dynamic":3,"collections":[false,false,false,false,false,false,false],"collections2":{"89seconds":false,"artBlocks":false,"boredApes":false,"cryptoPunks":false,"ksoids":false,"meebits":false,"omnimorphs":false}}},"floor":0.045}]}