{"uuid":"cf025118-7ad2-45ee-bca3-3bbf7e93c392","token_id":317,"color":2,"transactions":[{"timestamp":1634206847,"price":0.10301,"block_number":13415752,"account":{"address":"0x54b065b3a70157f5e120cdb9f0ca8fca8f664e53","tx_count":131,"eth":{"value":"0.086929960853843664","dynamic":"0.086929960853843664"},"nft":{"value":0,"dynamic":0,"collections":[false,false,false,false,false,false,false],"collections2":{"89seconds":false,"artBlocks":false,"boredApes":false,"cryptoPunks":false,"ksoids":false,"meebits":false,"omnimorphs":false}}},"floor":0.10301},{"timestamp":1634207412,"price":0.3,"block_number":13415787,"account":{"address":"0x0f9122e14e75706f0e4e53633ca5577c172f7820","tx_count":4,"eth":{"value":"0.062181592809746989","dynamic":"0.062181592809746989"},"nft":{"value":6,"dynamic":6,"collections":[false,false,false,false,false,false,false],"collections2":{"89seconds":false,"artBlocks":false,"boredApes":false,"cryptoPunks":false,"ksoids":false,"meebits":false,"omnimorphs":false}}},"floor":0.10301}]}