{"uuid":"9d08dc36-25be-4ff4-a1ab-aa00bb7f0db6","token_id":312,"color":3,"transactions":[{"timestamp":1634206843,"price":0.10301,"block_number":13415752,"account":{"address":"0x7429ddb528111afe7f995aecfb63f2b839c3d56b","tx_count":472,"eth":{"value":"0.105155355844726942","dynamic":"-0.283767639842924409"},"nft":{"value":0,"dynamic":0,"collections":[false,false,false,false,false,false,false],"collections2":{"89seconds":false,"artBlocks":false,"boredApes":false,"cryptoPunks":false,"ksoids":false,"meebits":false,"omnimorphs":false}}},"floor":0.10301}]}