{"uuid":"0ecce1b4-b1c9-4377-a025-26da815c95cf","token_id":310,"color":3,"transactions":[{"timestamp":1634206841,"price":0.10301,"block_number":13415752,"account":{"address":"0x202b01344af9b0349817c0df98ec8d78491d2478","tx_count":280,"eth":{"value":"2.241869827782765497","dynamic":"1.35464395000154949"},"nft":{"value":0,"dynamic":0,"collections":[false,false,false,false,false,false,false],"collections2":{"89seconds":false,"artBlocks":false,"boredApes":false,"cryptoPunks":false,"ksoids":false,"meebits":false,"omnimorphs":false}}},"floor":0.10301},{"timestamp":1634258103,"price":0.19,"block_number":13419506,"account":{"address":"0xaae665095ebf1b7b64de7e997a59b1b1dc078e04","tx_count":127,"eth":{"value":"0.217062912976920287","dynamic":"0.210811505976920287"},"nft":{"value":73,"dynamic":73,"collections":[false,false,false,false,false,false,false],"collections2":{"89seconds":false,"artBlocks":false,"boredApes":false,"cryptoPunks":false,"ksoids":false,"meebits":false,"omnimorphs":false}}},"floor":0.10301},{"timestamp":1634258645,"price":0.19,"block_number":13419555,"account":{"address":"0x5a1bd9dcf079d07e6ae02cba6818c2520226eb53","tx_count":212,"eth":{"value":"1.893925192260975425","dynamic":"1.893925192260975425"},"nft":{"value":43,"dynamic":43,"collections":[false,false,false,false,false,false,false],"collections2":{"89seconds":false,"artBlocks":false,"boredApes":false,"cryptoPunks":false,"ksoids":false,"meebits":false,"omnimorphs":false}}},"floor":0.2},{"timestamp":1634259608,"price":0.19,"block_number":13419625,"account":{"address":"0x092e7acb2c8f13546ccff96bc6a6005ae9fe5162","tx_count":352,"eth":{"value":"1.358056913930696018","dynamic":"1.358056913930696018"},"nft":{"value":207,"dynamic":207,"collections":[false,false,false,false,false,false,false],"collections2":{"89seconds":false,"artBlocks":false,"boredApes":false,"cryptoPunks":false,"ksoids":false,"meebits":false,"omnimorphs":true}}},"floor":0.2},{"timestamp":1634348890,"price":0.14,"block_number":13426177,"account":{"address":"0x04cba99bf19958470d03be77fd1936c1ac73784d","tx_count":590,"eth":{"value":"0.147293465154124312","dynamic":"0.144284885055453474"},"nft":{"value":310,"dynamic":285,"collections":[false,false,false,false,false,false,false],"collections2":{"89seconds":false,"artBlocks":false,"boredApes":true,"cryptoPunks":false,"ksoids":false,"meebits":false,"omnimorphs":false}}},"floor":0.150634515941999},{"timestamp":1634349423,"price":0.145,"block_number":13426212,"account":{"address":"0xef8bf5c8549bf47b9a62f8ae515de66e690f41ea","tx_count":14,"eth":{"value":"4.51488364","dynamic":"4.51488364"},"nft":{"value":49,"dynamic":49,"collections":[false,false,false,false,false,false,false],"collections2":{"89seconds":false,"artBlocks":false,"boredApes":false,"cryptoPunks":false,"ksoids":false,"meebits":false,"omnimorphs":true}}},"floor":0.13},{"timestamp":1636294900,"price":0.15,"block_number":13569861,"account":{"address":"0x751ba14ed65d68e136c6ac93e635d2378b4ab91a","tx_count":107,"eth":{"value":"0.026675630255271776","dynamic":"-0.146171070458178092"},"nft":{"value":74,"dynamic":58,"collections":[false,false,false,false,false,false,false],"collections2":{"89seconds":false,"artBlocks":false,"boredApes":false,"cryptoPunks":false,"ksoids":true,"meebits":false,"omnimorphs":false}}},"floor":0.07301}]}