{"uuid":"57521cca-9631-4ead-9499-29dfdeb97283","token_id":311,"color":0,"transactions":[{"timestamp":1634206842,"price":0.10301,"block_number":13415752,"account":{"address":"0x202b01344af9b0349817c0df98ec8d78491d2478","tx_count":280,"eth":{"value":"2.241869827782765497","dynamic":"1.35464395000154949"},"nft":{"value":0,"dynamic":0,"collections":[false,false,false,false,false,false,false],"collections2":{"89seconds":false,"artBlocks":false,"boredApes":false,"cryptoPunks":false,"ksoids":false,"meebits":false,"omnimorphs":false}}},"floor":0.10301},{"timestamp":1634352356,"price":0.145,"block_number":13426435,"account":{"address":"0x092e7acb2c8f13546ccff96bc6a6005ae9fe5162","tx_count":360,"eth":{"value":"1.191311508919554888","dynamic":"1.191311508919554888"},"nft":{"value":209,"dynamic":209,"collections":[false,false,false,false,false,false,false],"collections2":{"89seconds":false,"artBlocks":false,"boredApes":false,"cryptoPunks":false,"ksoids":false,"meebits":false,"omnimorphs":true}}},"floor":0.10301},{"timestamp":1634352777,"price":0.145,"block_number":13426470,"account":{"address":"0xef8bf5c8549bf47b9a62f8ae515de66e690f41ea","tx_count":21,"eth":{"value":"4.265336134","dynamic":"4.265336134"},"nft":{"value":50,"dynamic":50,"collections":[false,false,false,false,false,false,false],"collections2":{"89seconds":false,"artBlocks":false,"boredApes":false,"cryptoPunks":false,"ksoids":false,"meebits":false,"omnimorphs":true}}},"floor":0.13},{"timestamp":1634353075,"price":0.15,"block_number":13426490,"account":{"address":"0xeaaa433c3ab4f150c713d12732b75c8962169205","tx_count":136,"eth":{"value":"1.563616535618130215","dynamic":"1.563616535618130215"},"nft":{"value":48,"dynamic":48,"collections":[false,false,false,false,false,false,false],"collections2":{"89seconds":false,"artBlocks":false,"boredApes":false,"cryptoPunks":false,"ksoids":false,"meebits":false,"omnimorphs":false}}},"floor":0.13},{"timestamp":1634353535,"price":0.15,"block_number":13426527,"account":{"address":"0x202b01344af9b0349817c0df98ec8d78491d2478","tx_count":296,"eth":{"value":"2.496876484834979191","dynamic":"1.609650607053763184"},"nft":{"value":121,"dynamic":121,"collections":[false,false,false,false,false,false,false],"collections2":{"89seconds":false,"artBlocks":false,"boredApes":false,"cryptoPunks":false,"ksoids":false,"meebits":false,"omnimorphs":false}}},"floor":0.10301},{"timestamp":1634429311,"price":0.6,"block_number":13432184,"account":{"address":"0x247b7e245002e6b525782366dec32446f645320d","tx_count":365,"eth":{"value":"29.136193456834148017","dynamic":"28.72648515399646287"},"nft":{"value":112,"dynamic":108,"collections":[false,false,false,false,false,false,false],"collections2":{"89seconds":false,"artBlocks":false,"boredApes":false,"cryptoPunks":false,"ksoids":false,"meebits":false,"omnimorphs":false}}},"floor":0.10301}]}