{"uuid":"1d468e2b-b9b0-4587-b0d6-50d079f786c7","token_id":315,"color":4,"transactions":[{"timestamp":1634206846,"price":0.10301,"block_number":13415752,"account":{"address":"0x6a56ebf9c469f1f6cd7324ebd809b7e541cb9964","tx_count":1271,"eth":{"value":"2.625476914108159197","dynamic":"2.625476914108159197"},"nft":{"value":0,"dynamic":0,"collections":[false,false,false,false,false,false,false],"collections2":{"89seconds":false,"artBlocks":false,"boredApes":false,"cryptoPunks":false,"ksoids":false,"meebits":false,"omnimorphs":false}}},"floor":0.10301},{"timestamp":1634308827,"price":0.179,"block_number":13423246,"account":{"address":"0x1a560d6828e032416350e81bc37b653d9c58e480","tx_count":146,"eth":{"value":"55.79406502878318816","dynamic":"55.785710375783187864"},"nft":{"value":61,"dynamic":55,"collections":[false,false,false,false,false,false,false],"collections2":{"89seconds":false,"artBlocks":false,"boredApes":false,"cryptoPunks":false,"ksoids":false,"meebits":false,"omnimorphs":false}}},"floor":0.16119},{"timestamp":1640773507,"price":0.06956521739130435,"block_number":13899652,"account":{"address":"0x62174469ab600a7c3add4a2c7a7ca938a811ef46","tx_count":19,"eth":{"value":"152.37469697488386658","dynamic":"-8.071129328970916434"},"nft":{"value":95,"dynamic":94,"collections":[false,false,false,false,false,false,false],"collections2":{"89seconds":false,"artBlocks":false,"boredApes":false,"cryptoPunks":true,"ksoids":false,"meebits":false,"omnimorphs":false}}},"floor":0.055},{"timestamp":1640785653,"price":0.07333333333333333,"block_number":13900576,"account":{"address":"0x1a560d6828e032416350e81bc37b653d9c58e480","tx_count":193,"eth":{"value":"48.38367705932475752","dynamic":"-19.338646640316400654"},"nft":{"value":47,"dynamic":39,"collections":[false,false,false,false,false,false,false],"collections2":{"89seconds":false,"artBlocks":false,"boredApes":false,"cryptoPunks":true,"ksoids":false,"meebits":false,"omnimorphs":false}}},"floor":0.0549},{"timestamp":1640860726,"price":0.05625,"block_number":13906168,"account":{"address":"0x62174469ab600a7c3add4a2c7a7ca938a811ef46","tx_count":24,"eth":{"value":"152.99771553953959975","dynamic":"-7.448110764315183258"},"nft":{"value":64,"dynamic":63,"collections":[false,false,false,false,false,false,false],"collections2":{"89seconds":false,"artBlocks":false,"boredApes":false,"cryptoPunks":true,"ksoids":false,"meebits":false,"omnimorphs":false}}},"floor":0.0429},{"timestamp":1640866829,"price":0.05,"block_number":13906640,"account":{"address":"0x1a560d6828e032416350e81bc37b653d9c58e480","tx_count":195,"eth":{"value":"48.34206059485071087","dynamic":"-19.380263104790447308"},"nft":{"value":60,"dynamic":52,"collections":[false,false,false,false,false,false,false],"collections2":{"89seconds":false,"artBlocks":false,"boredApes":false,"cryptoPunks":true,"ksoids":false,"meebits":false,"omnimorphs":false}}},"floor":0.0427},{"timestamp":1640876492,"price":0.05,"block_number":13907351,"account":{"address":"0x62174469ab600a7c3add4a2c7a7ca938a811ef46","tx_count":25,"eth":{"value":"152.77928631117363176","dynamic":"-7.666539992681151248"},"nft":{"value":60,"dynamic":59,"collections":[false,false,false,false,false,false,false],"collections2":{"89seconds":false,"artBlocks":false,"boredApes":false,"cryptoPunks":true,"ksoids":false,"meebits":false,"omnimorphs":false}}},"floor":0.0424}]}