{"uuid":"6aa7d261-49f1-433d-8717-84cb4b361944","token_id":323,"color":3,"transactions":[{"timestamp":1634206852,"price":0.10301,"block_number":13415752,"account":{"address":"0xc31afe50abc2fc1a3cb5b4d4a163738e595c8fee","tx_count":30,"eth":{"value":"1.452090998693964732","dynamic":"0.449684042446106949"},"nft":{"value":0,"dynamic":0,"collections":[false,false,false,false,false,false,false],"collections2":{"89seconds":true,"artBlocks":false,"boredApes":false,"cryptoPunks":true,"ksoids":true,"meebits":true,"omnimorphs":false}}},"floor":0.10301},{"timestamp":1639164791,"price":0.08,"block_number":13779349,"account":{"address":"0x2937cf659b2b95374731102193b8e868062d3ab0","tx_count":20,"eth":{"value":"0.115624790051411994","dynamic":"0.115624790051411994"},"nft":{"value":3,"dynamic":3,"collections":[false,false,false,false,false,false,false],"collections2":{"89seconds":false,"artBlocks":false,"boredApes":false,"cryptoPunks":false,"ksoids":false,"meebits":false,"omnimorphs":false}}},"floor":0.0795}]}