{"uuid":"fc21361f-f3ca-4cb2-8693-05f779bc1af8","token_id":328,"color":5,"transactions":[{"timestamp":1634206855,"price":0.10301,"block_number":13415753,"account":{"address":"0xba02ceb3ea63267c9548d35de3676245388c1d1f","tx_count":14,"eth":{"value":"0.656342739672771541","dynamic":"0.656342739672771541"},"nft":{"value":0,"dynamic":0,"collections":[false,false,false,false,false,false,false],"collections2":{"boredApes":false,"cryptoPunks":false,"ksoids":false,"meebits":false}}},"floor":0.10301},{"timestamp":1638841540,"price":0.1105,"block_number":13755789,"account":{"address":"0x4e7ea23a608949f52820bf9d2c01f6d914d98203","tx_count":173,"eth":{"value":"0.140285816307080902","dynamic":"0.130212319690003095"},"nft":{"value":14,"dynamic":11,"collections":[false,false,false,false,false,false,false],"collections2":{"89seconds":true,"artBlocks":true,"boredApes":true,"cryptoPunks":true,"ksoids":true,"meebits":true,"omnimorphs":true}}},"floor":0.0825}]}