{"uuid":"3e784dcb-cfc5-4afd-9bf1-a4cec32b1258","token_id":326,"color":2,"transactions":[{"timestamp":1634206853,"price":0.10301,"block_number":13415753,"account":{"address":"0xbcdb110bed266c068b0fbf937e4701b07727a583","tx_count":17,"eth":{"value":"0.675206879291381895","dynamic":"0.675206879291381895"},"nft":{"value":0,"dynamic":0,"collections":[false,false,false,false,false,false,false],"collections2":{"boredApes":false,"cryptoPunks":false,"ksoids":false}}},"floor":0.10301},{"timestamp":1635061127,"price":0.15,"block_number":13478891,"account":{"address":"0x296826383a2a1056706053b5fa6ef598277dfcf9","tx_count":86,"eth":{"value":"1.218014035445718108","dynamic":"1.218014035445718108"},"nft":{"value":9,"dynamic":9,"collections":[false,false,false,false,false,false,false],"collections2":{"89seconds":false,"artBlocks":false,"boredApes":false,"cryptoPunks":false,"ksoids":false,"meebits":false,"omnimorphs":false}}},"floor":0.138},{"timestamp":1635062375,"price":0.15,"block_number":13478983,"account":{"address":"0x331cc2e56c657126f7a986419040838cf446eb93","tx_count":377,"eth":{"value":"0.421270185631079409","dynamic":"0.419586475075584957"},"nft":{"value":38,"dynamic":38,"collections":[false,false,false,false,false,false,false],"collections2":{"89seconds":false,"artBlocks":false,"boredApes":false,"cryptoPunks":false,"ksoids":false,"meebits":false,"omnimorphs":false}}},"floor":0.12420000000000002},{"timestamp":1635063348,"price":0.15,"block_number":13479061,"account":{"address":"0x296826383a2a1056706053b5fa6ef598277dfcf9","tx_count":89,"eth":{"value":"1.177325782226091958","dynamic":"1.177325782226091958"},"nft":{"value":9,"dynamic":9,"collections":[false,false,false,false,false,false,false],"collections2":{"89seconds":false,"artBlocks":false,"boredApes":false,"cryptoPunks":false,"ksoids":false,"meebits":false,"omnimorphs":false}}},"floor":0.11178000000000002},{"timestamp":1635066804,"price":0.15,"block_number":13479319,"account":{"address":"0x331cc2e56c657126f7a986419040838cf446eb93","tx_count":379,"eth":{"value":"0.383636397368445133","dynamic":"0.381952686812950681"},"nft":{"value":38,"dynamic":38,"collections":[false,false,false,false,false,false,false],"collections2":{"89seconds":false,"artBlocks":false,"boredApes":false,"cryptoPunks":false,"ksoids":false,"meebits":false,"omnimorphs":false}}},"floor":0.138},{"timestamp":1635067529,"price":0.15,"block_number":13479369,"account":{"address":"0x296826383a2a1056706053b5fa6ef598277dfcf9","tx_count":91,"eth":{"value":"1.141797126400207557","dynamic":"1.141797126400207557"},"nft":{"value":9,"dynamic":9,"collections":[false,false,false,false,false,false,false],"collections2":{"89seconds":false,"artBlocks":false,"boredApes":false,"cryptoPunks":false,"ksoids":false,"meebits":false,"omnimorphs":false}}},"floor":0.11178000000000002},{"timestamp":1635068007,"price":0.15,"block_number":13479404,"account":{"address":"0x331cc2e56c657126f7a986419040838cf446eb93","tx_count":381,"eth":{"value":"0.205722628555309417","dynamic":"0.204038917999814965"},"nft":{"value":39,"dynamic":39,"collections":[false,false,false,false,false,false,false],"collections2":{"89seconds":false,"artBlocks":false,"boredApes":false,"cryptoPunks":false,"ksoids":false,"meebits":false,"omnimorphs":false}}},"floor":0.138}]}