{"uuid":"a1171fda-f272-43d2-8e36-5ba9a7744b49","token_id":322,"color":0,"transactions":[{"timestamp":1634206851,"price":0.10301,"block_number":13415752,"account":{"address":"0xc31afe50abc2fc1a3cb5b4d4a163738e595c8fee","tx_count":30,"eth":{"value":"1.452090998693964732","dynamic":"0.449684042446106949"},"nft":{"value":0,"dynamic":0,"collections":[false,false,false,false,false,false,false],"collections2":{"89seconds":true,"artBlocks":false,"boredApes":false,"cryptoPunks":true,"ksoids":true,"meebits":true,"omnimorphs":false}}},"floor":0.10301},{"timestamp":1638483903,"price":0.05,"block_number":13729907,"account":{"address":"0x2937cf659b2b95374731102193b8e868062d3ab0","tx_count":18,"eth":{"value":"0.154131020171216032","dynamic":"0.154131020171216032"},"nft":{"value":3,"dynamic":3,"collections":[false,false,false,false,false,false,false],"collections2":{"89seconds":false,"artBlocks":false,"boredApes":false,"cryptoPunks":false,"ksoids":false,"meebits":false,"omnimorphs":false}}},"floor":0.06}]}