{"uuid":"8f5ce8fb-e999-4757-a2da-100ad5059550","token_id":329,"color":4,"transactions":[{"timestamp":1634206856,"price":0.10301,"block_number":13415753,"account":{"address":"0xba02ceb3ea63267c9548d35de3676245388c1d1f","tx_count":14,"eth":{"value":"0.656342739672771541","dynamic":"0.656342739672771541"},"nft":{"value":0,"dynamic":0,"collections":[false,false,false,false,false,false,false],"collections2":{"89seconds":false,"artBlocks":false,"boredApes":false,"cryptoPunks":false,"ksoids":false,"meebits":false,"omnimorphs":false}}},"floor":0.10301}]}