{"uuid":"b73d145a-3ba7-478d-8b38-a11fc6690e64","token_id":327,"color":4,"transactions":[{"timestamp":1634206854,"price":0.10301,"block_number":13415753,"account":{"address":"0xbcdb110bed266c068b0fbf937e4701b07727a583","tx_count":17,"eth":{"value":"0.675206879291381895","dynamic":"0.675206879291381895"},"nft":{"value":0,"dynamic":0,"collections":[false,false,false,false,false,false,false],"collections2":{"boredApes":false,"cryptoPunks":false,"ksoids":false,"meebits":false}}},"floor":0.10301},{"timestamp":1634207358,"price":0.25,"block_number":13415785,"account":{"address":"0xd89f88ab81820ab109689fabf47d68c35b7888d2","tx_count":719,"eth":{"value":"0.79907034514301308","dynamic":"0.733238314465867295"},"nft":{"value":322,"dynamic":200,"collections":[false,false,false,false,false,false,false],"collections2":{"89seconds":false,"artBlocks":false,"boredApes":false,"cryptoPunks":false,"ksoids":false,"meebits":false,"omnimorphs":false}}},"floor":0.10301},{"timestamp":1634215865,"price":0.24,"block_number":13416416,"account":{"address":"0x4a1c106660301b436585f73d249e3b195a6a611c","tx_count":23,"eth":{"value":"0.250206704834154405","dynamic":"0.24876097973272329"},"nft":{"value":10,"dynamic":10,"collections":[false,false,false,false,false,false,false],"collections2":{"89seconds":false,"artBlocks":false,"boredApes":false,"cryptoPunks":false,"ksoids":false,"meebits":false,"omnimorphs":false}}},"floor":0.10301},{"timestamp":1634395352,"price":0.15,"block_number":13429621,"account":{"address":"0xd89f88ab81820ab109689fabf47d68c35b7888d2","tx_count":726,"eth":{"value":"0.421931552541381598","dynamic":"0.26403908254072463"},"nft":{"value":326,"dynamic":201,"collections":[false,false,false,false,false,false,false],"collections2":{"89seconds":false,"artBlocks":false,"boredApes":false,"cryptoPunks":false,"ksoids":false,"meebits":false,"omnimorphs":false}}},"floor":0.11955600000000001},{"timestamp":1634418453,"price":0.15,"block_number":13431357,"account":{"address":"0x4a1c106660301b436585f73d249e3b195a6a611c","tx_count":27,"eth":{"value":"0.053983402059884545","dynamic":"0.05253767695845343"},"nft":{"value":9,"dynamic":9,"collections":[false,false,false,false,false,false,false],"collections2":{"89seconds":false,"artBlocks":false,"boredApes":false,"cryptoPunks":false,"ksoids":false,"meebits":false,"omnimorphs":false}}},"floor":0.10301},{"timestamp":1634418640,"price":0.18,"block_number":13431373,"account":{"address":"0xd89f88ab81820ab109689fabf47d68c35b7888d2","tx_count":731,"eth":{"value":"0.023766617905173938","dynamic":"-0.13412585209548303"},"nft":{"value":326,"dynamic":201,"collections":[false,false,false,false,false,false,false],"collections2":{"89seconds":false,"artBlocks":false,"boredApes":false,"cryptoPunks":false,"ksoids":false,"meebits":false,"omnimorphs":false}}},"floor":0.10301},{"timestamp":1634489892,"price":0.18,"block_number":13436626,"account":{"address":"0x4a1c106660301b436585f73d249e3b195a6a611c","tx_count":29,"eth":{"value":"0.011784796650599674","dynamic":"0.010339071549168559"},"nft":{"value":10,"dynamic":10,"collections":[false,false,false,false,false,false,false],"collections2":{"89seconds":false,"artBlocks":false,"boredApes":false,"cryptoPunks":false,"ksoids":false,"meebits":false,"omnimorphs":false}}},"floor":0.1799}]}