{"uuid":"561ca2a1-2673-4436-9cc8-3cec26832d68","token_id":325,"color":4,"transactions":[{"timestamp":1634206853,"price":0.10301,"block_number":13415753,"account":{"address":"0xbcdb110bed266c068b0fbf937e4701b07727a583","tx_count":17,"eth":{"value":"0.675206879291381895","dynamic":"0.675206879291381895"},"nft":{"value":0,"dynamic":0,"collections":[false,false,false,false,false,false,false],"collections2":{"boredApes":false,"cryptoPunks":false}}},"floor":0.10301},{"timestamp":1634378488,"price":0.15,"block_number":13428362,"account":{"address":"0x23727ebde0056732754df6a75bde03fcd8706f35","tx_count":393,"eth":{"value":"0.496039061141479106","dynamic":"0.086115076465027107"},"nft":{"value":25,"dynamic":24,"collections":[false,false,false,false,false,false,false],"collections2":{"89seconds":false,"artBlocks":false,"boredApes":false,"cryptoPunks":false,"ksoids":false,"meebits":false,"omnimorphs":false}}},"floor":0.1398},{"timestamp":1634407728,"price":0.128,"block_number":13430573,"account":{"address":"0x443d1f8a358b8f76df166e7c59afd4cba70073c7","tx_count":860,"eth":{"value":"9.491914344046234561","dynamic":"-5.138509534641691006"},"nft":{"value":208,"dynamic":191,"collections":[false,false,false,false,false,false,false],"collections2":{"89seconds":false,"artBlocks":false,"boredApes":false,"cryptoPunks":false,"ksoids":false,"meebits":false,"omnimorphs":false}}},"floor":0.18},{"timestamp":1634464778,"price":0.5,"block_number":13434741,"account":{"address":"0x441dc51b74059e259b83c33b2db567760d2f1e1c","tx_count":135,"eth":{"value":"0.246542332391116127","dynamic":"-0.03596985688593302"},"nft":{"value":11,"dynamic":11,"collections":[false,false,false,false,false,false,false],"collections2":{"89seconds":false,"artBlocks":false,"boredApes":false,"cryptoPunks":false,"ksoids":false,"meebits":false,"omnimorphs":false}}},"floor":0.1799}]}