{"uuid":"3a0761e2-f05c-495f-870d-5284965dce25","token_id":320,"color":3,"transactions":[{"timestamp":1634206850,"price":0.10301,"block_number":13415752,"account":{"address":"0x1a560d6828e032416350e81bc37b653d9c58e480","tx_count":92,"eth":{"value":"68.55252033170968017","dynamic":"68.54416567870967988"},"nft":{"value":0,"dynamic":0,"collections":[false,false,false,false,false,false,false],"collections2":{"89seconds":false,"artBlocks":false,"boredApes":false,"cryptoPunks":false,"ksoids":false,"meebits":false,"omnimorphs":false}}},"floor":0.10301},{"timestamp":1640773507,"price":0.06956521739130435,"block_number":13899652,"account":{"address":"0x62174469ab600a7c3add4a2c7a7ca938a811ef46","tx_count":19,"eth":{"value":"152.37469697488386658","dynamic":"-8.071129328970916434"},"nft":{"value":95,"dynamic":94,"collections":[false,false,false,false,false,false,false],"collections2":{"89seconds":false,"artBlocks":false,"boredApes":false,"cryptoPunks":true,"ksoids":false,"meebits":false,"omnimorphs":false}}},"floor":0.055},{"timestamp":1640778141,"price":0.07,"block_number":13900010,"account":{"address":"0x1a560d6828e032416350e81bc37b653d9c58e480","tx_count":192,"eth":{"value":"48.221484016855297863","dynamic":"-19.500839682785860314"},"nft":{"value":64,"dynamic":56,"collections":[false,false,false,false,false,false,false],"collections2":{"89seconds":false,"artBlocks":false,"boredApes":false,"cryptoPunks":true,"ksoids":false,"meebits":false,"omnimorphs":false}}},"floor":0.0549},{"timestamp":1640782128,"price":0.07,"block_number":13900304,"account":{"address":"0x62174469ab600a7c3add4a2c7a7ca938a811ef46","tx_count":20,"eth":{"value":"153.34975135194306076","dynamic":"-7.096074951911722254"},"nft":{"value":77,"dynamic":76,"collections":[false,false,false,false,false,false,false],"collections2":{"89seconds":false,"artBlocks":false,"boredApes":false,"cryptoPunks":true,"ksoids":false,"meebits":false,"omnimorphs":false}}},"floor":0.0549}]}