{"uuid":"44084829-69e5-4152-96d5-5f328fc40910","token_id":334,"color":1,"transactions":[{"timestamp":1634206860,"price":0.10301,"block_number":13415754,"account":{"address":"0x3985527116ee6f7f2489572ada2ea1d4f4110f88","tx_count":95,"eth":{"value":"2.066560096278855972","dynamic":"2.066560096278855972"},"nft":{"value":0,"dynamic":0,"collections":[false,false,false,false,false,false,false],"collections2":{"89seconds":false,"cryptoPunks":false,"ksoids":false}}},"floor":0.10301},{"timestamp":1634420407,"price":0.2,"block_number":13431510,"account":{"address":"0x13ea4c79eead7001ea105d8c4b2e82e5a44bbf81","tx_count":143,"eth":{"value":"5.601841922569818475","dynamic":"5.601841922569818475"},"nft":{"value":68,"dynamic":68,"collections":[false,false,false,false,false,false,false],"collections2":{"89seconds":false,"artBlocks":false,"boredApes":false,"cryptoPunks":false,"ksoids":false,"meebits":false,"omnimorphs":false}}},"floor":0.10301}]}