{"uuid":"fdbcc0d8-c19a-4bc4-a28c-7a84b83c75d6","token_id":337,"color":0,"transactions":[{"timestamp":1634206862,"price":0.10301,"block_number":13415754,"account":{"address":"0x439016804a0f0a9b5cbaf82461573ca0a5e38e88","tx_count":73,"eth":{"value":"1.241514177073823161","dynamic":"1.241514177073823161"},"nft":{"value":0,"dynamic":0,"collections":[false,false,false,false,false,false,false],"collections2":{"89seconds":false,"artBlocks":false,"boredApes":false,"cryptoPunks":false,"ksoids":false,"meebits":false,"omnimorphs":false}}},"floor":0.10301},{"timestamp":1634923259,"price":0.14,"block_number":13468702,"account":{"address":"0xbd5176e94371f7c6b2b27cbb3aa4aaadb0fd8cc4","tx_count":342,"eth":{"value":"2.551582758859361857","dynamic":"2.551582758859361857"},"nft":{"value":50,"dynamic":50,"collections":[false,false,false,false,false,false,false],"collections2":{"89seconds":false,"artBlocks":false,"boredApes":false,"cryptoPunks":false,"ksoids":false,"meebits":false,"omnimorphs":false}}},"floor":0.117},{"timestamp":1634981691,"price":0.15,"block_number":13472987,"account":{"address":"0xa8d7418704ce1bd3169769c5d25eac6ec2ed2ce1","tx_count":62,"eth":{"value":"0.006452241669695178","dynamic":"0.006452241669695178"},"nft":{"value":13,"dynamic":13,"collections":[false,false,false,false,false,false,false],"collections2":{"89seconds":false,"artBlocks":false,"boredApes":false,"cryptoPunks":false,"ksoids":false,"meebits":false,"omnimorphs":false}}},"floor":0.12150000000000001}]}