{"uuid":"f15c5b13-f140-405b-bef1-6a6f0b7cb698","token_id":332,"color":0,"transactions":[{"timestamp":1634206858,"price":0.10301,"block_number":13415753,"account":{"address":"0x6953ee61e6f1385a6325bc4e9bd0bb9db1ec5daa","tx_count":59,"eth":{"value":"0.48225796653007053","dynamic":"0.48225796653007053"},"nft":{"value":0,"dynamic":0,"collections":[false,false,false,false,false,false,false],"collections2":{"89seconds":false,"artBlocks":false,"boredApes":false,"cryptoPunks":false,"ksoids":false,"meebits":false,"omnimorphs":true}}},"floor":0.10301},{"timestamp":1634322536,"price":0.149,"block_number":13424249,"account":{"address":"0xd763161093fc49ef5b354cce9a7c4f0083d5c907","tx_count":243,"eth":{"value":"5.703483164227771091","dynamic":"4.422312064227771091"},"nft":{"value":98,"dynamic":96,"collections":[false,false,false,false,false,false,false],"collections2":{"89seconds":false,"artBlocks":false,"boredApes":false,"cryptoPunks":false,"ksoids":false,"meebits":true,"omnimorphs":false}}},"floor":0.159841747493854},{"timestamp":1636197591,"price":0.1,"block_number":13562668,"account":{"address":"0x972e633f5f6f62d1f2a13977f113941fcb3b606b","tx_count":9058,"eth":{"value":"1.199755801485221263","dynamic":"-4.258242652677277296"},"nft":{"value":0,"dynamic":0,"collections":[false,false,false,false,false,false,false],"collections2":{"89seconds":true,"artBlocks":true,"boredApes":false,"cryptoPunks":false,"ksoids":true,"meebits":true,"omnimorphs":true}}},"floor":0.05301},{"timestamp":1638875156,"price":0.09375,"block_number":13758172,"account":{"address":"0xd763161093fc49ef5b354cce9a7c4f0083d5c907","tx_count":347,"eth":{"value":"0.396959151338489904","dynamic":"-3.013101358626415277"},"nft":{"value":136,"dynamic":112,"collections":[false,false,false,false,false,false,false],"collections2":{"89seconds":false,"artBlocks":false,"boredApes":false,"cryptoPunks":false,"ksoids":true,"meebits":true,"omnimorphs":true}}},"floor":0.08},{"timestamp":1638875696,"price":0.09375,"block_number":13758209,"account":{"address":"0x972e633f5f6f62d1f2a13977f113941fcb3b606b","tx_count":9112,"eth":{"value":"1.919815873413979886","dynamic":"-1.59739030797432573"},"nft":{"value":5379,"dynamic":249,"collections":[false,false,false,false,false,false,false],"collections2":{"89seconds":false,"artBlocks":true,"boredApes":false,"cryptoPunks":false,"ksoids":true,"meebits":true,"omnimorphs":true}}},"floor":0.08},{"timestamp":1638877064,"price":0.09375,"block_number":13758312,"account":{"address":"0xd763161093fc49ef5b354cce9a7c4f0083d5c907","tx_count":348,"eth":{"value":"0.205306050338489904","dynamic":"-3.204754459626415277"},"nft":{"value":136,"dynamic":112,"collections":[false,false,false,false,false,false,false],"collections2":{"89seconds":false,"artBlocks":false,"boredApes":false,"cryptoPunks":false,"ksoids":true,"meebits":true,"omnimorphs":true}}},"floor":0.08},{"timestamp":1638877247,"price":0.09375,"block_number":13758329,"account":{"address":"0x972e633f5f6f62d1f2a13977f113941fcb3b606b","tx_count":9113,"eth":{"value":"1.753211560638791919","dynamic":"-1.763994620749513697"},"nft":{"value":5379,"dynamic":249,"collections":[false,false,false,false,false,false,false],"collections2":{"89seconds":false,"artBlocks":true,"boredApes":false,"cryptoPunks":false,"ksoids":true,"meebits":true,"omnimorphs":true}}},"floor":0.08}]}