{"uuid":"ec4f64cd-a9a1-4d80-971e-795da23d4a05","token_id":339,"color":3,"transactions":[{"timestamp":1634206864,"price":0.10301,"block_number":13415754,"account":{"address":"0xba8c2aa61704cc14db988970b227af9a4e9ee5fa","tx_count":286,"eth":{"value":"0.769464920531648135","dynamic":"0.759628441321320015"},"nft":{"value":0,"dynamic":0,"collections":[false,false,false,false,false,false,false],"collections2":{"89seconds":false,"artBlocks":false,"boredApes":false,"cryptoPunks":false,"ksoids":false,"meebits":false,"omnimorphs":false}}},"floor":0.10301},{"timestamp":1634410296,"price":0.15,"block_number":13430742,"account":{"address":"0x3ca92d91d27cf725c0fd3c3929e8f5f8c56424eb","tx_count":324,"eth":{"value":"0.07539552251163821","dynamic":"0.066055311075502344"},"nft":{"value":44,"dynamic":44,"collections":[false,false,false,false,false,false,false],"collections2":{"89seconds":false,"artBlocks":false,"boredApes":false,"cryptoPunks":false,"ksoids":false,"meebits":false,"omnimorphs":false}}},"floor":0.10301},{"timestamp":1634830450,"price":0.179,"block_number":13461838,"account":{"address":"0xc38376ce593c339f63add5ec298fc1192e7d2128","tx_count":144,"eth":{"value":"11.505119946113959654","dynamic":"-12.04050811102855967"},"nft":{"value":83,"dynamic":76,"collections":[false,false,false,false,false,false,false],"collections2":{"89seconds":true,"artBlocks":false,"boredApes":false,"cryptoPunks":false,"ksoids":true,"meebits":false,"omnimorphs":true}}},"floor":0.12799}]}