{"uuid":"94f455fe-d1a3-4da8-986b-1cc79a0c8cfa","token_id":336,"color":5,"transactions":[{"timestamp":1634206861,"price":0.10301,"block_number":13415754,"account":{"address":"0x439016804a0f0a9b5cbaf82461573ca0a5e38e88","tx_count":73,"eth":{"value":"1.241514177073823161","dynamic":"1.241514177073823161"},"nft":{"value":0,"dynamic":0,"collections":[false,false,false,false,false,false,false],"collections2":{"89seconds":false,"artBlocks":false,"boredApes":false,"cryptoPunks":false,"ksoids":false,"meebits":false,"omnimorphs":false}}},"floor":0.10301},{"timestamp":1634920770,"price":0.14,"block_number":13468528,"account":{"address":"0x432f151ee80b99577e56a481735e41e25402fc98","tx_count":16,"eth":{"value":"3.513672357868790828","dynamic":"3.513672357868790828"},"nft":{"value":13,"dynamic":13,"collections":[false,false,false,false,false,false,false],"collections2":{"89seconds":false,"artBlocks":false,"boredApes":false,"cryptoPunks":false,"ksoids":false,"meebits":false,"omnimorphs":false}}},"floor":0.1053},{"timestamp":1638253392,"price":0.07,"block_number":13713268,"account":{"address":"0xe618e17b87254a5b180f518e8a3cffee215adca2","tx_count":164,"eth":{"value":"0.058101575920200477","dynamic":"0.058101575920200477"},"nft":{"value":39,"dynamic":39,"collections":[false,false,false,false,false,false,false],"collections2":{"89seconds":false,"artBlocks":false,"boredApes":false,"cryptoPunks":false,"ksoids":false,"meebits":false,"omnimorphs":false}}},"floor":0.069},{"timestamp":1639308991,"price":0.07,"block_number":13790057,"account":{"address":"0xce2cd809627bf9902a9508ef5ea129365bf9eb49","tx_count":1,"eth":{"value":"0.141629221233705551","dynamic":"0.141629221233705551"},"nft":{"value":0,"dynamic":0,"collections":[false,false,false,false,false,false,false],"collections2":{"89seconds":false,"artBlocks":false,"boredApes":false,"cryptoPunks":false,"ksoids":false,"meebits":false,"omnimorphs":false}}},"floor":0.07}]}