{"uuid":"50b0b87d-568a-4227-a56e-9734d25afb72","token_id":338,"color":3,"transactions":[{"timestamp":1634206863,"price":0.10301,"block_number":13415754,"account":{"address":"0x439016804a0f0a9b5cbaf82461573ca0a5e38e88","tx_count":73,"eth":{"value":"1.241514177073823161","dynamic":"1.241514177073823161"},"nft":{"value":0,"dynamic":0,"collections":[false,false,false,false,false,false,false],"collections2":{"89seconds":false,"artBlocks":false,"boredApes":false,"cryptoPunks":false,"ksoids":false,"meebits":false,"omnimorphs":false}}},"floor":0.10301},{"timestamp":1635055322,"price":0.15,"block_number":13478494,"account":{"address":"0x3f3e305c4ad49271ebda489dd43d2c8f027d2d41","tx_count":5934,"eth":{"value":"370.5922723351809101","dynamic":"-113.6157944061955949"},"nft":{"value":164,"dynamic":148,"collections":[false,false,false,false,false,false,false],"collections2":{"89seconds":false,"artBlocks":false,"boredApes":false,"cryptoPunks":false,"ksoids":false,"meebits":false,"omnimorphs":false}}},"floor":0.138}]}