{"uuid":"bc42827b-9da0-4a65-800f-0b0deaf91e4c","token_id":331,"color":4,"transactions":[{"timestamp":1634206857,"price":0.10301,"block_number":13415753,"account":{"address":"0x5f08f3e687d907b976e1e24435b093d577982c74","tx_count":105,"eth":{"value":"1.923490330315277423","dynamic":"1.797153581550188978"},"nft":{"value":0,"dynamic":0,"collections":[false,false,false,false,false,false,false],"collections2":{"89seconds":false,"artBlocks":false,"boredApes":false,"cryptoPunks":false,"ksoids":false,"meebits":false,"omnimorphs":false}}},"floor":0.10301},{"timestamp":1635094341,"price":0.5,"block_number":13481355,"account":{"address":"0x49c4dfc5367b42f2445621479dc9421908414402","tx_count":127,"eth":{"value":"1.648629663388614077","dynamic":"1.648629663388614077"},"nft":{"value":102,"dynamic":102,"collections":[false,false,false,false,false,false,false],"collections2":{"89seconds":false,"artBlocks":false,"boredApes":true,"cryptoPunks":false,"ksoids":false,"meebits":false,"omnimorphs":false}}},"floor":0.1341},{"timestamp":1635172474,"price":0.16,"block_number":13487169,"account":{"address":"0x49c4dfc5367b42f2445621479dc9421908414402","tx_count":140,"eth":{"value":"0.186334942456609842","dynamic":"0.186334942456609842"},"nft":{"value":100,"dynamic":100,"collections":[false,false,false,false,false,false,false],"collections2":{"89seconds":false,"artBlocks":false,"boredApes":true,"cryptoPunks":false,"ksoids":false,"meebits":false,"omnimorphs":false}}},"floor":0.137}]}