{"uuid":"7d79f9de-92a8-404b-a997-26655884f999","token_id":333,"color":0,"transactions":[{"timestamp":1634206859,"price":0.10301,"block_number":13415753,"account":{"address":"0x4af9a1b2d94e402cb091244b3cf370a32b90bb03","tx_count":25,"eth":{"value":"0.343680193044370455","dynamic":"0.343680193044370455"},"nft":{"value":0,"dynamic":0,"collections":[false,false,false,false,false,false,false],"collections2":{"89seconds":false,"artBlocks":false,"boredApes":false,"cryptoPunks":false,"ksoids":false,"meebits":false,"omnimorphs":true}}},"floor":0.10301},{"timestamp":1634843681,"price":0.15,"block_number":13462818,"account":{"address":"0x5796d1165e240c9515801c548c59af8a48b17f73","tx_count":12,"eth":{"value":"1.309919245","dynamic":"1.309919245"},"nft":{"value":21,"dynamic":21,"collections":[false,false,false,false,false,false,false],"collections2":{"89seconds":false,"artBlocks":true,"boredApes":false,"cryptoPunks":false,"ksoids":false,"meebits":true,"omnimorphs":false}}},"floor":0.10301},{"timestamp":1634948835,"price":0.265,"block_number":13470669,"account":{"address":"0xf112fd2b9fdad3d009b68e1d9606088bc369ac74","tx_count":230,"eth":{"value":"1.029626354163449269","dynamic":"0.818822037163449269"},"nft":{"value":200,"dynamic":199,"collections":[false,false,false,false,false,false,false],"collections2":{"89seconds":false,"artBlocks":false,"boredApes":false,"cryptoPunks":false,"ksoids":false,"meebits":false,"omnimorphs":false}}},"floor":0.135},{"timestamp":1634969700,"price":0.14,"block_number":13472157,"account":{"address":"0x44b987081d9de5f0d3d9cbb672a4993ffdc90f8a","tx_count":193,"eth":{"value":"0.398158134929354216","dynamic":"-0.152198072038571845"},"nft":{"value":7,"dynamic":7,"collections":[false,false,false,false,false,false,false],"collections2":{"89seconds":false,"artBlocks":false,"boredApes":false,"cryptoPunks":false,"ksoids":false,"meebits":false,"omnimorphs":false}}},"floor":0.135},{"timestamp":1635007649,"price":0.13,"block_number":13474948,"account":{"address":"0x0ed1c03d04c1fbb33a0f25ef6147ab5a73d811a7","tx_count":175,"eth":{"value":"0.146731246523205063","dynamic":"-1.07101195658557837"},"nft":{"value":25,"dynamic":2,"collections":[false,false,false,false,false,false,false],"collections2":{"89seconds":false,"artBlocks":false,"boredApes":false,"cryptoPunks":false,"ksoids":false,"meebits":false,"omnimorphs":false}}},"floor":0.14},{"timestamp":1635009400,"price":0.13,"block_number":13475086,"account":{"address":"0x44b987081d9de5f0d3d9cbb672a4993ffdc90f8a","tx_count":196,"eth":{"value":"0.090698556866277179","dynamic":"-0.459657650101648882"},"nft":{"value":9,"dynamic":9,"collections":[false,false,false,false,false,false,false],"collections2":{"89seconds":false,"artBlocks":false,"boredApes":false,"cryptoPunks":false,"ksoids":false,"meebits":false,"omnimorphs":false}}},"floor":0.14},{"timestamp":1635010618,"price":0.135,"block_number":13475183,"account":{"address":"0x2ccd37a620e0f74f9392549e5d107f43d7589023","tx_count":11,"eth":{"value":"0.615378916626183686","dynamic":"0.615378916626183686"},"nft":{"value":6,"dynamic":6,"collections":[false,false,false,false,false,false,false],"collections2":{"89seconds":false,"artBlocks":false,"boredApes":false,"cryptoPunks":false,"ksoids":false,"meebits":false,"omnimorphs":false}}},"floor":0.14}]}