{"uuid":"cc25ff9c-50c4-497f-88f3-64ee2589142a","token_id":330,"color":3,"transactions":[{"timestamp":1634206856,"price":0.10301,"block_number":13415753,"account":{"address":"0xba02ceb3ea63267c9548d35de3676245388c1d1f","tx_count":14,"eth":{"value":"0.656342739672771541","dynamic":"0.656342739672771541"},"nft":{"value":0,"dynamic":0,"collections":[false,false,false,false,false,false,false],"collections2":{"89seconds":false,"artBlocks":false,"boredApes":false,"cryptoPunks":false,"ksoids":false,"meebits":false,"omnimorphs":false}}},"floor":0.10301},{"timestamp":1640949025,"price":0.043,"block_number":13912800,"account":{"address":"0xed1fc0790c07e4be9f47d566ac613ff5912010aa","tx_count":24,"eth":{"value":"0.339721471281748995","dynamic":"0.338987159145274995"},"nft":{"value":4,"dynamic":4,"collections":[false,false,false,false,false,false,false],"collections2":{"89seconds":false,"artBlocks":false,"boredApes":false,"cryptoPunks":false,"ksoids":false,"meebits":false,"omnimorphs":false}}},"floor":0.045},{"timestamp":1640952873,"price":0.045,"block_number":13913078,"account":{"address":"0xed1fc0790c07e4be9f47d566ac613ff5912010aa","tx_count":26,"eth":{"value":"0.276869270841774845","dynamic":"0.276134958705300845"},"nft":{"value":4,"dynamic":4,"collections":[false,false,false,false,false,false,false],"collections2":{"89seconds":false,"artBlocks":false,"boredApes":false,"cryptoPunks":false,"ksoids":false,"meebits":false,"omnimorphs":false}}},"floor":0.05},{"timestamp":1640989646,"price":0.045,"block_number":13915745,"account":{"address":"0xed1fc0790c07e4be9f47d566ac613ff5912010aa","tx_count":28,"eth":{"value":"0.211764777387768197","dynamic":"0.211030465251294197"},"nft":{"value":5,"dynamic":5,"collections":[false,false,false,false,false,false,false],"collections2":{"89seconds":false,"artBlocks":false,"boredApes":false,"cryptoPunks":false,"ksoids":false,"meebits":false,"omnimorphs":false}}},"floor":0.0599},{"timestamp":1641005082,"price":0.05,"block_number":13916912,"account":{"address":"0xed1fc0790c07e4be9f47d566ac613ff5912010aa","tx_count":30,"eth":{"value":"0.141789160830807251","dynamic":"0.141054848694333251"},"nft":{"value":5,"dynamic":5,"collections":[false,false,false,false,false,false,false],"collections2":{"89seconds":false,"artBlocks":false,"boredApes":false,"cryptoPunks":false,"ksoids":false,"meebits":false,"omnimorphs":false}}},"floor":0.058}]}