{"uuid":"93438c84-53fb-485e-a5db-348cfff54bd9","token_id":335,"color":4,"transactions":[{"timestamp":1634206509,"price":0.10301,"block_number":13415733,"account":{"address":"0x439016804a0f0a9b5cbaf82461573ca0a5e38e88","tx_count":73,"eth":{"value":"1.241514177073823161","dynamic":"1.241514177073823161"},"nft":{"value":27,"dynamic":27,"collections":[false,false,false,false,false,false,false],"collections2":{"89seconds":false,"artBlocks":false,"boredApes":false,"cryptoPunks":false,"ksoids":false,"meebits":false,"omnimorphs":false}}},"floor":0.10301},{"timestamp":1634954859,"price":0.14,"block_number":13471119,"account":{"address":"0xc5e38233cc0d7cff9340e6139367aba498ec9b18","tx_count":2955,"eth":{"value":"67.7630099280664721","dynamic":"63.386054206753615375"},"nft":{"value":2033,"dynamic":-302,"collections":[false,false,false,false,false,false,false],"collections2":{"89seconds":false,"artBlocks":true,"boredApes":false,"cryptoPunks":true,"ksoids":true,"meebits":true,"omnimorphs":true}}},"floor":0.10935000000000002},{"timestamp":1638972788,"price":0.1,"block_number":13765248,"account":{"address":"0xc35a5fec6be6957899e15559be252db882220b37","tx_count":30031,"eth":{"value":"25.613686363693643015","dynamic":"-6.2504590124405036"},"nft":{"value":3330,"dynamic":624,"collections":[false,false,false,false,false,false,false],"collections2":{"89seconds":true,"artBlocks":true,"boredApes":true,"cryptoPunks":true,"ksoids":true,"meebits":true,"omnimorphs":false}}},"floor":0.0836},{"timestamp":1638973562,"price":0.112,"block_number":13765296,"account":{"address":"0xc5e38233cc0d7cff9340e6139367aba498ec9b18","tx_count":3126,"eth":{"value":"8.936161087998481599","dynamic":"-67.35619414455509053"},"nft":{"value":2231,"dynamic":580,"collections":[false,false,false,false,false,false,false],"collections2":{"89seconds":false,"artBlocks":true,"boredApes":false,"cryptoPunks":false,"ksoids":true,"meebits":true,"omnimorphs":true}}},"floor":0.0836}]}