{"uuid":"7cdf2148-563a-4187-8e31-c31605e0db6a","token_id":342,"color":3,"transactions":[{"timestamp":1634206867,"price":0.10301,"block_number":13415754,"account":{"address":"0xd15d558cb022566ce7c291d1f229420bca842349","tx_count":137,"eth":{"value":"1.192243862239192433","dynamic":"1.192243862239192433"},"nft":{"value":31,"dynamic":31,"collections":[false,false,false,false,false,false,false],"collections2":{"89seconds":false,"artBlocks":false,"boredApes":false,"cryptoPunks":false,"ksoids":false,"meebits":false,"omnimorphs":false}}},"floor":0.10301},{"timestamp":1634441758,"price":0.194,"block_number":13433080,"account":{"address":"0x1e107a7e42aca8609a44aaaa54abd72755f8eab1","tx_count":8,"eth":{"value":"0.102479954353171847","dynamic":"0.087825930097383534"},"nft":{"value":2,"dynamic":2,"collections":[false,false,false,false,false,false,false],"collections2":{"89seconds":false,"artBlocks":false,"boredApes":false,"cryptoPunks":false,"ksoids":false,"meebits":false,"omnimorphs":false}}},"floor":0.10301}]}