{"uuid":"c4b66d6a-f42d-4134-b546-8cce74935649","token_id":346,"color":4,"transactions":[{"timestamp":1634206885,"price":0.10301,"block_number":13415755,"account":{"address":"0xfb47779fb0f59750fc714ba61a7859b059bbd3e6","tx_count":257,"eth":{"value":"13.669979556967506186","dynamic":"13.669979556967506186"},"nft":{"value":78,"dynamic":78,"collections":[false,false,false,false,false,false,false],"collections2":{"ksoids":false}}},"floor":0.10301},{"timestamp":1634825901,"price":0.1499,"block_number":13461510,"account":{"address":"0x1592ecc943066244b5a705c6e8c1a94baa6a06e0","tx_count":302,"eth":{"value":"0.761486394815641956","dynamic":"0.761234394815641956"},"nft":{"value":97,"dynamic":94,"collections":[false,false,false,false,false,false,false],"collections2":{"89seconds":false,"artBlocks":false,"boredApes":false,"cryptoPunks":false,"ksoids":false,"meebits":false,"omnimorphs":true}}},"floor":0.12}]}