{"uuid":"eede7985-eb1d-42b5-ad1d-19e86d3d03b4","token_id":347,"color":1,"transactions":[{"timestamp":1634206906,"price":0.10301,"block_number":13415756,"account":{"address":"0x47024c554fac0863391dfa6fc36deda9e31c70cf","tx_count":447,"eth":{"value":"5.317516233431113302","dynamic":"5.317516233431113302"},"nft":{"value":201,"dynamic":201,"collections":[false,false,false,false,false,false,false],"collections2":{"89seconds":false,"artBlocks":false,"boredApes":false,"cryptoPunks":false,"ksoids":false,"meebits":false,"omnimorphs":false}}},"floor":0.10301},{"timestamp":1634498034,"price":0.2,"block_number":13437237,"account":{"address":"0x85fa37209154b102efd1800babc672781133b905","tx_count":557,"eth":{"value":"3.009138443334987731","dynamic":"1.334954745441193137"},"nft":{"value":111,"dynamic":87,"collections":[false,false,false,false,false,false,false],"collections2":{"89seconds":false,"artBlocks":true,"boredApes":false,"cryptoPunks":false,"ksoids":false,"meebits":false,"omnimorphs":false}}},"floor":0.16191}]}