{"uuid":"ef6d3d20-d09d-4adb-b072-652ada6994da","token_id":341,"color":3,"transactions":[{"timestamp":1634206865,"price":0.10301,"block_number":13415754,"account":{"address":"0xd6e1f99afe6aef1bf0d19d7206a58811c4053ec4","tx_count":155,"eth":{"value":"0.348072052758590743","dynamic":"0.346125399516464187"},"nft":{"value":0,"dynamic":0,"collections":[false,false,false,false,false,false,false],"collections2":{"89seconds":false,"artBlocks":false,"boredApes":false,"cryptoPunks":false,"ksoids":false,"meebits":false,"omnimorphs":false}}},"floor":0.10301},{"timestamp":1634989374,"price":0.142,"block_number":13473546,"account":{"address":"0xe2f8089063da6256084bbeb91371ff55c9aef698","tx_count":21,"eth":{"value":"2.093977980326777681","dynamic":"2.093977980326777681"},"nft":{"value":13,"dynamic":13,"collections":[false,false,false,false,false,false,false],"collections2":{"89seconds":false,"artBlocks":false,"boredApes":false,"cryptoPunks":false,"ksoids":false,"meebits":false,"omnimorphs":false}}},"floor":0.135}]}