{"uuid":"c50188dd-4c43-4d66-8f56-63d6dec704da","token_id":348,"color":0,"transactions":[{"timestamp":1634206913,"price":0.10301,"block_number":13415756,"account":{"address":"0x47024c554fac0863391dfa6fc36deda9e31c70cf","tx_count":447,"eth":{"value":"5.317516233431113302","dynamic":"5.317516233431113302"},"nft":{"value":201,"dynamic":201,"collections":[false,false,false,false,false,false,false],"collections2":{"89seconds":false,"artBlocks":false,"boredApes":false,"cryptoPunks":false,"ksoids":false,"meebits":false,"omnimorphs":false}}},"floor":0.10301},{"timestamp":1634827669,"price":0.2,"block_number":13461639,"account":{"address":"0x7dd2bf18c61136286f6476f104fca5d3b85c86f9","tx_count":440,"eth":{"value":"0.310351559594808919","dynamic":"0.244816197268075805"},"nft":{"value":92,"dynamic":89,"collections":[false,false,false,false,false,false,false],"collections2":{"89seconds":false,"artBlocks":false,"boredApes":false,"cryptoPunks":false,"ksoids":true,"meebits":false,"omnimorphs":true}}},"floor":0.115191},{"timestamp":1634896232,"price":0.12,"block_number":13466736,"account":{"address":"0xba9630dff34431eaf4e3184651c95c14ba9c9e30","tx_count":32,"eth":{"value":"0.088897859690456363","dynamic":"0.088897859690456363"},"nft":{"value":14,"dynamic":14,"collections":[false,false,false,false,false,false,false],"collections2":{"89seconds":false,"artBlocks":false,"boredApes":false,"cryptoPunks":false,"ksoids":true,"meebits":false,"omnimorphs":true}}},"floor":0.115},{"timestamp":1634898236,"price":0.122,"block_number":13466874,"account":{"address":"0x7dd2bf18c61136286f6476f104fca5d3b85c86f9","tx_count":455,"eth":{"value":"0.188611618244659816","dynamic":"0.123076255917926702"},"nft":{"value":86,"dynamic":83,"collections":[false,false,false,false,false,false,false],"collections2":{"89seconds":false,"artBlocks":false,"boredApes":false,"cryptoPunks":false,"ksoids":true,"meebits":false,"omnimorphs":true}}},"floor":0.115},{"timestamp":1634950862,"price":0.14,"block_number":13470830,"account":{"address":"0x7dd2bf18c61136286f6476f104fca5d3b85c86f9","tx_count":464,"eth":{"value":"0.050705044471102874","dynamic":"-0.01483031785563024"},"nft":{"value":88,"dynamic":85,"collections":[false,false,false,false,false,false,false],"collections2":{"89seconds":false,"artBlocks":false,"boredApes":false,"cryptoPunks":false,"ksoids":true,"meebits":false,"omnimorphs":true}}},"floor":0.12150000000000001},{"timestamp":1634952102,"price":0.14,"block_number":13470927,"account":{"address":"0x7dd2bf18c61136286f6476f104fca5d3b85c86f9","tx_count":466,"eth":{"value":"0.036149057729471362","dynamic":"-0.029386304597261752"},"nft":{"value":89,"dynamic":86,"collections":[false,false,false,false,false,false,false],"collections2":{"89seconds":false,"artBlocks":false,"boredApes":false,"cryptoPunks":false,"ksoids":true,"meebits":false,"omnimorphs":true}}},"floor":0.12150000000000001},{"timestamp":1635002929,"price":2,"block_number":13474576,"account":{"address":"0x186653cd6335e885246cce7a82c9b0587fbadeed","tx_count":47,"eth":{"value":"0.327496033672180648","dynamic":"0.327496033672180648"},"nft":{"value":30,"dynamic":30,"collections":[false,false,false,false,false,false,false],"collections2":{"89seconds":false,"artBlocks":false,"boredApes":false,"cryptoPunks":false,"ksoids":true,"meebits":true,"omnimorphs":false}}},"floor":0.14}]}