{"uuid":"b416b201-c511-49d0-a7d2-76501a4c599c","token_id":343,"color":0,"transactions":[{"timestamp":1634206872,"price":0.10301,"block_number":13415754,"account":{"address":"0xfb47779fb0f59750fc714ba61a7859b059bbd3e6","tx_count":257,"eth":{"value":"13.669979556967506186","dynamic":"13.669979556967506186"},"nft":{"value":78,"dynamic":78,"collections":[false,false,false,false,false,false,false],"collections2":{"89seconds":false,"artBlocks":false,"boredApes":false,"cryptoPunks":false,"ksoids":false,"meebits":false,"omnimorphs":false}}},"floor":0.10301},{"timestamp":1634208398,"price":0,"block_number":13415868,"account":{"address":"0x2a4b5eb94eec572c3e72f27087948ab05e2fa449","tx_count":767,"eth":{"value":"1.818160585349504264","dynamic":"1.818160585349504264"},"nft":{"value":104,"dynamic":104,"collections":[false,false,false,false,false,false,false],"collections2":{"89seconds":false,"artBlocks":false,"boredApes":false,"cryptoPunks":false,"ksoids":false,"meebits":false,"omnimorphs":false}}},"floor":0.10301},{"timestamp":1634211645,"price":0,"block_number":13416092,"account":{"address":"0xfb47779fb0f59750fc714ba61a7859b059bbd3e6","tx_count":260,"eth":{"value":"13.631113315761260757","dynamic":"13.631113315761260757"},"nft":{"value":78,"dynamic":78,"collections":[false,false,false,false,false,false,false],"collections2":{"89seconds":false,"artBlocks":false,"boredApes":false,"cryptoPunks":false,"ksoids":false,"meebits":false,"omnimorphs":false}}},"floor":0.10301},{"timestamp":1634222652,"price":0,"block_number":13416922,"account":{"address":"0xde39b1efb764ed50398492c6cee3edee772b4e31","tx_count":20,"eth":{"value":"0.009198810417763134","dynamic":"0.009198810417763134"},"nft":{"value":2,"dynamic":2,"collections":[false,false,false,false,false,false,false],"collections2":{"89seconds":false,"artBlocks":false,"boredApes":false,"cryptoPunks":false,"ksoids":false,"meebits":false,"omnimorphs":false}}},"floor":0.10301}]}