{"uuid":"dd79964e-7a73-4b12-999d-f42a43893694","token_id":340,"color":1,"transactions":[{"timestamp":1634206864,"price":0.10301,"block_number":13415754,"account":{"address":"0xba8c2aa61704cc14db988970b227af9a4e9ee5fa","tx_count":286,"eth":{"value":"0.769464920531648135","dynamic":"0.759628441321320015"},"nft":{"value":0,"dynamic":0,"collections":[false,false,false,false,false,false,false],"collections2":{"89seconds":false,"artBlocks":false,"boredApes":false,"cryptoPunks":false,"ksoids":false,"meebits":false,"omnimorphs":false}}},"floor":0.10301},{"timestamp":1634281830,"price":0.21,"block_number":13421212,"account":{"address":"0x90b298f5ff8a52d15c2709087f327af698fe9729","tx_count":5847,"eth":{"value":"37.56303002325658866","dynamic":"37.554631206193187246"},"nft":{"value":1461,"dynamic":629,"collections":[false,false,false,false,false,false,false],"collections2":{"89seconds":false,"artBlocks":false,"boredApes":false,"cryptoPunks":false,"ksoids":false,"meebits":false,"omnimorphs":false}}},"floor":0.18000000000000002}]}