{"uuid":"7ad9c6ae-390a-4e85-8e17-76a9c6b60539","token_id":345,"color":2,"transactions":[{"timestamp":1634206881,"price":0.10301,"block_number":13415754,"account":{"address":"0xfb47779fb0f59750fc714ba61a7859b059bbd3e6","tx_count":257,"eth":{"value":"13.669979556967506186","dynamic":"13.669979556967506186"},"nft":{"value":78,"dynamic":78,"collections":[false,false,false,false,false,false,false],"collections2":{"89seconds":false,"artBlocks":false,"boredApes":false,"cryptoPunks":false,"ksoids":false,"meebits":false,"omnimorphs":false}}},"floor":0.10301},{"timestamp":1634827113,"price":0.1499,"block_number":13461600,"account":{"address":"0x6301add4fb128de9778b8651a2a9278b86761423","tx_count":4963,"eth":{"value":"4.262631786554535063","dynamic":"3.766789677664502937"},"nft":{"value":3167,"dynamic":2343,"collections":[false,false,false,false,false,false,false],"collections2":{"89seconds":true,"artBlocks":true,"boredApes":false,"cryptoPunks":true,"ksoids":false,"meebits":true,"omnimorphs":false}}},"floor":0.12799}]}