{"uuid":"98fc3fcd-c7ab-455c-b178-6dac73df166b","token_id":349,"color":3,"transactions":[{"timestamp":1634206920,"price":0.10301,"block_number":13415756,"account":{"address":"0x47024c554fac0863391dfa6fc36deda9e31c70cf","tx_count":447,"eth":{"value":"5.317516233431113302","dynamic":"5.317516233431113302"},"nft":{"value":201,"dynamic":201,"collections":[false,false,false,false,false,false,false],"collections2":{"89seconds":false,"artBlocks":false,"boredApes":false,"cryptoPunks":false,"ksoids":false,"meebits":false,"omnimorphs":false}}},"floor":0.10301},{"timestamp":1634468936,"price":0.2,"block_number":13435051,"account":{"address":"0xc33d98e88682c883fe32b8f6620660692092d39f","tx_count":423,"eth":{"value":"33968.980072908862887","dynamic":"31055.63431179670894"},"nft":{"value":625,"dynamic":36,"collections":[false,false,false,false,false,false,false],"collections2":{"89seconds":false,"artBlocks":false,"boredApes":false,"cryptoPunks":false,"ksoids":true,"meebits":false,"omnimorphs":false}}},"floor":0.14571900000000002},{"timestamp":1636091296,"price":0.1,"block_number":13554829,"account":{"address":"0x52185a2bbcfd67c1d07963e3575175ee9f95a551","tx_count":197,"eth":{"value":"9.472587660138160466","dynamic":"-4.801035363712113165"},"nft":{"value":10,"dynamic":10,"collections":[false,false,false,false,false,false,false],"collections2":{"89seconds":false,"artBlocks":false,"boredApes":false,"cryptoPunks":false,"ksoids":false,"meebits":false,"omnimorphs":false}}},"floor":0.05301},{"timestamp":1636268023,"price":0.10714285714285714,"block_number":13567913,"account":{"address":"0xc33d98e88682c883fe32b8f6620660692092d39f","tx_count":444,"eth":{"value":"33954.08509017474352","dynamic":"31040.739329062589574"},"nft":{"value":620,"dynamic":31,"collections":[false,false,false,false,false,false,false],"collections2":{"89seconds":false,"artBlocks":false,"boredApes":false,"cryptoPunks":false,"ksoids":false,"meebits":false,"omnimorphs":false}}},"floor":0.07301},{"timestamp":1637398993,"price":0.1,"block_number":13650994,"account":{"address":"0x52185a2bbcfd67c1d07963e3575175ee9f95a551","tx_count":200,"eth":{"value":"8.810351077690144373","dynamic":"-5.463271946160129258"},"nft":{"value":1,"dynamic":1,"collections":[false,false,false,false,false,false,false],"collections2":{"89seconds":false,"artBlocks":false,"boredApes":false,"cryptoPunks":false,"ksoids":false,"meebits":false,"omnimorphs":false}}},"floor":0.088},{"timestamp":1640449121,"price":0.0625,"block_number":13875397,"account":{"address":"0xc33d98e88682c883fe32b8f6620660692092d39f","tx_count":447,"eth":{"value":"33955.77760713616202","dynamic":"33926.883355798506155"},"nft":{"value":71,"dynamic":12,"collections":[false,false,false,false,false,false,false],"collections2":{"89seconds":false,"artBlocks":false,"boredApes":false,"cryptoPunks":false,"ksoids":false,"meebits":false,"omnimorphs":false}}},"floor":0.05}]}