{"uuid":"0862d840-026e-40a2-b58d-a0f866484e28","token_id":344,"color":3,"transactions":[{"timestamp":1634206877,"price":0.10301,"block_number":13415754,"account":{"address":"0xfb47779fb0f59750fc714ba61a7859b059bbd3e6","tx_count":257,"eth":{"value":"13.669979556967506186","dynamic":"13.669979556967506186"},"nft":{"value":78,"dynamic":78,"collections":[false,false,false,false,false,false,false],"collections2":{"89seconds":false,"artBlocks":false,"boredApes":false,"cryptoPunks":false,"ksoids":false,"meebits":false,"omnimorphs":false}}},"floor":0.10301},{"timestamp":1639076444,"price":0.08,"block_number":13772748,"account":{"address":"0xc35a5fec6be6957899e15559be252db882220b37","tx_count":30045,"eth":{"value":"16.422298459034905139","dynamic":"-15.470721917099241476"},"nft":{"value":3306,"dynamic":598,"collections":[false,false,false,false,false,false,false],"collections2":{"89seconds":true,"artBlocks":true,"boredApes":true,"cryptoPunks":true,"ksoids":true,"meebits":true,"omnimorphs":false}}},"floor":0.079}]}