{"uuid":"e360ae62-18e8-4c63-8c94-2eebc72d41b9","token_id":353,"color":4,"transactions":[{"timestamp":1634206980,"price":0.10301,"block_number":13415758,"account":{"address":"0x7cbeab8adc6ce442b5640592134af57eef4bb5a5","tx_count":969,"eth":{"value":"2.852750026857447699","dynamic":"2.852750026857447699"},"nft":{"value":619,"dynamic":619,"collections":[false,false,false,false,false,false,false],"collections2":{"89seconds":false,"artBlocks":false,"boredApes":false,"cryptoPunks":false,"ksoids":false,"meebits":false,"omnimorphs":false}}},"floor":0.10301}]}