{"uuid":"4869a6b6-542c-4031-a6b3-d12ad34b5812","token_id":359,"color":4,"transactions":[{"timestamp":1634206593,"price":0.10301,"block_number":13415736,"account":{"address":"0x03ff18d6f1a9f90e7a37cd228629a159d6576598","tx_count":161,"eth":{"value":"0.833353389554139264","dynamic":"0.833025737717648632"},"nft":{"value":32,"dynamic":32,"collections":[false,false,false,false,false,false,false],"collections2":{"89seconds":false,"artBlocks":false,"boredApes":false,"cryptoPunks":false,"ksoids":false,"meebits":false,"omnimorphs":false}}},"floor":0.10301},{"timestamp":1636955439,"price":0.068,"block_number":13618604,"account":{"address":"0x0ab0c7cd1187561d39ee6ca9081c940e22dbc26f","tx_count":5,"eth":{"value":"0.07193876544846475","dynamic":"0.07193876544846475"},"nft":{"value":2,"dynamic":2,"collections":[false,false,false,false,false,false,false],"collections2":{"89seconds":false,"artBlocks":false,"boredApes":false,"cryptoPunks":false,"ksoids":false,"meebits":false,"omnimorphs":false}}},"floor":0.068}]}