{"uuid":"e277a30b-1898-4daf-b3ec-e7f612451a48","token_id":358,"color":3,"transactions":[{"timestamp":1634207020,"price":0.10301,"block_number":13415761,"account":{"address":"0x694961bcae7990fee772f5391fd4639fc738f013","tx_count":99,"eth":{"value":"0.593703716173790278","dynamic":"0.593703716173790278"},"nft":{"value":69,"dynamic":69,"collections":[false,false,false,false,false,false,false],"collections2":{"89seconds":false,"artBlocks":false,"boredApes":false,"cryptoPunks":false,"ksoids":false,"meebits":false,"omnimorphs":false}}},"floor":0.10301},{"timestamp":1634246998,"price":0.3,"block_number":13418721,"account":{"address":"0x571ce1f54a8024edcb9f38da96206beeef726537","tx_count":133,"eth":{"value":"0.397548221442464148","dynamic":"0.289622059074521326"},"nft":{"value":24,"dynamic":24,"collections":[false,false,false,false,false,false,false],"collections2":{"89seconds":false,"artBlocks":false,"boredApes":false,"cryptoPunks":false,"ksoids":false,"meebits":false,"omnimorphs":false}}},"floor":0.10301},{"timestamp":1634260310,"price":0.189,"block_number":13419666,"account":{"address":"0xcd5e5f1457486eb5a00238c7d4ab9a08aa15160b","tx_count":37,"eth":{"value":"0.138286150115647823","dynamic":"0.117857518365647823"},"nft":{"value":14,"dynamic":14,"collections":[false,false,false,false,false,false,false],"collections2":{"89seconds":false,"artBlocks":false,"boredApes":false,"cryptoPunks":false,"ksoids":false,"meebits":false,"omnimorphs":false}}},"floor":0.2},{"timestamp":1634883935,"price":0.115,"block_number":13465826,"account":{"address":"0xbe5be517537e53f09e88bcdf61da238477dca226","tx_count":150,"eth":{"value":"2.307765340088164469","dynamic":"2.307765340088164469"},"nft":{"value":55,"dynamic":55,"collections":[false,false,false,false,false,false,false],"collections2":{"89seconds":false,"artBlocks":false,"boredApes":false,"cryptoPunks":false,"ksoids":false,"meebits":false,"omnimorphs":false}}},"floor":0.109},{"timestamp":1634886287,"price":0.11,"block_number":13465989,"account":{"address":"0x4184740fd5ff75b1d66aaddd5b9b5772296f8f46","tx_count":407,"eth":{"value":"1.382801485500943826","dynamic":"0.98529774913892682"},"nft":{"value":175,"dynamic":153,"collections":[false,false,false,false,false,false,false],"collections2":{"89seconds":false,"artBlocks":false,"boredApes":false,"cryptoPunks":false,"ksoids":false,"meebits":false,"omnimorphs":false}}},"floor":0.10301},{"timestamp":1634891081,"price":0.115,"block_number":13466356,"account":{"address":"0xbe5be517537e53f09e88bcdf61da238477dca226","tx_count":151,"eth":{"value":"2.599492980088164469","dynamic":"2.599492980088164469"},"nft":{"value":52,"dynamic":52,"collections":[false,false,false,false,false,false,false],"collections2":{"89seconds":false,"artBlocks":false,"boredApes":false,"cryptoPunks":false,"ksoids":false,"meebits":false,"omnimorphs":false}}},"floor":0.109},{"timestamp":1634945748,"price":0.14,"block_number":13470410,"account":{"address":"0xcd5e5f1457486eb5a00238c7d4ab9a08aa15160b","tx_count":63,"eth":{"value":"0.069763615666949744","dynamic":"0.049334983916949744"},"nft":{"value":27,"dynamic":27,"collections":[false,false,false,false,false,false,false],"collections2":{"89seconds":false,"artBlocks":false,"boredApes":false,"cryptoPunks":false,"ksoids":false,"meebits":false,"omnimorphs":false}}},"floor":0.10935000000000002}]}