{"uuid":"f167f384-aced-4add-b24d-74f669a0ffdd","token_id":352,"color":0,"transactions":[{"timestamp":1634206969,"price":0.10301,"block_number":13415757,"account":{"address":"0x7cbeab8adc6ce442b5640592134af57eef4bb5a5","tx_count":969,"eth":{"value":"2.852750026857447699","dynamic":"2.852750026857447699"},"nft":{"value":619,"dynamic":619,"collections":[false,false,false,false,false,false,false],"collections2":{"89seconds":false,"artBlocks":false,"boredApes":false,"cryptoPunks":false,"ksoids":false,"meebits":false,"omnimorphs":false}}},"floor":0.10301}]}