{"uuid":"6c841683-80e7-4018-9ff6-aa65b5c14645","token_id":357,"color":3,"transactions":[{"timestamp":1634207015,"price":0.10301,"block_number":13415761,"account":{"address":"0xe14d8853cc2095f26cf0b517fbe7160b301d0dfa","tx_count":417,"eth":{"value":"6.629105095620298503","dynamic":"6.620721635620298503"},"nft":{"value":121,"dynamic":121,"collections":[false,false,false,false,false,false,false],"collections2":{"89seconds":false,"artBlocks":false,"boredApes":false,"cryptoPunks":false,"ksoids":false,"meebits":false,"omnimorphs":false}}},"floor":0.10301}]}