{"uuid":"294acb99-5eec-4633-b63f-da2c6a4806bd","token_id":355,"color":3,"transactions":[{"timestamp":1634206997,"price":0.10301,"block_number":13415759,"account":{"address":"0xe14d8853cc2095f26cf0b517fbe7160b301d0dfa","tx_count":417,"eth":{"value":"6.629105095620298503","dynamic":"6.620721635620298503"},"nft":{"value":121,"dynamic":121,"collections":[false,false,false,false,false,false,false],"collections2":{"89seconds":false,"artBlocks":false,"boredApes":false,"cryptoPunks":false,"ksoids":false,"meebits":false,"omnimorphs":false}}},"floor":0.10301},{"timestamp":1634210472,"price":0.267,"block_number":13416013,"account":{"address":"0x1037bec2614c830a4fcc09f0bffedb22c0deff2f","tx_count":92,"eth":{"value":"0.146340132602335852","dynamic":"-0.376101359397664148"},"nft":{"value":14,"dynamic":14,"collections":[false,false,false,false,false,false,false],"collections2":{"ksoids":false}}},"floor":0.10301},{"timestamp":1637447655,"price":0.09,"block_number":13654540,"account":{"address":"0x241365e6eed258ac4a2824424b6802c0240e13eb","tx_count":60,"eth":{"value":"2.17004079587833601","dynamic":"2.17004079587833601"},"nft":{"value":58,"dynamic":58,"collections":[false,false,false,false,false,false,false],"collections2":{"89seconds":true,"artBlocks":false,"boredApes":false,"cryptoPunks":false,"ksoids":true,"meebits":true,"omnimorphs":false}}},"floor":0.09}]}