{"uuid":"613a97ac-2d90-4094-aeab-2c81c184987f","token_id":354,"color":2,"transactions":[{"timestamp":1634206989,"price":0.10301,"block_number":13415758,"account":{"address":"0xe14d8853cc2095f26cf0b517fbe7160b301d0dfa","tx_count":417,"eth":{"value":"6.629105095620298503","dynamic":"6.620721635620298503"},"nft":{"value":121,"dynamic":121,"collections":[false,false,false,false,false,false,false],"collections2":{"89seconds":false,"artBlocks":false,"boredApes":false,"cryptoPunks":false,"ksoids":false,"meebits":false,"omnimorphs":false}}},"floor":0.10301}]}