{"uuid":"289c9e36-8bb9-4bed-bbc5-2fbfcbb1c906","token_id":350,"color":1,"transactions":[{"timestamp":1634206939,"price":0.10301,"block_number":13415756,"account":{"address":"0x0764dc400c280ff2b6d1f0582969c0c668271340","tx_count":3406,"eth":{"value":"0.384724573811506837","dynamic":"0.366175908373830216"},"nft":{"value":470,"dynamic":445,"collections":[false,false,false,false,false,false,false],"collections2":{"89seconds":false,"artBlocks":false,"boredApes":false,"cryptoPunks":false,"ksoids":false,"meebits":false,"omnimorphs":false}}},"floor":0.10301},{"timestamp":1635251999,"price":0.13,"block_number":13493061,"account":{"address":"0xc35a5fec6be6957899e15559be252db882220b37","tx_count":29483,"eth":{"value":"34.071946533136591894","dynamic":"26.810623491455220457"},"nft":{"value":6808,"dynamic":796,"collections":[false,false,false,false,false,false,false],"collections2":{"89seconds":true,"artBlocks":true,"boredApes":true,"cryptoPunks":true,"ksoids":true,"meebits":true,"omnimorphs":false}}},"floor":0.10301}]}