{"uuid":"32f7550b-3726-42b4-a340-5df4c60bc21e","token_id":351,"color":4,"transactions":[{"timestamp":1634206952,"price":0.10301,"block_number":13415756,"account":{"address":"0x0764dc400c280ff2b6d1f0582969c0c668271340","tx_count":3406,"eth":{"value":"0.384724573811506837","dynamic":"0.366175908373830216"},"nft":{"value":470,"dynamic":445,"collections":[false,false,false,false,false,false,false],"collections2":{"89seconds":false,"artBlocks":false,"boredApes":false,"cryptoPunks":false,"ksoids":false,"meebits":false,"omnimorphs":false}}},"floor":0.10301},{"timestamp":1634766037,"price":0.12,"block_number":13457020,"account":{"address":"0x4a3d2b1796c4cca1f3e4d37542d4773200e5474c","tx_count":28,"eth":{"value":"0.169506941138217773","dynamic":"0.169506941138217773"},"nft":{"value":20,"dynamic":20,"collections":[false,false,false,false,false,false,false],"collections2":{"89seconds":false,"artBlocks":false,"boredApes":false,"cryptoPunks":false,"ksoids":false,"meebits":false,"omnimorphs":false}}},"floor":0.10301}]}