{"uuid":"a45c8688-35e0-4aec-9957-0a441e65fef4","token_id":356,"color":0,"transactions":[{"timestamp":1634207005,"price":0.10301,"block_number":13415759,"account":{"address":"0xe14d8853cc2095f26cf0b517fbe7160b301d0dfa","tx_count":417,"eth":{"value":"6.629105095620298503","dynamic":"6.620721635620298503"},"nft":{"value":121,"dynamic":121,"collections":[false,false,false,false,false,false,false],"collections2":{"89seconds":false,"artBlocks":false,"boredApes":false,"cryptoPunks":false,"ksoids":false,"meebits":false,"omnimorphs":false}}},"floor":0.10301}]}