{"uuid":"afddfe3e-b697-4b0c-81a6-2cb913e58599","token_id":363,"color":1,"transactions":[{"timestamp":1634207043,"price":0.10301,"block_number":13415767,"account":{"address":"0x4dc2e00c88b8c9e3c2bf090d7854770640daf27f","tx_count":385,"eth":{"value":"0.210022892553589623","dynamic":"-0.903499355376601604"},"nft":{"value":243,"dynamic":237,"collections":[false,false,false,false,false,false,false],"collections2":{"boredApes":false,"meebits":false}}},"floor":0.10301},{"timestamp":1638469805,"price":0.06,"block_number":13728915,"account":{"address":"0x91e240e7313656dd15694033b4eecdc598c0ef7a","tx_count":13,"eth":{"value":"0.017548552784606831","dynamic":"0.017548552784606831"},"nft":{"value":3,"dynamic":3,"collections":[false,false,false,false,false,false,false],"collections2":{"89seconds":false,"artBlocks":false,"boredApes":false,"cryptoPunks":false,"ksoids":false,"meebits":false,"omnimorphs":false}}},"floor":0.06}]}