{"uuid":"16c8140f-5319-4695-af65-61d1a04c195c","token_id":368,"color":3,"transactions":[{"timestamp":1634207085,"price":0.10301,"block_number":13415769,"account":{"address":"0x3100720c02f6c952b2212567845c09a5e3fc3c1b","tx_count":362,"eth":{"value":"0.382392223403939671","dynamic":"-10.844516940950130028"},"nft":{"value":12,"dynamic":12,"collections":[false,false,false,false,false,false,false],"collections2":{"89seconds":true,"artBlocks":false,"boredApes":false,"cryptoPunks":false,"ksoids":false,"meebits":false,"omnimorphs":false}}},"floor":0.10301}]}