{"uuid":"d883e593-ccfe-486c-b4bc-e278a59063ed","token_id":364,"color":5,"transactions":[{"timestamp":1634207047,"price":0.10301,"block_number":13415767,"account":{"address":"0xba3e6e7918f2b767930294545988b8143257518b","tx_count":37,"eth":{"value":"0.870888619234168302","dynamic":"0.864461329234168302"},"nft":{"value":103,"dynamic":102,"collections":[false,false,false,false,false,false,false],"collections2":{"89seconds":false,"artBlocks":false,"boredApes":false,"cryptoPunks":false,"ksoids":false,"meebits":false,"omnimorphs":false}}},"floor":0.10301}]}