{"uuid":"9b6fdf00-9bc7-4534-ad6b-12af1b2ffc90","token_id":366,"color":2,"transactions":[{"timestamp":1634207068,"price":0.10301,"block_number":13415767,"account":{"address":"0x04cba99bf19958470d03be77fd1936c1ac73784d","tx_count":582,"eth":{"value":"0.074230649061942034","dynamic":"0.041364453963271196"},"nft":{"value":310,"dynamic":285,"collections":[false,false,false,false,false,false,false],"collections2":{"89seconds":false,"artBlocks":false,"boredApes":true,"cryptoPunks":false,"ksoids":false,"meebits":false,"omnimorphs":false}}},"floor":0.10301},{"timestamp":1634259288,"price":0.19,"block_number":13419600,"account":{"address":"0xef8bf5c8549bf47b9a62f8ae515de66e690f41ea","tx_count":7,"eth":{"value":"4.822014394","dynamic":"4.822014394"},"nft":{"value":49,"dynamic":49,"collections":[false,false,false,false,false,false,false],"collections2":{"89seconds":false,"artBlocks":false,"boredApes":false,"cryptoPunks":false,"ksoids":false,"meebits":false,"omnimorphs":true}}},"floor":0.10301},{"timestamp":1634259679,"price":0.19,"block_number":13419627,"account":{"address":"0x202b01344af9b0349817c0df98ec8d78491d2478","tx_count":284,"eth":{"value":"1.9611713456516685","dynamic":"1.073945467870452493"},"nft":{"value":121,"dynamic":121,"collections":[false,false,false,false,false,false,false],"collections2":{"89seconds":false,"artBlocks":false,"boredApes":false,"cryptoPunks":false,"ksoids":false,"meebits":false,"omnimorphs":false}}},"floor":0.18000000000000002},{"timestamp":1634348973,"price":0.14,"block_number":13426185,"account":{"address":"0xaae665095ebf1b7b64de7e997a59b1b1dc078e04","tx_count":132,"eth":{"value":"0.119841750426914375","dynamic":"0.113590343426914375"},"nft":{"value":73,"dynamic":73,"collections":[false,false,false,false,false,false,false],"collections2":{"89seconds":false,"artBlocks":false,"boredApes":false,"cryptoPunks":false,"ksoids":false,"meebits":false,"omnimorphs":false}}},"floor":0.150634515941999},{"timestamp":1634349446,"price":0.145,"block_number":13426213,"account":{"address":"0x5a1bd9dcf079d07e6ae02cba6818c2520226eb53","tx_count":214,"eth":{"value":"2.013083833238687871","dynamic":"2.013083833238687871"},"nft":{"value":42,"dynamic":42,"collections":[false,false,false,false,false,false,false],"collections2":{"89seconds":false,"artBlocks":false,"boredApes":false,"cryptoPunks":false,"ksoids":false,"meebits":false,"omnimorphs":false}}},"floor":0.13},{"timestamp":1634350455,"price":0.14,"block_number":13426279,"account":{"address":"0x092e7acb2c8f13546ccff96bc6a6005ae9fe5162","tx_count":358,"eth":{"value":"1.225146144482625846","dynamic":"1.225146144482625846"},"nft":{"value":209,"dynamic":209,"collections":[false,false,false,false,false,false,false],"collections2":{"89seconds":false,"artBlocks":false,"boredApes":false,"cryptoPunks":false,"ksoids":false,"meebits":false,"omnimorphs":true}}},"floor":0.10301}]}