{"uuid":"f99c5aad-3f81-4931-8db7-24a78d0576ae","token_id":360,"color":5,"transactions":[{"timestamp":1634207027,"price":0.10301,"block_number":13415764,"account":{"address":"0x4dc2e00c88b8c9e3c2bf090d7854770640daf27f","tx_count":385,"eth":{"value":"0.210022892553589623","dynamic":"-0.903499355376601604"},"nft":{"value":243,"dynamic":237,"collections":[false,false,false,false,false,false,false],"collections2":{"cryptoPunks":false}}},"floor":0.10301},{"timestamp":1638472706,"price":0.06,"block_number":13729113,"account":{"address":"0xb2401d7fdc502e8d2b81c6f2632f801e213992a4","tx_count":2,"eth":{"value":"0.334895316242800929","dynamic":"0.334895316242800929"},"nft":{"value":2,"dynamic":2,"collections":[false,false,false,false,false,false,false],"collections2":{"89seconds":false,"artBlocks":false,"boredApes":false,"cryptoPunks":false,"ksoids":false,"meebits":false,"omnimorphs":false}}},"floor":0.06}]}