{"uuid":"fddd8fbf-5845-4423-97fa-e034e471b9cf","token_id":365,"color":0,"transactions":[{"timestamp":1634207049,"price":0.10301,"block_number":13415767,"account":{"address":"0xba3e6e7918f2b767930294545988b8143257518b","tx_count":37,"eth":{"value":"0.870888619234168302","dynamic":"0.864461329234168302"},"nft":{"value":103,"dynamic":102,"collections":[false,false,false,false,false,false,false],"collections2":{"89seconds":false,"artBlocks":false,"boredApes":false,"cryptoPunks":false,"ksoids":false,"meebits":false,"omnimorphs":false}}},"floor":0.10301},{"timestamp":1634485365,"price":0.19,"block_number":13436289,"account":{"address":"0x876d5e75fd43f2ef4a198726f323e5adc9dab673","tx_count":27,"eth":{"value":"2.006463385724514817","dynamic":"2.006463385724514817"},"nft":{"value":14,"dynamic":14,"collections":[false,false,false,false,false,false,false],"collections2":{"89seconds":false,"artBlocks":false,"boredApes":false,"cryptoPunks":false,"ksoids":false,"meebits":false,"omnimorphs":false}}},"floor":0.14571900000000002},{"timestamp":1634486511,"price":0.19,"block_number":13436366,"account":{"address":"0x1699f86a565f60fff567f23fc60bb1ef9385b16e","tx_count":97,"eth":{"value":"0.05734449239431983","dynamic":"-0.037048908343375365"},"nft":{"value":26,"dynamic":20,"collections":[false,false,false,false,false,false,false],"collections2":{"89seconds":false,"artBlocks":false,"boredApes":false,"cryptoPunks":false,"ksoids":false,"meebits":false,"omnimorphs":false}}},"floor":0.1799},{"timestamp":1634487995,"price":0.18,"block_number":13436477,"account":{"address":"0x1592ecc943066244b5a705c6e8c1a94baa6a06e0","tx_count":298,"eth":{"value":"0.005071261774299174","dynamic":"0.004819261774299174"},"nft":{"value":102,"dynamic":99,"collections":[false,false,false,false,false,false,false],"collections2":{"89seconds":false,"artBlocks":false,"boredApes":false,"cryptoPunks":false,"ksoids":false,"meebits":false,"omnimorphs":true}}},"floor":0.13114710000000002},{"timestamp":1634494027,"price":0.18,"block_number":13436932,"account":{"address":"0xba3e6e7918f2b767930294545988b8143257518b","tx_count":46,"eth":{"value":"0.396037013994961768","dynamic":"0.389609723994961768"},"nft":{"value":107,"dynamic":106,"collections":[false,false,false,false,false,false,false],"collections2":{"89seconds":false,"artBlocks":false,"boredApes":false,"cryptoPunks":false,"ksoids":false,"meebits":false,"omnimorphs":false}}},"floor":0.10622915100000002}]}