{"uuid":"67bedc2c-aed6-463f-8a34-538462e6ae97","token_id":369,"color":4,"transactions":[{"timestamp":1634207086,"price":0.10301,"block_number":13415769,"account":{"address":"0x3100720c02f6c952b2212567845c09a5e3fc3c1b","tx_count":362,"eth":{"value":"0.382392223403939671","dynamic":"-10.844516940950130028"},"nft":{"value":12,"dynamic":12,"collections":[false,false,false,false,false,false,false],"collections2":{"89seconds":true,"artBlocks":false,"boredApes":false,"cryptoPunks":false,"ksoids":false,"meebits":false,"omnimorphs":false}}},"floor":0.10301},{"timestamp":1636228863,"price":0.123,"block_number":13564980,"account":{"address":"0x8dbbca57ea56290efa14d835bbfd34faf1d89753","tx_count":3424,"eth":{"value":"2.672952883489503439","dynamic":"-14.265740900883650115"},"nft":{"value":2509,"dynamic":821,"collections":[false,false,false,false,false,false,false],"collections2":{"89seconds":true,"artBlocks":true,"boredApes":true,"cryptoPunks":true,"ksoids":true,"meebits":true,"omnimorphs":false}}},"floor":0.05301},{"timestamp":1637330942,"price":0.09,"block_number":13645989,"account":{"address":"0x8dbbca57ea56290efa14d835bbfd34faf1d89753","tx_count":3468,"eth":{"value":"5.689951433898959094","dynamic":"0.578053090680985429"},"nft":{"value":1536,"dynamic":794,"collections":[false,false,false,false,false,false,false],"collections2":{"89seconds":true,"artBlocks":true,"boredApes":true,"cryptoPunks":true,"ksoids":true,"meebits":true,"omnimorphs":false}}},"floor":0.095},{"timestamp":1637333159,"price":0.08571428571428572,"block_number":13646131,"account":{"address":"0x8dbbca57ea56290efa14d835bbfd34faf1d89753","tx_count":3470,"eth":{"value":"4.920601071898959094","dynamic":"-0.191297271319014571"},"nft":{"value":1536,"dynamic":794,"collections":[false,false,false,false,false,false,false],"collections2":{"89seconds":true,"artBlocks":true,"boredApes":true,"cryptoPunks":true,"ksoids":true,"meebits":true,"omnimorphs":false}}},"floor":0.093},{"timestamp":1637348955,"price":0.0875,"block_number":13647325,"account":{"address":"0x8dbbca57ea56290efa14d835bbfd34faf1d89753","tx_count":3472,"eth":{"value":"4.048483731898959094","dynamic":"-1.063414611319014571"},"nft":{"value":1537,"dynamic":795,"collections":[false,false,false,false,false,false,false],"collections2":{"89seconds":true,"artBlocks":true,"boredApes":true,"cryptoPunks":true,"ksoids":true,"meebits":true,"omnimorphs":false}}},"floor":0.095}]}