{"uuid":"c96c42d3-362a-4b06-a286-eb4778c05c64","token_id":367,"color":3,"transactions":[{"timestamp":1634207083,"price":0.10301,"block_number":13415769,"account":{"address":"0x04cba99bf19958470d03be77fd1936c1ac73784d","tx_count":582,"eth":{"value":"0.074230649061942034","dynamic":"0.041364453963271196"},"nft":{"value":310,"dynamic":285,"collections":[false,false,false,false,false,false,false],"collections2":{"89seconds":false,"ksoids":false}}},"floor":0.10301},{"timestamp":1634221330,"price":0.22,"block_number":13416820,"account":{"address":"0xb81d7892fa8605a55885592e5c78a294754d272a","tx_count":902,"eth":{"value":"8.901437248681569776","dynamic":"8.444896850893280108"},"nft":{"value":111,"dynamic":107,"collections":[false,false,false,false,false,false,false],"collections2":{"89seconds":false,"artBlocks":false,"boredApes":false,"cryptoPunks":false,"ksoids":false,"meebits":false,"omnimorphs":false}}},"floor":0.10301},{"timestamp":1640705036,"price":0.048,"block_number":13894517,"account":{"address":"0xbb18f629a76b91d6858e6126cecc47e61f6cebdd","tx_count":142,"eth":{"value":"0.061657423090950426","dynamic":"0.061657423090950426"},"nft":{"value":2,"dynamic":2,"collections":[false,false,false,false,false,false,false],"collections2":{"89seconds":false,"artBlocks":false,"boredApes":false,"cryptoPunks":false,"ksoids":false,"meebits":false,"omnimorphs":false}}},"floor":0.048}]}