{"uuid":"8984ab4d-a946-4d89-ab38-5127266a210f","token_id":362,"color":3,"transactions":[{"timestamp":1634207038,"price":0.10301,"block_number":13415766,"account":{"address":"0x4dc2e00c88b8c9e3c2bf090d7854770640daf27f","tx_count":385,"eth":{"value":"0.210022892553589623","dynamic":"-0.903499355376601604"},"nft":{"value":243,"dynamic":237,"collections":[false,false,false,false,false,false,false],"collections2":{"89seconds":false,"artBlocks":false,"boredApes":false,"cryptoPunks":false,"ksoids":false,"meebits":true,"omnimorphs":false}}},"floor":0.10301},{"timestamp":1638707782,"price":0.07,"block_number":13746121,"account":{"address":"0x0a267cf51ef038fc00e71801f5a524aec06e4f07","tx_count":1,"eth":{"value":"0","dynamic":"0"},"nft":{"value":8,"dynamic":8,"collections":[false,false,false,false,false,false,false],"collections2":{"89seconds":false,"artBlocks":false,"boredApes":false,"cryptoPunks":false,"ksoids":false,"meebits":false,"omnimorphs":false}}},"floor":0.0594}]}