{"uuid":"839f11cf-b6b4-42e7-b40d-594fce2ff29f","token_id":361,"color":4,"transactions":[{"timestamp":1634207033,"price":0.10301,"block_number":13415765,"account":{"address":"0x4dc2e00c88b8c9e3c2bf090d7854770640daf27f","tx_count":385,"eth":{"value":"0.210022892553589623","dynamic":"-0.903499355376601604"},"nft":{"value":243,"dynamic":237,"collections":[false,false,false,false,false,false,false],"collections2":{"89seconds":false,"artBlocks":false,"boredApes":false,"cryptoPunks":false,"ksoids":false,"meebits":true,"omnimorphs":false}}},"floor":0.10301},{"timestamp":1639748528,"price":0.07,"block_number":13822933,"account":{"address":"0xe5fccbbc11e4a36a77e9d8e47a9b28ec44e2e2ff","tx_count":13,"eth":{"value":"13.16833267699775798","dynamic":"13.11379188599775798"},"nft":{"value":68,"dynamic":25,"collections":[false,false,false,false,false,false,false],"collections2":{"89seconds":false,"artBlocks":true,"boredApes":false,"cryptoPunks":false,"ksoids":false,"meebits":true,"omnimorphs":false}}},"floor":0.07}]}