{"uuid":"6ba8ffcf-54aa-4da5-bd7e-90fddc46c345","token_id":379,"color":4,"transactions":[{"timestamp":1634207113,"price":0.10301,"block_number":13415771,"account":{"address":"0xd492c4971ef568f33a1255a8b346f572ba65173b","tx_count":524,"eth":{"value":"0.030545315606025782","dynamic":"0.029317022981433837"},"nft":{"value":285,"dynamic":265,"collections":[false,false,false,false,false,false,false],"collections2":{"89seconds":false,"artBlocks":false,"boredApes":false,"cryptoPunks":false,"ksoids":false,"meebits":false,"omnimorphs":false}}},"floor":0.10301}]}