{"uuid":"7545b9f2-7cd8-467a-a6e8-c914d2f60757","token_id":378,"color":0,"transactions":[{"timestamp":1634207105,"price":0.10301,"block_number":13415771,"account":{"address":"0x0dda3757234fb4a8903c1f97828af03793f4fb14","tx_count":61,"eth":{"value":"0.722882381166306677","dynamic":"0.722882381166306677"},"nft":{"value":24,"dynamic":24,"collections":[false,false,false,false,false,false,false],"collections2":{"89seconds":false,"artBlocks":false,"boredApes":false,"cryptoPunks":false,"ksoids":false,"meebits":false,"omnimorphs":false}}},"floor":0.10301}]}