{"uuid":"f8616f3a-f869-417d-8ab8-ebf77fc6e6ff","token_id":377,"color":4,"transactions":[{"timestamp":1634207102,"price":0.10301,"block_number":13415771,"account":{"address":"0x0dda3757234fb4a8903c1f97828af03793f4fb14","tx_count":61,"eth":{"value":"0.722882381166306677","dynamic":"0.722882381166306677"},"nft":{"value":24,"dynamic":24,"collections":[false,false,false,false,false,false,false],"collections2":{"89seconds":false,"artBlocks":false,"boredApes":false,"cryptoPunks":false,"ksoids":false,"meebits":false,"omnimorphs":false}}},"floor":0.10301},{"timestamp":1637334987,"price":0.095,"block_number":13646277,"account":{"address":"0x241365e6eed258ac4a2824424b6802c0240e13eb","tx_count":52,"eth":{"value":"3.070107252237687718","dynamic":"3.070107252237687718"},"nft":{"value":49,"dynamic":49,"collections":[false,false,false,false,false,false,false],"collections2":{"89seconds":true,"artBlocks":false,"boredApes":false,"cryptoPunks":false,"ksoids":true,"meebits":true,"omnimorphs":false}}},"floor":0.095}]}