{"uuid":"fe0522f0-fb8b-4c48-ad69-2229554214e3","token_id":376,"color":0,"transactions":[{"timestamp":1634207099,"price":0.10301,"block_number":13415771,"account":{"address":"0x7bc00be5a427b43a703d91e38754a7e0be1e5341","tx_count":68,"eth":{"value":"0.637607051688145656","dynamic":"0.637607051688145656"},"nft":{"value":19,"dynamic":19,"collections":[false,false,false,false,false,false,false],"collections2":{"89seconds":false,"artBlocks":false,"boredApes":false,"cryptoPunks":false,"ksoids":false,"meebits":false,"omnimorphs":true}}},"floor":0.10301},{"timestamp":1634264945,"price":0.2,"block_number":13420004,"account":{"address":"0xc5b0d67b004563d633ba58a198441e992a12b04d","tx_count":35,"eth":{"value":"7.556941696663977756","dynamic":"-1.379298130336022244"},"nft":{"value":36,"dynamic":22,"collections":[false,false,false,false,false,false,false],"collections2":{"89seconds":false,"artBlocks":false,"boredApes":false,"cryptoPunks":false,"ksoids":true,"meebits":false,"omnimorphs":false}}},"floor":0.10301},{"timestamp":1637405046,"price":0.09090909090909091,"block_number":13651428,"account":{"address":"0xd4ffd5bdc785fe5f8b8d3568ab43b8da8492ca4d","tx_count":209,"eth":{"value":"5968.6995595754493893","dynamic":"1776.0259845371157942"},"nft":{"value":211,"dynamic":210,"collections":[false,false,false,false,false,false,false],"collections2":{"89seconds":false,"artBlocks":false,"boredApes":false,"cryptoPunks":false,"ksoids":true,"meebits":false,"omnimorphs":false}}},"floor":0.098},{"timestamp":1637424198,"price":0.1,"block_number":13652852,"account":{"address":"0xc5b0d67b004563d633ba58a198441e992a12b04d","tx_count":132,"eth":{"value":"38.81649919358603399","dynamic":"29.880259366586033988"},"nft":{"value":30,"dynamic":16,"collections":[false,false,false,false,false,false,false],"collections2":{"89seconds":false,"artBlocks":false,"boredApes":false,"cryptoPunks":false,"ksoids":true,"meebits":false,"omnimorphs":false}}},"floor":0.093},{"timestamp":1640356930,"price":0.06,"block_number":13868499,"account":{"address":"0xd4ffd5bdc785fe5f8b8d3568ab43b8da8492ca4d","tx_count":250,"eth":{"value":"5820.6823670989787605","dynamic":"1628.0087920606451657"},"nft":{"value":28,"dynamic":27,"collections":[false,false,false,false,false,false,false],"collections2":{"89seconds":false,"artBlocks":false,"boredApes":false,"cryptoPunks":true,"ksoids":false,"meebits":false,"omnimorphs":false}}},"floor":0.0499},{"timestamp":1640382686,"price":0.06296296296296296,"block_number":13870434,"account":{"address":"0xc5b0d67b004563d633ba58a198441e992a12b04d","tx_count":190,"eth":{"value":"73.11719017512144745","dynamic":"64.180950348121447446"},"nft":{"value":116,"dynamic":116,"collections":[false,false,false,false,false,false,false],"collections2":{"89seconds":false,"artBlocks":false,"boredApes":false,"cryptoPunks":true,"ksoids":false,"meebits":false,"omnimorphs":false}}},"floor":0.05},{"timestamp":1640400776,"price":0.056666666666666664,"block_number":13871758,"account":{"address":"0xd4ffd5bdc785fe5f8b8d3568ab43b8da8492ca4d","tx_count":263,"eth":{"value":"5814.7572313354374307","dynamic":"1622.0836562971038359"},"nft":{"value":119,"dynamic":118,"collections":[false,false,false,false,false,false,false],"collections2":{"89seconds":false,"artBlocks":false,"boredApes":false,"cryptoPunks":true,"ksoids":false,"meebits":false,"omnimorphs":false}}},"floor":0.05}]}