{"uuid":"822c2c00-db71-4328-b290-48258a4bd0b0","token_id":373,"color":1,"transactions":[{"timestamp":1634207094,"price":0.10301,"block_number":13415770,"account":{"address":"0x0ca5e28503be54e777fddae3ac5f3206bcd46ee9","tx_count":67,"eth":{"value":"2.360389192756922029","dynamic":"1.312108131179909259"},"nft":{"value":22,"dynamic":19,"collections":[false,false,false,false,false,false,false],"collections2":{"89seconds":false,"artBlocks":false,"boredApes":false,"cryptoPunks":false,"ksoids":false,"meebits":true,"omnimorphs":false}}},"floor":0.10301},{"timestamp":1635649281,"price":0.95,"block_number":13522306,"account":{"address":"0x84d763dae3ad34d63050d7288485f3f49877ed27","tx_count":43,"eth":{"value":"0.200091491234010957","dynamic":"-14.372326399165989043"},"nft":{"value":9,"dynamic":7,"collections":[false,false,false,false,false,false,false],"collections2":{"89seconds":false,"artBlocks":false,"boredApes":false,"cryptoPunks":false,"ksoids":false,"meebits":true,"omnimorphs":false}}},"floor":0.05301},{"timestamp":1635994885,"price":0.11,"block_number":13547725,"account":{"address":"0xa081ae42802e0be86f5a6dd9274adf50c9986a1d","tx_count":147,"eth":{"value":"7.095259592270883236","dynamic":"7.095259592270883236"},"nft":{"value":280,"dynamic":280,"collections":[false,false,false,false,false,false,false],"collections2":{"89seconds":false,"artBlocks":false,"boredApes":true,"cryptoPunks":true,"ksoids":false,"meebits":true,"omnimorphs":false}}},"floor":0.05301},{"timestamp":1635995651,"price":0.12,"block_number":13547789,"account":{"address":"0xa081ae42802e0be86f5a6dd9274adf50c9986a1d","tx_count":149,"eth":{"value":"6.941095132480409162","dynamic":"6.941095132480409162"},"nft":{"value":280,"dynamic":280,"collections":[false,false,false,false,false,false,false],"collections2":{"89seconds":false,"artBlocks":false,"boredApes":true,"cryptoPunks":true,"ksoids":false,"meebits":true,"omnimorphs":false}}},"floor":0.05301},{"timestamp":1635996468,"price":0.13,"block_number":13547851,"account":{"address":"0xa081ae42802e0be86f5a6dd9274adf50c9986a1d","tx_count":151,"eth":{"value":"6.777321658450923174","dynamic":"6.777321658450923174"},"nft":{"value":280,"dynamic":280,"collections":[false,false,false,false,false,false,false],"collections2":{"89seconds":false,"artBlocks":false,"boredApes":true,"cryptoPunks":true,"ksoids":false,"meebits":true,"omnimorphs":false}}},"floor":0.05301},{"timestamp":1635997427,"price":0.14,"block_number":13547909,"account":{"address":"0xa081ae42802e0be86f5a6dd9274adf50c9986a1d","tx_count":153,"eth":{"value":"6.594027901460990146","dynamic":"6.594027901460990146"},"nft":{"value":280,"dynamic":280,"collections":[false,false,false,false,false,false,false],"collections2":{"89seconds":false,"artBlocks":false,"boredApes":true,"cryptoPunks":true,"ksoids":false,"meebits":true,"omnimorphs":false}}},"floor":0.05301},{"timestamp":1635998599,"price":0.15,"block_number":13547985,"account":{"address":"0xa081ae42802e0be86f5a6dd9274adf50c9986a1d","tx_count":155,"eth":{"value":"6.40182706897155915","dynamic":"6.40182706897155915"},"nft":{"value":280,"dynamic":280,"collections":[false,false,false,false,false,false,false],"collections2":{"89seconds":false,"artBlocks":false,"boredApes":true,"cryptoPunks":true,"ksoids":false,"meebits":true,"omnimorphs":false}}},"floor":0.05301}]}