{"uuid":"6907f55a-0585-4289-a224-d2c7a830a891","token_id":370,"color":2,"transactions":[{"timestamp":1634207088,"price":0.10301,"block_number":13415769,"account":{"address":"0x0ca5e28503be54e777fddae3ac5f3206bcd46ee9","tx_count":67,"eth":{"value":"2.360389192756922029","dynamic":"1.312108131179909259"},"nft":{"value":22,"dynamic":19,"collections":[false,false,false,false,false,false,false],"collections2":{"89seconds":false,"artBlocks":false,"boredApes":false,"cryptoPunks":false,"ksoids":false,"meebits":true,"omnimorphs":false}}},"floor":0.10301},{"timestamp":1636015628,"price":0.1,"block_number":13549233,"account":{"address":"0x4a8a9bcd144beaa678686f43ccfad8b666260a26","tx_count":68,"eth":{"value":"0.169759943274211655","dynamic":"0.129921371195703797"},"nft":{"value":33,"dynamic":33,"collections":[false,false,false,false,false,false,false],"collections2":{"89seconds":false,"artBlocks":false,"boredApes":false,"cryptoPunks":false,"ksoids":true,"meebits":true,"omnimorphs":true}}},"floor":0.05301},{"timestamp":1636019433,"price":0.1,"block_number":13549525,"account":{"address":"0x0ca5e28503be54e777fddae3ac5f3206bcd46ee9","tx_count":155,"eth":{"value":"0.322839379923639892","dynamic":"-0.723643745653372878"},"nft":{"value":49,"dynamic":46,"collections":[false,false,false,false,false,false,false],"collections2":{"89seconds":false,"artBlocks":false,"boredApes":false,"cryptoPunks":false,"ksoids":true,"meebits":true,"omnimorphs":true}}},"floor":0.05301},{"timestamp":1636261315,"price":0.09,"block_number":13567432,"account":{"address":"0xdaa5bacb610364edc81f7463426f8706bab83d0a","tx_count":21,"eth":{"value":"0.072518792748851525","dynamic":"0.072518792748851525"},"nft":{"value":2,"dynamic":2,"collections":[false,false,false,false,false,false,false],"collections2":{"89seconds":false,"artBlocks":false,"boredApes":true,"cryptoPunks":false,"ksoids":false,"meebits":false,"omnimorphs":false}}},"floor":0.07301},{"timestamp":1636289193,"price":0.1,"block_number":13569434,"account":{"address":"0x0ca5e28503be54e777fddae3ac5f3206bcd46ee9","tx_count":163,"eth":{"value":"0.335735154815322994","dynamic":"-0.710747970761689776"},"nft":{"value":51,"dynamic":48,"collections":[false,false,false,false,false,false,false],"collections2":{"89seconds":false,"artBlocks":false,"boredApes":false,"cryptoPunks":false,"ksoids":true,"meebits":true,"omnimorphs":false}}},"floor":0.07301},{"timestamp":1640018722,"price":0.115,"block_number":13843216,"account":{"address":"0x8dabdbd6f90116d0dd9c2abd597d4ee9eddc47b8","tx_count":353,"eth":{"value":"0.581917577863565125","dynamic":"0.569172554947986485"},"nft":{"value":151,"dynamic":116,"collections":[false,false,false,false,false,false,false],"collections2":{"89seconds":false,"artBlocks":false,"boredApes":true,"cryptoPunks":false,"ksoids":false,"meebits":false,"omnimorphs":false}}},"floor":0.065}]}