{"uuid":"5006176b-a6d0-4377-aaa6-bcd35c06f159","token_id":372,"color":0,"transactions":[{"timestamp":1634207092,"price":0.10301,"block_number":13415770,"account":{"address":"0x0ca5e28503be54e777fddae3ac5f3206bcd46ee9","tx_count":67,"eth":{"value":"2.360389192756922029","dynamic":"1.312108131179909259"},"nft":{"value":22,"dynamic":19,"collections":[false,false,false,false,false,false,false],"collections2":{"89seconds":false,"artBlocks":false,"boredApes":false,"cryptoPunks":false,"ksoids":false,"meebits":true,"omnimorphs":false}}},"floor":0.10301},{"timestamp":1636245930,"price":0.08,"block_number":13566261,"account":{"address":"0x0ca5e28503be54e777fddae3ac5f3206bcd46ee9","tx_count":162,"eth":{"value":"0.35647706300789221","dynamic":"-0.69000606256912056"},"nft":{"value":52,"dynamic":49,"collections":[false,false,false,false,false,false,false],"collections2":{"89seconds":false,"artBlocks":false,"boredApes":false,"cryptoPunks":false,"ksoids":true,"meebits":true,"omnimorphs":false}}},"floor":0.07301},{"timestamp":1636261315,"price":0.09,"block_number":13567432,"account":{"address":"0xdaa5bacb610364edc81f7463426f8706bab83d0a","tx_count":21,"eth":{"value":"0.072518792748851525","dynamic":"0.072518792748851525"},"nft":{"value":2,"dynamic":2,"collections":[false,false,false,false,false,false,false],"collections2":{"89seconds":false,"artBlocks":false,"boredApes":true,"cryptoPunks":false,"ksoids":false,"meebits":false,"omnimorphs":false}}},"floor":0.07301},{"timestamp":1636289193,"price":0.1,"block_number":13569434,"account":{"address":"0x0ca5e28503be54e777fddae3ac5f3206bcd46ee9","tx_count":163,"eth":{"value":"0.335735154815322994","dynamic":"-0.710747970761689776"},"nft":{"value":51,"dynamic":48,"collections":[false,false,false,false,false,false,false],"collections2":{"89seconds":false,"artBlocks":false,"boredApes":false,"cryptoPunks":false,"ksoids":true,"meebits":true,"omnimorphs":false}}},"floor":0.07301},{"timestamp":1636291411,"price":0.09,"block_number":13569603,"account":{"address":"0x0ca5e28503be54e777fddae3ac5f3206bcd46ee9","tx_count":166,"eth":{"value":"0.070402138373288392","dynamic":"-0.976080987203724378"},"nft":{"value":49,"dynamic":46,"collections":[false,false,false,false,false,false,false],"collections2":{"89seconds":false,"artBlocks":false,"boredApes":false,"cryptoPunks":false,"ksoids":true,"meebits":true,"omnimorphs":false}}},"floor":0.07301},{"timestamp":1640080170,"price":0.065,"block_number":13847823,"account":{"address":"0x0ca5e28503be54e777fddae3ac5f3206bcd46ee9","tx_count":301,"eth":{"value":"1.199938713853224514","dynamic":"0.762974291652391164"},"nft":{"value":87,"dynamic":84,"collections":[false,false,false,false,false,false,false],"collections2":{"89seconds":false,"artBlocks":false,"boredApes":false,"cryptoPunks":false,"ksoids":false,"meebits":true,"omnimorphs":false}}},"floor":0.062},{"timestamp":1640088230,"price":0.065,"block_number":13848416,"account":{"address":"0x0ca5e28503be54e777fddae3ac5f3206bcd46ee9","tx_count":305,"eth":{"value":"1.098179403433581008","dynamic":"0.661214981232747658"},"nft":{"value":89,"dynamic":85,"collections":[false,false,false,false,false,false,false],"collections2":{"89seconds":false,"artBlocks":false,"boredApes":false,"cryptoPunks":false,"ksoids":false,"meebits":true,"omnimorphs":false}}},"floor":0.062}]}