{"uuid":"239e4059-06c8-46e4-bcf5-c38ae6ebe0ea","token_id":371,"color":3,"transactions":[{"timestamp":1634207090,"price":0.10301,"block_number":13415770,"account":{"address":"0x0ca5e28503be54e777fddae3ac5f3206bcd46ee9","tx_count":67,"eth":{"value":"2.360389192756922029","dynamic":"1.312108131179909259"},"nft":{"value":22,"dynamic":19,"collections":[false,false,false,false,false,false,false],"collections2":{"89seconds":false,"artBlocks":false,"boredApes":false,"cryptoPunks":false,"ksoids":false,"meebits":true,"omnimorphs":false}}},"floor":0.10301},{"timestamp":1634366563,"price":0.24,"block_number":13427471,"account":{"address":"0x575f034307b489b12ba68febc58e0beb00fb6b1a","tx_count":2,"eth":{"value":"0.246914849616302394","dynamic":"0.246914849616302394"},"nft":{"value":1,"dynamic":1,"collections":[false,false,false,false,false,false,false],"collections2":{"89seconds":false,"artBlocks":false,"boredApes":false,"cryptoPunks":false,"ksoids":false,"meebits":false,"omnimorphs":false}}},"floor":0.147},{"timestamp":1640515400,"price":0.065,"block_number":13880321,"account":{"address":"0xc7faebf9c69ea200aad156e596087acf9675ef7f","tx_count":120,"eth":{"value":"0.432156273557228714","dynamic":"0.432156273557228714"},"nft":{"value":4,"dynamic":4,"collections":[false,false,false,false,false,false,false],"collections2":{"89seconds":false,"artBlocks":true,"boredApes":false,"cryptoPunks":false,"ksoids":false,"meebits":false,"omnimorphs":false}}},"floor":0.056},{"timestamp":1640940813,"price":0.05,"block_number":13912194,"account":{"address":"0xc7faebf9c69ea200aad156e596087acf9675ef7f","tx_count":127,"eth":{"value":"0.973531448380814807","dynamic":"0.973531448380814807"},"nft":{"value":9,"dynamic":9,"collections":[false,false,false,false,false,false,false],"collections2":{"89seconds":false,"artBlocks":true,"boredApes":false,"cryptoPunks":false,"ksoids":false,"meebits":false,"omnimorphs":false}}},"floor":0.044},{"timestamp":1640943534,"price":0.05,"block_number":13912387,"account":{"address":"0xc7faebf9c69ea200aad156e596087acf9675ef7f","tx_count":134,"eth":{"value":"0.585515694807410211","dynamic":"0.585515694807410211"},"nft":{"value":9,"dynamic":9,"collections":[false,false,false,false,false,false,false],"collections2":{"89seconds":false,"artBlocks":true,"boredApes":false,"cryptoPunks":false,"ksoids":false,"meebits":false,"omnimorphs":false}}},"floor":0.045},{"timestamp":1640944927,"price":0.05,"block_number":13912486,"account":{"address":"0xc7faebf9c69ea200aad156e596087acf9675ef7f","tx_count":141,"eth":{"value":"0.203515650149433918","dynamic":"0.203515650149433918"},"nft":{"value":3,"dynamic":3,"collections":[false,false,false,false,false,false,false],"collections2":{"89seconds":false,"artBlocks":true,"boredApes":false,"cryptoPunks":false,"ksoids":false,"meebits":false,"omnimorphs":false}}},"floor":0.045}]}