{"uuid":"6429b5d9-7536-4ca9-811c-34210cbd90ee","token_id":374,"color":0,"transactions":[{"timestamp":1634207095,"price":0.10301,"block_number":13415771,"account":{"address":"0x87b4a0a66e533c8dfcef596b773ef86e7a45f03b","tx_count":3,"eth":{"value":"0.081080682263675068","dynamic":"0.081080682263675068"},"nft":{"value":4,"dynamic":4,"collections":[false,false,false,false,false,false,false],"collections2":{"89seconds":false,"artBlocks":false,"boredApes":false,"cryptoPunks":false,"ksoids":false,"meebits":false,"omnimorphs":false}}},"floor":0.10301},{"timestamp":1634966238,"price":0.141,"block_number":13471893,"account":{"address":"0xb7d6b338e0d4959ec12a09caa08dd9a46eb901fe","tx_count":49,"eth":{"value":"0.54263420642652426","dynamic":"0.54263420642652426"},"nft":{"value":20,"dynamic":20,"collections":[false,false,false,false,false,false,false],"collections2":{"89seconds":false,"artBlocks":false,"boredApes":false,"cryptoPunks":false,"ksoids":false,"meebits":false,"omnimorphs":false}}},"floor":0.135}]}