{"uuid":"edd8bad1-7be3-479b-85bc-fbc42a8f6ca2","token_id":375,"color":3,"transactions":[{"timestamp":1634207096,"price":0.10301,"block_number":13415771,"account":{"address":"0x87b4a0a66e533c8dfcef596b773ef86e7a45f03b","tx_count":3,"eth":{"value":"0.081080682263675068","dynamic":"0.081080682263675068"},"nft":{"value":4,"dynamic":4,"collections":[false,false,false,false,false,false,false],"collections2":{"89seconds":false,"artBlocks":false,"boredApes":false,"cryptoPunks":false,"ksoids":false,"meebits":false,"omnimorphs":false}}},"floor":0.10301},{"timestamp":1634231160,"price":0.325,"block_number":13417569,"account":{"address":"0xfe7362450442d88b5eaec50d144de98c7d1a93b4","tx_count":98,"eth":{"value":"0.796314174264616008","dynamic":"0.761124174264616008"},"nft":{"value":46,"dynamic":45,"collections":[false,false,false,false,false,false,false],"collections2":{"89seconds":false,"artBlocks":false,"boredApes":false,"cryptoPunks":false,"ksoids":false,"meebits":false,"omnimorphs":false}}},"floor":0.10301},{"timestamp":1634914547,"price":0.16,"block_number":13468046,"account":{"address":"0xe7566a01c0af00b90794b1dafaf7eeef23de8678","tx_count":83,"eth":{"value":"0.220614018128311698","dynamic":"0.220614018128311698"},"nft":{"value":4,"dynamic":4,"collections":[false,false,false,false,false,false,false],"collections2":{"89seconds":false,"artBlocks":false,"boredApes":false,"cryptoPunks":false,"ksoids":false,"meebits":false,"omnimorphs":false}}},"floor":0.11421000000000002},{"timestamp":1638798353,"price":0.2,"block_number":13752637,"account":{"address":"0xbd551650cad64d549c2b879032e38283c3bab316","tx_count":206,"eth":{"value":"1.517630241760242668","dynamic":"1.505503110369586242"},"nft":{"value":5,"dynamic":4,"collections":[false,false,false,false,false,false,false],"collections2":{"89seconds":false,"artBlocks":false,"boredApes":false,"cryptoPunks":false,"ksoids":false,"meebits":false,"omnimorphs":false}}},"floor":0.09},{"timestamp":1638954788,"price":0.15,"block_number":13763976,"account":{"address":"0x13c40b97508acda9c797fa9facb33e5579472550","tx_count":17,"eth":{"value":"0.839975083042384879","dynamic":"0.838777635342481879"},"nft":{"value":1,"dynamic":1,"collections":[false,false,false,false,false,false,false],"collections2":{"89seconds":false,"artBlocks":false,"boredApes":false,"cryptoPunks":false,"ksoids":false,"meebits":false,"omnimorphs":false}}},"floor":0.085},{"timestamp":1639068173,"price":0.15,"block_number":13772154,"account":{"address":"0x34ba9dd90fa56cf569c285354f2a9df728380c1d","tx_count":6,"eth":{"value":"0.338925498914344603","dynamic":"0.338925498914344603"},"nft":{"value":0,"dynamic":0,"collections":[false,false,false,false,false,false,false],"collections2":{"89seconds":false,"artBlocks":false,"boredApes":false,"cryptoPunks":false,"ksoids":false,"meebits":false,"omnimorphs":false}}},"floor":0.07},{"timestamp":1639137348,"price":0.08,"block_number":13777250,"account":{"address":"0x34ba9dd90fa56cf569c285354f2a9df728380c1d","tx_count":18,"eth":{"value":"0.837871491532276198","dynamic":"0.837871491532276198"},"nft":{"value":0,"dynamic":0,"collections":[false,false,false,false,false,false,false],"collections2":{"89seconds":false,"artBlocks":false,"boredApes":false,"cryptoPunks":false,"ksoids":false,"meebits":false,"omnimorphs":false}}},"floor":0.08}]}