{"uuid":"194d69a0-0fbd-4ba4-8e77-ffed902f37b9","token_id":389,"color":2,"transactions":[{"timestamp":1634207134,"price":0.10301,"block_number":13415772,"account":{"address":"0x1cccfdbad92675f7212cb264e4fdcbd8699a81de","tx_count":28,"eth":{"value":"0.241868204786676267","dynamic":"0.241868204786676267"},"nft":{"value":19,"dynamic":19,"collections":[false,false,false,false,false,false,false],"collections2":{"89seconds":false,"artBlocks":false,"boredApes":false,"cryptoPunks":false,"ksoids":false,"meebits":false,"omnimorphs":false}}},"floor":0.10301},{"timestamp":1634412839,"price":0.2,"block_number":13430931,"account":{"address":"0x5a84ff45a6400dd3c203317bb1a2ac6ce78c4d9f","tx_count":344,"eth":{"value":"0.60784477965330572","dynamic":"0.100714703958064539"},"nft":{"value":116,"dynamic":106,"collections":[false,false,false,false,false,false,false],"collections2":{"89seconds":false,"artBlocks":false,"boredApes":false,"cryptoPunks":false,"ksoids":false,"meebits":false,"omnimorphs":false}}},"floor":0.10301},{"timestamp":1634463898,"price":0.18,"block_number":13434680,"account":{"address":"0xea57994eb2d110888905fbb9d90dc29a54d0ea3c","tx_count":23,"eth":{"value":"0.025463526507430588","dynamic":"0.025463526507430588"},"nft":{"value":13,"dynamic":13,"collections":[false,false,false,false,false,false,false],"collections2":{"89seconds":false,"artBlocks":false,"boredApes":false,"cryptoPunks":false,"ksoids":false,"meebits":false,"omnimorphs":true}}},"floor":0.16999},{"timestamp":1634464095,"price":0.18,"block_number":13434695,"account":{"address":"0xa43cb1ff1077f668f019fcaab8ee02cc14254964","tx_count":13,"eth":{"value":"1.5593335026462241","dynamic":"1.5593335026462241"},"nft":{"value":7,"dynamic":7,"collections":[false,false,false,false,false,false,false],"collections2":{"89seconds":false,"artBlocks":false,"boredApes":false,"cryptoPunks":false,"ksoids":false,"meebits":false,"omnimorphs":false}}},"floor":0.16999},{"timestamp":1634475404,"price":0.189,"block_number":13435558,"account":{"address":"0xa43cb1ff1077f668f019fcaab8ee02cc14254964","tx_count":15,"eth":{"value":"1.527645187940938165","dynamic":"1.527645187940938165"},"nft":{"value":7,"dynamic":7,"collections":[false,false,false,false,false,false,false],"collections2":{"89seconds":false,"artBlocks":false,"boredApes":false,"cryptoPunks":false,"ksoids":false,"meebits":false,"omnimorphs":false}}},"floor":0.1799},{"timestamp":1634919091,"price":0.47,"block_number":13468399,"account":{"address":"0x15add8ad657fdbf4f2b3874266bd889572aeb26b","tx_count":668,"eth":{"value":"1.142555581570602066","dynamic":"1.007987038206959167"},"nft":{"value":88,"dynamic":88,"collections":[false,false,false,false,false,false,false],"collections2":{"89seconds":false,"artBlocks":false,"boredApes":false,"cryptoPunks":false,"ksoids":false,"meebits":false,"omnimorphs":true}}},"floor":0.13},{"timestamp":1635587488,"price":0.15,"block_number":13517777,"account":{"address":"0xdc01539ab6d7d75c6dc29a0baaf7f3f9f6d1178b","tx_count":26,"eth":{"value":"0.61470752763599275","dynamic":"0.61470752763599275"},"nft":{"value":8,"dynamic":8,"collections":[false,false,false,false,false,false,false],"collections2":{"89seconds":false,"artBlocks":false,"boredApes":false,"cryptoPunks":false,"ksoids":false,"meebits":false,"omnimorphs":false}}},"floor":0.05301}]}