{"uuid":"e9c2751c-856b-4ffd-8886-8d795e31d4a9","token_id":380,"color":2,"transactions":[{"timestamp":1634207115,"price":0.10301,"block_number":13415771,"account":{"address":"0xd15d558cb022566ce7c291d1f229420bca842349","tx_count":137,"eth":{"value":"1.192243862239192433","dynamic":"1.192243862239192433"},"nft":{"value":32,"dynamic":32,"collections":[false,false,false,false,false,false,false],"collections2":{"89seconds":false,"artBlocks":false,"boredApes":false,"cryptoPunks":false,"ksoids":false,"meebits":false,"omnimorphs":false}}},"floor":0.10301},{"timestamp":1634441383,"price":0.19,"block_number":13433045,"account":{"address":"0x512fce9b07ce64590849115ee6b32fd40ec0f5f3","tx_count":7148,"eth":{"value":"0.280422172008723382","dynamic":"-1.383241619581853152"},"nft":{"value":597,"dynamic":566,"collections":[false,false,false,false,false,false,false],"collections2":{"89seconds":false,"artBlocks":false,"boredApes":false,"cryptoPunks":false,"ksoids":false,"meebits":true,"omnimorphs":false}}},"floor":0.10301}]}