{"uuid":"395d89e0-b49c-48fc-8d58-f8948c5ba890","token_id":382,"color":0,"transactions":[{"timestamp":1634207122,"price":0.10301,"block_number":13415772,"account":{"address":"0x9f4fc3283d78cd6884d2c279fb202aa76bbb98ea","tx_count":181,"eth":{"value":"0.13142049307156699","dynamic":"-0.303241026686159274"},"nft":{"value":217,"dynamic":217,"collections":[false,false,false,false,false,false,false],"collections2":{"89seconds":false,"artBlocks":false,"boredApes":false,"cryptoPunks":false,"ksoids":false,"meebits":false,"omnimorphs":false}}},"floor":0.10301},{"timestamp":1634208242,"price":0.23,"block_number":13415860,"account":{"address":"0x02e901710a978e8688e9f6bd4d3c4a9d0d3e5699","tx_count":39,"eth":{"value":"1.17379478229893268","dynamic":"1.17379478229893268"},"nft":{"value":6,"dynamic":6,"collections":[false,false,false,false,false,false,false],"collections2":{"89seconds":false,"artBlocks":false,"boredApes":false,"cryptoPunks":false,"ksoids":false,"meebits":false,"omnimorphs":false}}},"floor":0.10301},{"timestamp":1634228881,"price":0.38,"block_number":13417405,"account":{"address":"0xb6321c5e3d0a97b8d4218bc15ec95bd8d1f7d639","tx_count":598,"eth":{"value":"101.73850660949020625","dynamic":"101.73850660949020625"},"nft":{"value":457,"dynamic":457,"collections":[false,false,false,false,false,false,false],"collections2":{"89seconds":false,"artBlocks":false,"boredApes":false,"cryptoPunks":false,"ksoids":false,"meebits":false,"omnimorphs":false}}},"floor":0.10301}]}