{"uuid":"4cf2c97a-5726-4628-873b-c5015510ea3a","token_id":387,"color":2,"transactions":[{"timestamp":1634207130,"price":0.10301,"block_number":13415772,"account":{"address":"0xa0a7b66706b7f5c178ae49486a1c98b32670c038","tx_count":38,"eth":{"value":"0.470828371079422487","dynamic":"0.470828371079422487"},"nft":{"value":3,"dynamic":3,"collections":[false,false,false,false,false,false,false],"collections2":{"89seconds":false,"artBlocks":false,"boredApes":false,"cryptoPunks":false,"ksoids":false,"meebits":false,"omnimorphs":false}}},"floor":0.10301},{"timestamp":1634225338,"price":0.287,"block_number":13417123,"account":{"address":"0xe1e40d3cb7cc7e7643c2cd62f2477dd810a3ef55","tx_count":50,"eth":{"value":"0.307924437223887758","dynamic":"0.306693527223887758"},"nft":{"value":24,"dynamic":24,"collections":[false,false,false,false,false,false,false],"collections2":{"89seconds":false,"artBlocks":false,"boredApes":false,"cryptoPunks":false,"ksoids":false,"meebits":false,"omnimorphs":false}}},"floor":0.10301}]}