{"uuid":"d775fe1e-9199-43a1-afcc-c8e5bd7cabe2","token_id":388,"color":1,"transactions":[{"timestamp":1634207132,"price":0.10301,"block_number":13415772,"account":{"address":"0x1cccfdbad92675f7212cb264e4fdcbd8699a81de","tx_count":28,"eth":{"value":"0.241868204786676267","dynamic":"0.241868204786676267"},"nft":{"value":19,"dynamic":19,"collections":[false,false,false,false,false,false,false],"collections2":{"89seconds":false,"artBlocks":false,"boredApes":false,"cryptoPunks":false,"ksoids":false,"meebits":false,"omnimorphs":false}}},"floor":0.10301},{"timestamp":1634214007,"price":0.3,"block_number":13416282,"account":{"address":"0xf86eb5215f14af0ec2708653dc8a7c6714648eb1","tx_count":982,"eth":{"value":"0.417293978343576122","dynamic":"-5.592144788531494935"},"nft":{"value":19,"dynamic":19,"collections":[false,false,false,false,false,false,false],"collections2":{"89seconds":false,"artBlocks":false,"boredApes":false,"cryptoPunks":false,"ksoids":false,"meebits":false,"omnimorphs":false}}},"floor":0.10301},{"timestamp":1636047127,"price":0.088,"block_number":13551568,"account":{"address":"0xd1a4f9412d9fb9edca1cd89d9e02956c8aad8e39","tx_count":39,"eth":{"value":"0.326340056403634675","dynamic":"0.230883397816418403"},"nft":{"value":2,"dynamic":2,"collections":[false,false,false,false,false,false,false],"collections2":{"89seconds":false,"artBlocks":false,"boredApes":false,"cryptoPunks":false,"ksoids":false,"meebits":false,"omnimorphs":false}}},"floor":0.05301}]}