{"uuid":"46ecd183-874e-4e13-9d33-1ae9ea139bfe","token_id":381,"color":5,"transactions":[{"timestamp":1634207116,"price":0.10301,"block_number":13415772,"account":{"address":"0x2b698094eecee04ac3488f92776e822026232d9e","tx_count":27,"eth":{"value":"0.886936722036834355","dynamic":"0.886936722036834355"},"nft":{"value":4,"dynamic":4,"collections":[false,false,false,false,false,false,false],"collections2":{"89seconds":false,"artBlocks":false,"boredApes":false,"cryptoPunks":false,"ksoids":false,"meebits":false,"omnimorphs":false}}},"floor":0.10301},{"timestamp":1634208049,"price":0.199,"block_number":13415841,"account":{"address":"0x2a4b5eb94eec572c3e72f27087948ab05e2fa449","tx_count":765,"eth":{"value":"1.83864577426964648","dynamic":"1.83864577426964648"},"nft":{"value":90,"dynamic":90,"collections":[false,false,false,false,false,false,false],"collections2":{"89seconds":false,"artBlocks":false,"boredApes":false,"cryptoPunks":false,"ksoids":false,"meebits":false,"omnimorphs":false}}},"floor":0.10301},{"timestamp":1634208427,"price":0,"block_number":13415870,"account":{"address":"0xfb47779fb0f59750fc714ba61a7859b059bbd3e6","tx_count":259,"eth":{"value":"13.649392349118355857","dynamic":"13.649392349118355857"},"nft":{"value":79,"dynamic":79,"collections":[false,false,false,false,false,false,false],"collections2":{"89seconds":false,"artBlocks":false,"boredApes":false,"cryptoPunks":false,"ksoids":false,"meebits":false,"omnimorphs":false}}},"floor":0.10301},{"timestamp":1634211630,"price":0,"block_number":13416091,"account":{"address":"0x2a4b5eb94eec572c3e72f27087948ab05e2fa449","tx_count":768,"eth":{"value":"1.970155968217874074","dynamic":"1.970155968217874074"},"nft":{"value":88,"dynamic":88,"collections":[false,false,false,false,false,false,false],"collections2":{"89seconds":false,"artBlocks":false,"boredApes":false,"cryptoPunks":false,"ksoids":false,"meebits":false,"omnimorphs":false}}},"floor":0.10301},{"timestamp":1634224512,"price":0.7,"block_number":13417056,"account":{"address":"0x8f8b4759dc93ca55bd6997df719f20f581f10f5c","tx_count":1434,"eth":{"value":"4.25186095769244583","dynamic":"3.285380439901961109"},"nft":{"value":670,"dynamic":653,"collections":[false,false,false,false,false,false,false],"collections2":{"89seconds":false,"artBlocks":false,"boredApes":false,"cryptoPunks":false,"ksoids":false,"meebits":false,"omnimorphs":false}}},"floor":0.10301},{"timestamp":1634430899,"price":0.23,"block_number":13432305,"account":{"address":"0x98cafe8dcfdad3fc591cf431a0d4888960d6052b","tx_count":24,"eth":{"value":"0.60068503798471123","dynamic":"0.60068503798471123"},"nft":{"value":6,"dynamic":6,"collections":[false,false,false,false,false,false,false],"collections2":{"89seconds":false,"artBlocks":false,"boredApes":false,"cryptoPunks":false,"ksoids":false,"meebits":false,"omnimorphs":false}}},"floor":0.10301},{"timestamp":1634432965,"price":0.21,"block_number":13432455,"account":{"address":"0x63d4a56624a4b24dde2f7be35586ce637850010a","tx_count":395,"eth":{"value":"0.183550989225410215","dynamic":"-0.326804894118363326"},"nft":{"value":62,"dynamic":62,"collections":[false,false,false,false,false,false,false],"collections2":{"89seconds":false,"artBlocks":false,"boredApes":false,"cryptoPunks":false,"ksoids":false,"meebits":false,"omnimorphs":false}}},"floor":0.10301}]}