{"uuid":"569ff83f-9090-4e02-821b-0a5223402e5f","token_id":383,"color":5,"transactions":[{"timestamp":1634207123,"price":0.10301,"block_number":13415772,"account":{"address":"0x9f4fc3283d78cd6884d2c279fb202aa76bbb98ea","tx_count":181,"eth":{"value":"0.13142049307156699","dynamic":"-0.303241026686159274"},"nft":{"value":217,"dynamic":217,"collections":[false,false,false,false,false,false,false],"collections2":{"89seconds":false,"artBlocks":false,"boredApes":false,"cryptoPunks":false,"ksoids":false,"meebits":false,"omnimorphs":false}}},"floor":0.10301},{"timestamp":1634209081,"price":0.22,"block_number":13415912,"account":{"address":"0x8da2bebe1be9384afabeba0fb4e394163c43ad7f","tx_count":348,"eth":{"value":"5.335908332968556523","dynamic":"3.043888672968556523"},"nft":{"value":92,"dynamic":92,"collections":[false,false,false,false,false,false,false],"collections2":{"89seconds":false,"artBlocks":false,"boredApes":false,"cryptoPunks":false,"ksoids":false,"meebits":false,"omnimorphs":true}}},"floor":0.10301}]}