{"uuid":"4e81e039-f6a7-4f89-888d-04107d042d4a","token_id":385,"color":5,"transactions":[{"timestamp":1634207127,"price":0.10301,"block_number":13415772,"account":{"address":"0x7a27eab6f0f056210e7145b70bf4954b5e5586d6","tx_count":47,"eth":{"value":"0.141922236914921901","dynamic":"0.141922236914921901"},"nft":{"value":17,"dynamic":17,"collections":[false,false,false,false,false,false,false],"collections2":{"89seconds":false,"artBlocks":false,"boredApes":false,"cryptoPunks":false,"ksoids":false,"meebits":false,"omnimorphs":false}}},"floor":0.10301},{"timestamp":1634760869,"price":0.13,"block_number":13456654,"account":{"address":"0x32ff63b9c6a91e19db06d0c75b8f010ac9a71e5e","tx_count":83,"eth":{"value":"0.413161553872245824","dynamic":"0.378491136740828205"},"nft":{"value":37,"dynamic":30,"collections":[false,false,false,false,false,false,false],"collections2":{"89seconds":false,"artBlocks":false,"boredApes":false,"cryptoPunks":false,"ksoids":false,"meebits":false,"omnimorphs":true}}},"floor":0.10301},{"timestamp":1634761418,"price":0.13,"block_number":13456686,"account":{"address":"0x22adc4d8eb9aa01d85f7e2056397580d9294db10","tx_count":77,"eth":{"value":"2.540877575210504715","dynamic":"2.540877575210504715"},"nft":{"value":36,"dynamic":36,"collections":[false,false,false,false,false,false,false],"collections2":{"89seconds":false,"artBlocks":false,"boredApes":false,"cryptoPunks":false,"ksoids":false,"meebits":false,"omnimorphs":false}}},"floor":0.10301},{"timestamp":1634762629,"price":0.13,"block_number":13456755,"account":{"address":"0x25b5a0d1bad6c45c8c14f966150cdfdc56cae25f","tx_count":101,"eth":{"value":"0.220251765420185795","dynamic":"-0.111025251823160602"},"nft":{"value":13,"dynamic":12,"collections":[false,false,false,false,false,false,false],"collections2":{"89seconds":false,"artBlocks":false,"boredApes":false,"cryptoPunks":false,"ksoids":false,"meebits":false,"omnimorphs":true}}},"floor":0.10301},{"timestamp":1634764088,"price":0.13,"block_number":13456865,"account":{"address":"0x7a27eab6f0f056210e7145b70bf4954b5e5586d6","tx_count":57,"eth":{"value":"0.420506666898739699","dynamic":"0.420506666898739699"},"nft":{"value":16,"dynamic":16,"collections":[false,false,false,false,false,false,false],"collections2":{"89seconds":false,"artBlocks":false,"boredApes":false,"cryptoPunks":false,"ksoids":false,"meebits":false,"omnimorphs":true}}},"floor":0.10301},{"timestamp":1634860036,"price":0.12,"block_number":13464061,"account":{"address":"0x8b63addeecedb2d80253696a1692389e20826d38","tx_count":2,"eth":{"value":"0.038434838986547015","dynamic":"0.038434838986547015"},"nft":{"value":1,"dynamic":1,"collections":[false,false,false,false,false,false,false],"collections2":{"89seconds":false,"artBlocks":false,"boredApes":false,"cryptoPunks":false,"ksoids":false,"meebits":false,"omnimorphs":false}}},"floor":0.122}]}