{"uuid":"62d67e19-a90a-41a3-9817-dec0f57d5ff7","token_id":386,"color":3,"transactions":[{"timestamp":1634207128,"price":0.10301,"block_number":13415772,"account":{"address":"0x7a27eab6f0f056210e7145b70bf4954b5e5586d6","tx_count":47,"eth":{"value":"0.141922236914921901","dynamic":"0.141922236914921901"},"nft":{"value":17,"dynamic":17,"collections":[false,false,false,false,false,false,false],"collections2":{"89seconds":false,"artBlocks":false,"boredApes":false,"cryptoPunks":false,"ksoids":false,"meebits":false,"omnimorphs":false}}},"floor":0.10301},{"timestamp":1636972521,"price":0.07,"block_number":13619839,"account":{"address":"0xc35a5fec6be6957899e15559be252db882220b37","tx_count":29786,"eth":{"value":"28.530889751641494883","dynamic":"24.30197876663509613"},"nft":{"value":800,"dynamic":0,"collections":[false,false,false,false,false,false,false],"collections2":{"89seconds":true,"artBlocks":true,"boredApes":true,"cryptoPunks":true,"ksoids":true,"meebits":true,"omnimorphs":false}}},"floor":0.07},{"timestamp":1638889031,"price":0.08333333333333333,"block_number":13759187,"account":{"address":"0x34558f1219a6c45971c23cae650b2ec3f6a49558","tx_count":586,"eth":{"value":"0.469156479952824414","dynamic":"0.139514212836242246"},"nft":{"value":412,"dynamic":91,"collections":[false,false,false,false,false,false,false],"collections2":{"89seconds":true,"artBlocks":true,"boredApes":false,"cryptoPunks":true,"ksoids":true,"meebits":true,"omnimorphs":false}}},"floor":0.08},{"timestamp":1638916002,"price":0.09033333333333333,"block_number":13761165,"account":{"address":"0xc35a5fec6be6957899e15559be252db882220b37","tx_count":30028,"eth":{"value":"29.60143783906246456","dynamic":"-2.262707537071682055"},"nft":{"value":3306,"dynamic":598,"collections":[false,false,false,false,false,false,false],"collections2":{"89seconds":true,"artBlocks":true,"boredApes":true,"cryptoPunks":true,"ksoids":true,"meebits":true,"omnimorphs":false}}},"floor":0.081},{"timestamp":1639477413,"price":0.06,"block_number":13802733,"account":{"address":"0x03b16ab6e23bdbeeab719d8e4c49d63674876253","tx_count":37218,"eth":{"value":"1.281161099491401324","dynamic":"1.233594951045320518"},"nft":{"value":15,"dynamic":13,"collections":[false,false,false,false,false,false,false],"collections2":{"89seconds":true,"artBlocks":false,"boredApes":false,"cryptoPunks":false,"ksoids":false,"meebits":false,"omnimorphs":false}}},"floor":0.06},{"timestamp":1639478491,"price":0.06,"block_number":13802822,"account":{"address":"0x03b16ab6e23bdbeeab719d8e4c49d63674876253","tx_count":37240,"eth":{"value":"3.915804052430090176","dynamic":"3.86823790398400937"},"nft":{"value":17,"dynamic":15,"collections":[false,false,false,false,false,false,false],"collections2":{"89seconds":true,"artBlocks":false,"boredApes":false,"cryptoPunks":false,"ksoids":false,"meebits":false,"omnimorphs":false}}},"floor":0.06}]}