{"uuid":"6f585612-be5f-47d7-8490-bb9814295722","token_id":384,"color":1,"transactions":[{"timestamp":1634207124,"price":0.10301,"block_number":13415772,"account":{"address":"0x9f4fc3283d78cd6884d2c279fb202aa76bbb98ea","tx_count":181,"eth":{"value":"0.13142049307156699","dynamic":"-0.303241026686159274"},"nft":{"value":217,"dynamic":217,"collections":[false,false,false,false,false,false,false],"collections2":{"89seconds":false,"artBlocks":false,"boredApes":false,"cryptoPunks":false,"ksoids":false,"meebits":false,"omnimorphs":false}}},"floor":0.10301},{"timestamp":1634208611,"price":0.22,"block_number":13415884,"account":{"address":"0xd15d558cb022566ce7c291d1f229420bca842349","tx_count":139,"eth":{"value":"0.944463493525389201","dynamic":"0.944463493525389201"},"nft":{"value":33,"dynamic":33,"collections":[false,false,false,false,false,false,false],"collections2":{"89seconds":false,"artBlocks":false,"boredApes":false,"cryptoPunks":false,"ksoids":false,"meebits":false,"omnimorphs":false}}},"floor":0.10301},{"timestamp":1635120397,"price":0.14,"block_number":13483280,"account":{"address":"0xd15d558cb022566ce7c291d1f229420bca842349","tx_count":248,"eth":{"value":"5.39704071422591256","dynamic":"5.39704071422591256"},"nft":{"value":46,"dynamic":46,"collections":[false,false,false,false,false,false,false],"collections2":{"89seconds":false,"artBlocks":false,"boredApes":false,"cryptoPunks":false,"ksoids":false,"meebits":false,"omnimorphs":false}}},"floor":0.1489},{"timestamp":1635125163,"price":0.14,"block_number":13483630,"account":{"address":"0xd15d558cb022566ce7c291d1f229420bca842349","tx_count":252,"eth":{"value":"5.222681957651367984","dynamic":"5.222681957651367984"},"nft":{"value":46,"dynamic":46,"collections":[false,false,false,false,false,false,false],"collections2":{"89seconds":false,"artBlocks":false,"boredApes":false,"cryptoPunks":false,"ksoids":false,"meebits":false,"omnimorphs":false}}},"floor":0.1489},{"timestamp":1635146884,"price":0.14,"block_number":13485236,"account":{"address":"0xd15d558cb022566ce7c291d1f229420bca842349","tx_count":254,"eth":{"value":"5.384429439599316409","dynamic":"5.384429439599316409"},"nft":{"value":45,"dynamic":45,"collections":[false,false,false,false,false,false,false],"collections2":{"89seconds":false,"artBlocks":false,"boredApes":false,"cryptoPunks":false,"ksoids":false,"meebits":false,"omnimorphs":false}}},"floor":0.10301},{"timestamp":1635147649,"price":0.14,"block_number":13485298,"account":{"address":"0xd15d558cb022566ce7c291d1f229420bca842349","tx_count":257,"eth":{"value":"5.224102586307965901","dynamic":"5.224102586307965901"},"nft":{"value":45,"dynamic":45,"collections":[false,false,false,false,false,false,false],"collections2":{"89seconds":false,"artBlocks":false,"boredApes":false,"cryptoPunks":false,"ksoids":false,"meebits":false,"omnimorphs":false}}},"floor":0.10301},{"timestamp":1635147894,"price":0.14,"block_number":13485317,"account":{"address":"0xd15d558cb022566ce7c291d1f229420bca842349","tx_count":259,"eth":{"value":"5.065492071843560225","dynamic":"5.065492071843560225"},"nft":{"value":45,"dynamic":45,"collections":[false,false,false,false,false,false,false],"collections2":{"89seconds":false,"artBlocks":false,"boredApes":false,"cryptoPunks":false,"ksoids":false,"meebits":false,"omnimorphs":false}}},"floor":0.10301}]}