{"uuid":"6921e8d4-e199-4f3a-b595-ccce176c6fb6","token_id":390,"color":3,"transactions":[{"timestamp":1634207136,"price":0.10301,"block_number":13415772,"account":{"address":"0x1cccfdbad92675f7212cb264e4fdcbd8699a81de","tx_count":28,"eth":{"value":"0.241868204786676267","dynamic":"0.241868204786676267"},"nft":{"value":19,"dynamic":19,"collections":[false,false,false,false,false,false,false],"collections2":{"89seconds":false,"artBlocks":false,"boredApes":false,"cryptoPunks":false,"ksoids":false,"meebits":false,"omnimorphs":false}}},"floor":0.10301},{"timestamp":1634364305,"price":0.15,"block_number":13427303,"account":{"address":"0xa43cb1ff1077f668f019fcaab8ee02cc14254964","tx_count":10,"eth":{"value":"0.895087273680797395","dynamic":"0.895087273680797395"},"nft":{"value":7,"dynamic":7,"collections":[false,false,false,false,false,false,false],"collections2":{"89seconds":false,"artBlocks":false,"boredApes":false,"cryptoPunks":false,"ksoids":false,"meebits":false,"omnimorphs":false}}},"floor":0.10301},{"timestamp":1634463468,"price":0.18,"block_number":13434646,"account":{"address":"0x5a84ff45a6400dd3c203317bb1a2ac6ce78c4d9f","tx_count":345,"eth":{"value":"0.415018660971953458","dynamic":"-0.092111414723287723"},"nft":{"value":117,"dynamic":107,"collections":[false,false,false,false,false,false,false],"collections2":{"89seconds":false,"artBlocks":false,"boredApes":false,"cryptoPunks":false,"ksoids":false,"meebits":false,"omnimorphs":false}}},"floor":0.16999},{"timestamp":1634464773,"price":0.18,"block_number":13434740,"account":{"address":"0xea57994eb2d110888905fbb9d90dc29a54d0ea3c","tx_count":25,"eth":{"value":"0.017062002470885736","dynamic":"0.017062002470885736"},"nft":{"value":11,"dynamic":11,"collections":[false,false,false,false,false,false,false],"collections2":{"89seconds":false,"artBlocks":false,"boredApes":false,"cryptoPunks":false,"ksoids":false,"meebits":false,"omnimorphs":true}}},"floor":0.1376919},{"timestamp":1634475373,"price":0.189,"block_number":13435557,"account":{"address":"0x1cccfdbad92675f7212cb264e4fdcbd8699a81de","tx_count":41,"eth":{"value":"0.301852911557647505","dynamic":"0.301852911557647505"},"nft":{"value":22,"dynamic":22,"collections":[false,false,false,false,false,false,false],"collections2":{"89seconds":false,"artBlocks":false,"boredApes":false,"cryptoPunks":false,"ksoids":false,"meebits":false,"omnimorphs":false}}},"floor":0.1799},{"timestamp":1634880576,"price":0.47,"block_number":13465596,"account":{"address":"0xd1285e2846368d3f2ae46f125a9bba9f9ffd9944","tx_count":69,"eth":{"value":"0.207085087175863964","dynamic":"0.206114787347969678"},"nft":{"value":13,"dynamic":13,"collections":[false,false,false,false,false,false,false],"collections2":{"89seconds":false,"artBlocks":true,"boredApes":false,"cryptoPunks":false,"ksoids":false,"meebits":false,"omnimorphs":false}}},"floor":0.10301},{"timestamp":1640553169,"price":0.15,"block_number":13883175,"account":{"address":"0x24d911819aa423eeeeed40ba4827c8f994c86406","tx_count":2,"eth":{"value":"0.042381740440754564","dynamic":"0.042381740440754564"},"nft":{"value":0,"dynamic":0,"collections":[false,false,false,false,false,false,false],"collections2":{"89seconds":false,"artBlocks":false,"boredApes":false,"cryptoPunks":false,"ksoids":false,"meebits":false,"omnimorphs":false}}},"floor":0.0619}]}