{"uuid":"40ee5857-3066-4ac2-a241-051549a371ea","token_id":396,"color":2,"transactions":[{"timestamp":1634207150,"price":0.10301,"block_number":13415772,"account":{"address":"0xe1a9c45cfe28ac8ee6ebf9fbfd84468717053f9c","tx_count":77,"eth":{"value":"1.149059073564630719","dynamic":"1.149059073564630719"},"nft":{"value":48,"dynamic":48,"collections":[false,false,false,false,false,false,false],"collections2":{"89seconds":false,"artBlocks":false,"boredApes":false,"cryptoPunks":false,"ksoids":false,"meebits":false,"omnimorphs":true}}},"floor":0.10301}]}