{"uuid":"e782e718-9533-477a-95bb-ec2875cd6bd6","token_id":392,"color":1,"transactions":[{"timestamp":1634207139,"price":0.10301,"block_number":13415772,"account":{"address":"0x2b00ab515e700f3a150e1f9745b4f06bf3693249","tx_count":11,"eth":{"value":"0.128020620848170024","dynamic":"0.128020620848170024"},"nft":{"value":2,"dynamic":2,"collections":[false,false,false,false,false,false,false],"collections2":{"89seconds":false,"artBlocks":false,"boredApes":false,"cryptoPunks":false,"ksoids":false,"meebits":false,"omnimorphs":false}}},"floor":0.10301},{"timestamp":1634211109,"price":0.25,"block_number":13416061,"account":{"address":"0x7ca28b71895ce20d66fd41d1eabae6677dbca51e","tx_count":60,"eth":{"value":"2.478794727009606158","dynamic":"2.478004561248523244"},"nft":{"value":45,"dynamic":45,"collections":[false,false,false,false,false,false,false],"collections2":{"89seconds":false,"artBlocks":false,"boredApes":false,"cryptoPunks":false,"ksoids":false,"meebits":false,"omnimorphs":false}}},"floor":0.10301}]}