{"uuid":"05cb4766-f5bb-4e87-af72-32c5755b3f41","token_id":399,"color":4,"transactions":[{"timestamp":1634207160,"price":0.10301,"block_number":13415773,"account":{"address":"0xe1a9c45cfe28ac8ee6ebf9fbfd84468717053f9c","tx_count":77,"eth":{"value":"1.149059073564630719","dynamic":"1.149059073564630719"},"nft":{"value":48,"dynamic":48,"collections":[false,false,false,false,false,false,false],"collections2":{"89seconds":false,"artBlocks":false,"boredApes":false,"cryptoPunks":false,"ksoids":false,"meebits":false,"omnimorphs":true}}},"floor":0.10301}]}