{"uuid":"95fee4c6-ea03-4e53-9fac-c7f7ee785092","token_id":391,"color":4,"transactions":[{"timestamp":1634207137,"price":0.10301,"block_number":13415772,"account":{"address":"0x1cccfdbad92675f7212cb264e4fdcbd8699a81de","tx_count":28,"eth":{"value":"0.241868204786676267","dynamic":"0.241868204786676267"},"nft":{"value":19,"dynamic":19,"collections":[false,false,false,false,false,false,false],"collections2":{"89seconds":false,"artBlocks":false,"boredApes":false,"cryptoPunks":false,"ksoids":false,"meebits":false,"omnimorphs":false}}},"floor":0.10301}]}