{"uuid":"0146a195-f213-445d-9e78-7e61f9785f12","token_id":398,"color":1,"transactions":[{"timestamp":1634207157,"price":0.10301,"block_number":13415773,"account":{"address":"0xe1a9c45cfe28ac8ee6ebf9fbfd84468717053f9c","tx_count":77,"eth":{"value":"1.149059073564630719","dynamic":"1.149059073564630719"},"nft":{"value":48,"dynamic":48,"collections":[false,false,false,false,false,false,false],"collections2":{"89seconds":false,"artBlocks":false,"boredApes":false,"cryptoPunks":false,"ksoids":false,"meebits":false,"omnimorphs":true}}},"floor":0.10301},{"timestamp":1634223018,"price":0.37,"block_number":13416942,"account":{"address":"0x86f1bfb095249208aacb02a98796aac5b70c2de8","tx_count":214,"eth":{"value":"1.581802769921564203","dynamic":"1.56672838492348502"},"nft":{"value":29,"dynamic":29,"collections":[false,false,false,false,false,false,false],"collections2":{"89seconds":false,"artBlocks":false,"boredApes":false,"cryptoPunks":false,"ksoids":false,"meebits":false,"omnimorphs":false}}},"floor":0.10301},{"timestamp":1634223839,"price":0.37,"block_number":13417010,"account":{"address":"0x4592cde006dc435b8a5c4e42efbd1db310570f1a","tx_count":325,"eth":{"value":"1.040368236303354581","dynamic":"1.040368236303354581"},"nft":{"value":111,"dynamic":111,"collections":[false,false,false,false,false,false,false],"collections2":{"89seconds":false,"artBlocks":false,"boredApes":false,"cryptoPunks":false,"ksoids":false,"meebits":false,"omnimorphs":false}}},"floor":0.10301},{"timestamp":1634224575,"price":0.37,"block_number":13417064,"account":{"address":"0x5fb998b8024e38867558fd5e2b87b6d13da730f8","tx_count":345,"eth":{"value":"2.973051849093839875","dynamic":"2.973051849093839875"},"nft":{"value":154,"dynamic":153,"collections":[false,false,false,false,false,false,false],"collections2":{"89seconds":false,"artBlocks":false,"boredApes":false,"cryptoPunks":false,"ksoids":false,"meebits":false,"omnimorphs":true}}},"floor":0.10301},{"timestamp":1634224853,"price":0.37,"block_number":13417088,"account":{"address":"0x788373a90823793ecffe357ffafc2b4256f91943","tx_count":171,"eth":{"value":"1.265670835245579818","dynamic":"1.265670835245579818"},"nft":{"value":45,"dynamic":45,"collections":[false,false,false,false,false,false,false],"collections2":{"89seconds":false,"artBlocks":false,"boredApes":false,"cryptoPunks":false,"ksoids":false,"meebits":false,"omnimorphs":false}}},"floor":0.10301},{"timestamp":1634230846,"price":0.37,"block_number":13417554,"account":{"address":"0x64932f86d69f2717307f41b4c6b8198000583c63","tx_count":404,"eth":{"value":"2.122736725330330115","dynamic":"2.122736725330330115"},"nft":{"value":79,"dynamic":79,"collections":[false,false,false,false,false,false,false],"collections2":{"89seconds":false,"artBlocks":false,"boredApes":false,"cryptoPunks":false,"ksoids":false,"meebits":false,"omnimorphs":false}}},"floor":0.10301},{"timestamp":1634511475,"price":1.5,"block_number":13438257,"account":{"address":"0x94239d8d5fbd9466d7f1b8efcf1c0e5b3cc512c9","tx_count":37,"eth":{"value":"1.68571150447244262","dynamic":"-3.46278396552755738"},"nft":{"value":4,"dynamic":4,"collections":[false,false,false,false,false,false,false],"collections2":{"89seconds":false,"artBlocks":false,"boredApes":false,"cryptoPunks":false,"ksoids":false,"meebits":false,"omnimorphs":false}}},"floor":0.13114710000000002}]}