{"uuid":"91d7f609-b4d4-4b3d-bf56-04d27346611b","token_id":393,"color":2,"transactions":[{"timestamp":1634207141,"price":0.10301,"block_number":13415772,"account":{"address":"0x02f6f3305b21ee19e87656c8e7bee9fb73d4b241","tx_count":74,"eth":{"value":"0.524797630755454054","dynamic":"0.439566738724885136"},"nft":{"value":29,"dynamic":17,"collections":[false,false,false,false,false,false,false],"collections2":{"89seconds":false,"artBlocks":false,"boredApes":false,"cryptoPunks":false,"ksoids":false,"meebits":false,"omnimorphs":true}}},"floor":0.10301},{"timestamp":1634378192,"price":0.14,"block_number":13428339,"account":{"address":"0x6afbba8699e53d47bb986dda1dd39c73635cf73f","tx_count":376,"eth":{"value":"0.357223773113854421","dynamic":"-0.294974144113278299"},"nft":{"value":219,"dynamic":46,"collections":[false,false,false,false,false,false,false],"collections2":{"89seconds":false,"artBlocks":false,"boredApes":false,"cryptoPunks":false,"ksoids":false,"meebits":false,"omnimorphs":false}}},"floor":0.10301},{"timestamp":1634457081,"price":0.18,"block_number":13434199,"account":{"address":"0x02f6f3305b21ee19e87656c8e7bee9fb73d4b241","tx_count":82,"eth":{"value":"0.183228274350947942","dynamic":"0.097997382320379024"},"nft":{"value":25,"dynamic":13,"collections":[false,false,false,false,false,false,false],"collections2":{"89seconds":false,"artBlocks":false,"boredApes":false,"cryptoPunks":false,"ksoids":false,"meebits":false,"omnimorphs":true}}},"floor":0.15299100000000002},{"timestamp":1634457765,"price":0.18,"block_number":13434236,"account":{"address":"0xa907989267ca78b781a1ca5e092f3d9e3103dd4f","tx_count":55,"eth":{"value":"0.021611073408213728","dynamic":"0.021611073408213728"},"nft":{"value":9,"dynamic":1,"collections":[false,false,false,false,false,false,false],"collections2":{"89seconds":false,"artBlocks":false,"boredApes":false,"cryptoPunks":false,"ksoids":false,"meebits":false,"omnimorphs":false}}},"floor":0.16999},{"timestamp":1634816644,"price":0.26,"block_number":13460788,"account":{"address":"0xb0f0ea6b0353a0548f57db876f035112c5910735","tx_count":34,"eth":{"value":"1.201121984838961293","dynamic":"1.188957172047233613"},"nft":{"value":30,"dynamic":30,"collections":[false,false,false,false,false,false,false],"collections2":{"89seconds":false,"artBlocks":false,"boredApes":false,"cryptoPunks":false,"ksoids":false,"meebits":false,"omnimorphs":false}}},"floor":0.108},{"timestamp":1635628619,"price":0.1,"block_number":13520820,"account":{"address":"0x9c37796570ec55558c5c669d2560c124d7fd0c5c","tx_count":116,"eth":{"value":"0.328108292499213375","dynamic":"0.288763917833741929"},"nft":{"value":35,"dynamic":35,"collections":[false,false,false,false,false,false,false],"collections2":{"89seconds":false,"artBlocks":false,"boredApes":false,"cryptoPunks":false,"ksoids":false,"meebits":false,"omnimorphs":false}}},"floor":0.055080000000000004},{"timestamp":1635725100,"price":0.1,"block_number":13527883,"account":{"address":"0xb0f0ea6b0353a0548f57db876f035112c5910735","tx_count":49,"eth":{"value":"0.0399935877195232","dynamic":"0.03127385292779552"},"nft":{"value":30,"dynamic":29,"collections":[false,false,false,false,false,false,false],"collections2":{"89seconds":false,"artBlocks":false,"boredApes":false,"cryptoPunks":false,"ksoids":false,"meebits":false,"omnimorphs":false}}},"floor":0.09000000000000001}]}