{"uuid":"9fdeab24-d98e-4dec-8f83-7e0b5c07015e","token_id":394,"color":0,"transactions":[{"timestamp":1634207144,"price":0.10301,"block_number":13415772,"account":{"address":"0xe1a9c45cfe28ac8ee6ebf9fbfd84468717053f9c","tx_count":77,"eth":{"value":"1.149059073564630719","dynamic":"1.149059073564630719"},"nft":{"value":48,"dynamic":48,"collections":[false,false,false,false,false,false,false],"collections2":{"89seconds":false,"artBlocks":false,"boredApes":false,"cryptoPunks":false,"ksoids":false,"meebits":false,"omnimorphs":true}}},"floor":0.10301}]}