{"uuid":"17715e91-cb75-4840-b5c7-0fb98d6ca48d","token_id":395,"color":1,"transactions":[{"timestamp":1634207147,"price":0.10301,"block_number":13415772,"account":{"address":"0xe1a9c45cfe28ac8ee6ebf9fbfd84468717053f9c","tx_count":77,"eth":{"value":"1.149059073564630719","dynamic":"1.149059073564630719"},"nft":{"value":48,"dynamic":48,"collections":[false,false,false,false,false,false,false],"collections2":{"89seconds":false,"artBlocks":false,"boredApes":false,"cryptoPunks":false,"ksoids":false,"meebits":false,"omnimorphs":true}}},"floor":0.10301}]}