{"uuid":"918921f6-8de7-4f08-9b2c-4d0fe4a89089","token_id":397,"color":3,"transactions":[{"timestamp":1634207154,"price":0.10301,"block_number":13415773,"account":{"address":"0xe1a9c45cfe28ac8ee6ebf9fbfd84468717053f9c","tx_count":77,"eth":{"value":"1.149059073564630719","dynamic":"1.149059073564630719"},"nft":{"value":48,"dynamic":48,"collections":[false,false,false,false,false,false,false],"collections2":{"89seconds":false,"artBlocks":false,"boredApes":false,"cryptoPunks":false,"ksoids":false,"meebits":false,"omnimorphs":true}}},"floor":0.10301},{"timestamp":1634390594,"price":0.18,"block_number":13429273,"account":{"address":"0xaae665095ebf1b7b64de7e997a59b1b1dc078e04","tx_count":138,"eth":{"value":"0.060347994343114589","dynamic":"0.054096587343114589"},"nft":{"value":75,"dynamic":75,"collections":[false,false,false,false,false,false,false],"collections2":{"89seconds":false,"artBlocks":false,"boredApes":false,"cryptoPunks":false,"ksoids":false,"meebits":false,"omnimorphs":false}}},"floor":0.135},{"timestamp":1634391472,"price":0.18,"block_number":13429336,"account":{"address":"0xf5d839676f90053908f4b456801198401b026936","tx_count":96,"eth":{"value":"0.147801138219263564","dynamic":"0.147801138219263564"},"nft":{"value":35,"dynamic":35,"collections":[false,false,false,false,false,false,false],"collections2":{"89seconds":false,"artBlocks":false,"boredApes":false,"cryptoPunks":false,"ksoids":false,"meebits":false,"omnimorphs":false}}},"floor":0.15},{"timestamp":1634391930,"price":0.18,"block_number":13429361,"account":{"address":"0xd7a481069fe91e8b8c2a44e62e128f4edb32681e","tx_count":118,"eth":{"value":"0.150825217686008155","dynamic":"0.150825217686008155"},"nft":{"value":37,"dynamic":37,"collections":[false,false,false,false,false,false,false],"collections2":{"89seconds":false,"artBlocks":false,"boredApes":false,"cryptoPunks":false,"ksoids":false,"meebits":false,"omnimorphs":false}}},"floor":0.1476},{"timestamp":1634392305,"price":0.18,"block_number":13429393,"account":{"address":"0x5ec93f6a3526a30bfbaffcbd226c0063fea3a8bd","tx_count":63,"eth":{"value":"0.070375134754399177","dynamic":"0.069517554754399177"},"nft":{"value":39,"dynamic":38,"collections":[false,false,false,false,false,false,false],"collections2":{"89seconds":false,"artBlocks":false,"boredApes":false,"cryptoPunks":false,"ksoids":false,"meebits":false,"omnimorphs":false}}},"floor":0.13284},{"timestamp":1634395944,"price":0.18,"block_number":13429668,"account":{"address":"0x3f01f2b36a7c85d129b7c64df0f8f398babbf4c8","tx_count":45,"eth":{"value":"0.241373119535293576","dynamic":"0.241373119535293576"},"nft":{"value":22,"dynamic":22,"collections":[false,false,false,false,false,false,false],"collections2":{"89seconds":false,"artBlocks":false,"boredApes":false,"cryptoPunks":false,"ksoids":false,"meebits":false,"omnimorphs":true}}},"floor":0.11955600000000001}]}