{"uuid":"ffca0020-6a82-4ba8-8cc5-d9e9b066c2f2","token_id":408,"color":5,"transactions":[{"timestamp":1634207180,"price":0.10301,"block_number":13415775,"account":{"address":"0x1d2d1815f1e0353b4288d5ce60b806fb6f973b9a","tx_count":84,"eth":{"value":"0.359343588872878174","dynamic":"0.134238088872878174"},"nft":{"value":26,"dynamic":26,"collections":[false,false,false,false,false,false,false],"collections2":{"89seconds":false,"artBlocks":false,"boredApes":false,"cryptoPunks":false,"ksoids":false,"meebits":false,"omnimorphs":false}}},"floor":0.10301},{"timestamp":1635962831,"price":0.084,"block_number":13545381,"account":{"address":"0x6513b753670786367922fd32efbb6ce18abd3041","tx_count":396,"eth":{"value":"0.251550336543003518","dynamic":"0.237678426222386439"},"nft":{"value":191,"dynamic":115,"collections":[false,false,false,false,false,false,false],"collections2":{"89seconds":false,"artBlocks":false,"boredApes":true,"cryptoPunks":false,"ksoids":true,"meebits":true,"omnimorphs":false}}},"floor":0.05301},{"timestamp":1636028577,"price":0.09,"block_number":13550173,"account":{"address":"0xdaa5bacb610364edc81f7463426f8706bab83d0a","tx_count":17,"eth":{"value":"0.040257418035338157","dynamic":"0.040257418035338157"},"nft":{"value":2,"dynamic":2,"collections":[false,false,false,false,false,false,false],"collections2":{"89seconds":false,"artBlocks":false,"boredApes":true,"cryptoPunks":false,"ksoids":false,"meebits":false,"omnimorphs":false}}},"floor":0.05301},{"timestamp":1636030359,"price":0.09,"block_number":13550305,"account":{"address":"0x6513b753670786367922fd32efbb6ce18abd3041","tx_count":397,"eth":{"value":"0.18340718284189052","dynamic":"0.072035272521273441"},"nft":{"value":190,"dynamic":115,"collections":[false,false,false,false,false,false,false],"collections2":{"89seconds":false,"artBlocks":false,"boredApes":true,"cryptoPunks":false,"ksoids":true,"meebits":true,"omnimorphs":false}}},"floor":0.05301},{"timestamp":1640946309,"price":0.05,"block_number":13912592,"account":{"address":"0xdaa5bacb610364edc81f7463426f8706bab83d0a","tx_count":87,"eth":{"value":"0.142173300550925987","dynamic":"0.142173300550925987"},"nft":{"value":23,"dynamic":23,"collections":[false,false,false,false,false,false,false],"collections2":{"89seconds":false,"artBlocks":false,"boredApes":true,"cryptoPunks":false,"ksoids":false,"meebits":false,"omnimorphs":false}}},"floor":0.045},{"timestamp":1640984633,"price":0.055,"block_number":13915400,"account":{"address":"0x6513b753670786367922fd32efbb6ce18abd3041","tx_count":523,"eth":{"value":"0.13975286513629122","dynamic":"-0.008966255969402069"},"nft":{"value":236,"dynamic":117,"collections":[false,false,false,false,false,false,false],"collections2":{"89seconds":false,"artBlocks":false,"boredApes":true,"cryptoPunks":false,"ksoids":false,"meebits":false,"omnimorphs":false}}},"floor":0.0599},{"timestamp":1641002704,"price":0.058,"block_number":13916734,"account":{"address":"0xdaa5bacb610364edc81f7463426f8706bab83d0a","tx_count":93,"eth":{"value":"0.639581884135628234","dynamic":"0.639581884135628234"},"nft":{"value":42,"dynamic":42,"collections":[false,false,false,false,false,false,false],"collections2":{"89seconds":false,"artBlocks":false,"boredApes":true,"cryptoPunks":false,"ksoids":false,"meebits":false,"omnimorphs":false}}},"floor":0.058}]}