{"uuid":"2e838a10-1646-471a-884c-8579e7543e52","token_id":406,"color":4,"transactions":[{"timestamp":1634207176,"price":0.10301,"block_number":13415775,"account":{"address":"0x2d951247334d25c5e99d104d56abaa8ca85b0b68","tx_count":41,"eth":{"value":"0.012157237067671462","dynamic":"0.012157237067671462"},"nft":{"value":3,"dynamic":3,"collections":[false,false,false,false,false,false,false],"collections2":{"89seconds":false,"artBlocks":false,"boredApes":false,"cryptoPunks":false,"ksoids":false,"meebits":false,"omnimorphs":false}}},"floor":0.10301},{"timestamp":1634208266,"price":0.215,"block_number":13415862,"account":{"address":"0x876d5e75fd43f2ef4a198726f323e5adc9dab673","tx_count":19,"eth":{"value":"2.778623112679102724","dynamic":"2.778623112679102724"},"nft":{"value":14,"dynamic":14,"collections":[false,false,false,false,false,false,false],"collections2":{"89seconds":false,"artBlocks":false,"boredApes":false,"cryptoPunks":false,"ksoids":false,"meebits":false,"omnimorphs":false}}},"floor":0.10301},{"timestamp":1634486967,"price":0.19,"block_number":13436397,"account":{"address":"0x1592ecc943066244b5a705c6e8c1a94baa6a06e0","tx_count":297,"eth":{"value":"0.019959892126178674","dynamic":"0.019707892126178674"},"nft":{"value":102,"dynamic":99,"collections":[false,false,false,false,false,false,false],"collections2":{"89seconds":false,"artBlocks":false,"boredApes":false,"cryptoPunks":false,"ksoids":false,"meebits":false,"omnimorphs":true}}},"floor":0.16191},{"timestamp":1634487542,"price":0.19,"block_number":13436446,"account":{"address":"0xba3e6e7918f2b767930294545988b8143257518b","tx_count":44,"eth":{"value":"0.433145437994961768","dynamic":"0.426718147994961768"},"nft":{"value":105,"dynamic":104,"collections":[false,false,false,false,false,false,false],"collections2":{"89seconds":false,"artBlocks":false,"boredApes":false,"cryptoPunks":false,"ksoids":false,"meebits":false,"omnimorphs":false}}},"floor":0.16191},{"timestamp":1634488171,"price":0.19,"block_number":13436495,"account":{"address":"0x1699f86a565f60fff567f23fc60bb1ef9385b16e","tx_count":98,"eth":{"value":"0.025977443219326044","dynamic":"-0.068415957518369151"},"nft":{"value":26,"dynamic":20,"collections":[false,false,false,false,false,false,false],"collections2":{"89seconds":false,"artBlocks":false,"boredApes":false,"cryptoPunks":false,"ksoids":false,"meebits":false,"omnimorphs":false}}},"floor":0.1799},{"timestamp":1634488429,"price":0.19,"block_number":13436516,"account":{"address":"0x876d5e75fd43f2ef4a198726f323e5adc9dab673","tx_count":29,"eth":{"value":"2.061885654603974637","dynamic":"2.061885654603974637"},"nft":{"value":13,"dynamic":13,"collections":[false,false,false,false,false,false,false],"collections2":{"89seconds":false,"artBlocks":false,"boredApes":false,"cryptoPunks":false,"ksoids":false,"meebits":false,"omnimorphs":false}}},"floor":0.1799}]}