{"uuid":"17d0fcf3-2002-4d7b-a574-c1962d93247f","token_id":401,"color":4,"transactions":[{"timestamp":1634207166,"price":0.10301,"block_number":13415774,"account":{"address":"0x3b28b7bf937580fc5c010d6a4b7f844ee4b4243c","tx_count":89,"eth":{"value":"0.343528641240879781","dynamic":"-0.954773712360953799"},"nft":{"value":28,"dynamic":23,"collections":[false,false,false,false,false,false,false],"collections2":{"89seconds":false,"artBlocks":false,"boredApes":false,"cryptoPunks":false,"ksoids":false,"meebits":false,"omnimorphs":false}}},"floor":0.10301},{"timestamp":1634424057,"price":0.23,"block_number":13431803,"account":{"address":"0x4a8a9bcd144beaa678686f43ccfad8b666260a26","tx_count":24,"eth":{"value":"0.065862871048665305","dynamic":"-0.084542701029842553"},"nft":{"value":7,"dynamic":7,"collections":[false,false,false,false,false,false,false],"collections2":{"89seconds":false,"artBlocks":false,"boredApes":false,"cryptoPunks":false,"ksoids":false,"meebits":true,"omnimorphs":true}}},"floor":0.10301},{"timestamp":1634500102,"price":0.175,"block_number":13437410,"account":{"address":"0x98b4eb3a160de6e972eaf8b292c291acc94403cb","tx_count":375,"eth":{"value":"1.718414975708287566","dynamic":"1.265060995821882608"},"nft":{"value":106,"dynamic":106,"collections":[false,false,false,false,false,false,false],"collections2":{"89seconds":false,"artBlocks":false,"boredApes":false,"cryptoPunks":false,"ksoids":false,"meebits":false,"omnimorphs":true}}},"floor":0.1799},{"timestamp":1634550761,"price":0.15,"block_number":13441117,"account":{"address":"0x3b28b7bf937580fc5c010d6a4b7f844ee4b4243c","tx_count":100,"eth":{"value":"0.053361392664065563","dynamic":"-1.244940960937768017"},"nft":{"value":31,"dynamic":26,"collections":[false,false,false,false,false,false,false],"collections2":{"89seconds":false,"artBlocks":false,"boredApes":false,"cryptoPunks":false,"ksoids":false,"meebits":true,"omnimorphs":true}}},"floor":0.14},{"timestamp":1634557048,"price":0.15,"block_number":13441591,"account":{"address":"0x0ca5e28503be54e777fddae3ac5f3206bcd46ee9","tx_count":100,"eth":{"value":"0.679214339526026577","dynamic":"-0.369066722050986193"},"nft":{"value":30,"dynamic":27,"collections":[false,false,false,false,false,false,false],"collections2":{"89seconds":false,"artBlocks":false,"boredApes":false,"cryptoPunks":false,"ksoids":true,"meebits":true,"omnimorphs":true}}},"floor":0.14},{"timestamp":1634557670,"price":0.15,"block_number":13441641,"account":{"address":"0x4a8a9bcd144beaa678686f43ccfad8b666260a26","tx_count":33,"eth":{"value":"0.112979094483093841","dynamic":"-0.037426477595414017"},"nft":{"value":8,"dynamic":8,"collections":[false,false,false,false,false,false,false],"collections2":{"89seconds":false,"artBlocks":false,"boredApes":false,"cryptoPunks":false,"ksoids":false,"meebits":true,"omnimorphs":true}}},"floor":0.10301},{"timestamp":1635987550,"price":0.195,"block_number":13547220,"account":{"address":"0xa5430730f12f1128bf10dfba38c8e00bc4d90eea","tx_count":201,"eth":{"value":"69.542027557167525105","dynamic":"68.15956421116752511"},"nft":{"value":131,"dynamic":56,"collections":[false,false,false,false,false,false,false],"collections2":{"89seconds":false,"artBlocks":true,"boredApes":false,"cryptoPunks":false,"ksoids":false,"meebits":false,"omnimorphs":false}}},"floor":0.05301}]}