{"uuid":"1e4f2c10-54f0-47a0-bb50-69cc76f58705","token_id":405,"color":1,"transactions":[{"timestamp":1634207175,"price":0.10301,"block_number":13415775,"account":{"address":"0xd7d9950e50108f9d513f896e3ffd1e98d80574b7","tx_count":2,"eth":{"value":"0.383806326118681738","dynamic":"0.383806326118681738"},"nft":{"value":1,"dynamic":1,"collections":[false,false,false,false,false,false,false],"collections2":{"89seconds":false,"artBlocks":false,"boredApes":false,"cryptoPunks":false,"ksoids":false,"meebits":false,"omnimorphs":false}}},"floor":0.10301}]}