{"uuid":"5065f976-dea4-4057-8b17-6b958d9cb8a2","token_id":409,"color":3,"transactions":[{"timestamp":1634207182,"price":0.10301,"block_number":13415775,"account":{"address":"0x1d2d1815f1e0353b4288d5ce60b806fb6f973b9a","tx_count":84,"eth":{"value":"0.359343588872878174","dynamic":"0.134238088872878174"},"nft":{"value":26,"dynamic":26,"collections":[false,false,false,false,false,false,false],"collections2":{"89seconds":false,"artBlocks":false,"boredApes":false,"cryptoPunks":false,"ksoids":false,"meebits":false,"omnimorphs":false}}},"floor":0.10301},{"timestamp":1634910142,"price":0.13,"block_number":13467741,"account":{"address":"0x056f02d688e77a45079031bd31132bcaeed2c6c1","tx_count":8,"eth":{"value":"0.133277084737495619","dynamic":"-0.154032078062504381"},"nft":{"value":1,"dynamic":1,"collections":[false,false,false,false,false,false,false],"collections2":{"89seconds":false,"artBlocks":false,"boredApes":false,"cryptoPunks":false,"ksoids":false,"meebits":false,"omnimorphs":false}}},"floor":0.12}]}