{"uuid":"cb6432dd-20ab-4d8d-92ca-92581208e9c0","token_id":402,"color":2,"transactions":[{"timestamp":1634207169,"price":0.10301,"block_number":13415774,"account":{"address":"0xad94b8d28b6058e8f0db4d3dcc70f539ec7acafc","tx_count":93,"eth":{"value":"0.476947184410892321","dynamic":"0.476947184410892321"},"nft":{"value":45,"dynamic":45,"collections":[false,false,false,false,false,false,false],"collections2":{"89seconds":false,"artBlocks":false,"boredApes":false,"cryptoPunks":false,"ksoids":false,"meebits":false,"omnimorphs":true}}},"floor":0.10301},{"timestamp":1634219786,"price":0.25,"block_number":13416705,"account":{"address":"0x8f8b4759dc93ca55bd6997df719f20f581f10f5c","tx_count":1427,"eth":{"value":"5.674063350594192442","dynamic":"4.707582832803707721"},"nft":{"value":670,"dynamic":653,"collections":[false,false,false,false,false,false,false],"collections2":{"89seconds":false,"artBlocks":false,"boredApes":false,"cryptoPunks":false,"ksoids":false,"meebits":false,"omnimorphs":false}}},"floor":0.10301},{"timestamp":1634433323,"price":0.21,"block_number":13432482,"account":{"address":"0x98cafe8dcfdad3fc591cf431a0d4888960d6052b","tx_count":26,"eth":{"value":"0.549148017845245665","dynamic":"0.549148017845245665"},"nft":{"value":6,"dynamic":6,"collections":[false,false,false,false,false,false,false],"collections2":{"89seconds":false,"artBlocks":false,"boredApes":false,"cryptoPunks":false,"ksoids":false,"meebits":false,"omnimorphs":false}}},"floor":0.10301},{"timestamp":1634438602,"price":0.19,"block_number":13432851,"account":{"address":"0x8f8b4759dc93ca55bd6997df719f20f581f10f5c","tx_count":1485,"eth":{"value":"5.759993232632301603","dynamic":"4.793512714841816882"},"nft":{"value":698,"dynamic":681,"collections":[false,false,false,false,false,false,false],"collections2":{"89seconds":false,"artBlocks":false,"boredApes":false,"cryptoPunks":false,"ksoids":false,"meebits":false,"omnimorphs":false}}},"floor":0.10301},{"timestamp":1634557479,"price":0.149,"block_number":13441624,"account":{"address":"0x63d4a56624a4b24dde2f7be35586ce637850010a","tx_count":415,"eth":{"value":"0.828389835243722391","dynamic":"0.31803395189994885"},"nft":{"value":62,"dynamic":62,"collections":[false,false,false,false,false,false,false],"collections2":{"89seconds":false,"artBlocks":false,"boredApes":false,"cryptoPunks":false,"ksoids":false,"meebits":false,"omnimorphs":false}}},"floor":0.14},{"timestamp":1634575191,"price":0.15,"block_number":13442942,"account":{"address":"0x7e86d59a71189cce55f692b14ef4bed389ab2712","tx_count":1079,"eth":{"value":"1.347277735233382605","dynamic":"0.637719100675961226"},"nft":{"value":29,"dynamic":22,"collections":[false,false,false,false,false,false,false],"collections2":{"89seconds":false,"artBlocks":false,"boredApes":false,"cryptoPunks":false,"ksoids":false,"meebits":false,"omnimorphs":false}}},"floor":0.13319999999999999}]}