{"uuid":"3b6e6ab5-4536-4dda-add7-b829e7f5caf7","token_id":404,"color":3,"transactions":[{"timestamp":1634207174,"price":0.10301,"block_number":13415775,"account":{"address":"0x09678d7f6187ce98a2333f509d9fa8f9bcaa2c5e","tx_count":58,"eth":{"value":"8.616275063281941517","dynamic":"8.616275063281941517"},"nft":{"value":30,"dynamic":30,"collections":[false,false,false,false,false,false,false],"collections2":{"89seconds":false,"artBlocks":false,"boredApes":false,"cryptoPunks":false,"ksoids":false,"meebits":false,"omnimorphs":false}}},"floor":0.10301}]}