{"uuid":"90736766-eaf0-45f6-8530-0732ca7fa0d1","token_id":407,"color":0,"transactions":[{"timestamp":1634207178,"price":0.10301,"block_number":13415775,"account":{"address":"0x773696354a8cb59280ccb6cab3aa50f57b4b74a6","tx_count":7,"eth":{"value":"0.480387828528529293","dynamic":"0.480387828528529293"},"nft":{"value":3,"dynamic":3,"collections":[false,false,false,false,false,false,false],"collections2":{"89seconds":false,"artBlocks":false,"boredApes":false,"cryptoPunks":false,"ksoids":false,"meebits":false,"omnimorphs":false}}},"floor":0.10301},{"timestamp":1634208568,"price":0.274,"block_number":13415865,"account":{"address":"0xc35a5fec6be6957899e15559be252db882220b37","tx_count":28924,"eth":{"value":"6.310164844823052879","dynamic":"-7.93216460585831856"},"nft":{"value":6502,"dynamic":470,"collections":[false,false,false,false,false,false,false],"collections2":{"89seconds":false,"artBlocks":true,"boredApes":false,"cryptoPunks":false,"ksoids":true,"meebits":false,"omnimorphs":false}}},"floor":0.10301},{"timestamp":1634221072,"price":0.35,"block_number":13416804,"account":{"address":"0x7dd758d5b7e10bd45cef5b2bc79d17bf45192e10","tx_count":274,"eth":{"value":"348.15433348072683353","dynamic":"346.59281055350244033"},"nft":{"value":12,"dynamic":12,"collections":[false,false,false,false,false,false,false],"collections2":{"89seconds":false,"artBlocks":false,"boredApes":false,"cryptoPunks":false,"ksoids":false,"meebits":false,"omnimorphs":false}}},"floor":0.10301},{"timestamp":1634764502,"price":0.2,"block_number":13456902,"account":{"address":"0xc35a5fec6be6957899e15559be252db882220b37","tx_count":29081,"eth":{"value":"29.236936133949473854","dynamic":"24.658602968268102414"},"nft":{"value":6642,"dynamic":620,"collections":[false,false,false,false,false,false,false],"collections2":{"89seconds":false,"artBlocks":true,"boredApes":false,"cryptoPunks":false,"ksoids":true,"meebits":true,"omnimorphs":true}}},"floor":0.10301}]}