{"uuid":"cbfaf2e7-4f7d-4ed8-ba82-2c1b181df2f7","token_id":403,"color":4,"transactions":[{"timestamp":1634207172,"price":0.10301,"block_number":13415774,"account":{"address":"0xad94b8d28b6058e8f0db4d3dcc70f539ec7acafc","tx_count":93,"eth":{"value":"0.476947184410892321","dynamic":"0.476947184410892321"},"nft":{"value":45,"dynamic":45,"collections":[false,false,false,false,false,false,false],"collections2":{"89seconds":false,"artBlocks":false,"boredApes":false,"cryptoPunks":false,"ksoids":false,"meebits":false,"omnimorphs":true}}},"floor":0.10301},{"timestamp":1634219157,"price":0.237,"block_number":13416666,"account":{"address":"0x5d14f70a0f6d31323674a32160d2e0486dc7c1c7","tx_count":130,"eth":{"value":"6.502613890282651232","dynamic":"-9.322283742241319516"},"nft":{"value":2,"dynamic":2,"collections":[false,false,false,false,false,false,false],"collections2":{"89seconds":false,"artBlocks":false,"boredApes":false,"cryptoPunks":false,"ksoids":false,"meebits":false,"omnimorphs":false}}},"floor":0.10301},{"timestamp":1634286290,"price":0.44,"block_number":13421574,"account":{"address":"0x021fd52cd8320de8be03dce5f722b4af898a1a4d","tx_count":114,"eth":{"value":"0.557845024111670139","dynamic":"0.386803646524840854"},"nft":{"value":24,"dynamic":24,"collections":[false,false,false,false,false,false,false],"collections2":{"89seconds":false,"artBlocks":false,"boredApes":false,"cryptoPunks":false,"ksoids":false,"meebits":false,"omnimorphs":true}}},"floor":0.10301},{"timestamp":1634890830,"price":0.15,"block_number":13466329,"account":{"address":"0x5d14f70a0f6d31323674a32160d2e0486dc7c1c7","tx_count":138,"eth":{"value":"9.106393425282651232","dynamic":"-6.718504207241319516"},"nft":{"value":5,"dynamic":5,"collections":[false,false,false,false,false,false,false],"collections2":{"89seconds":false,"artBlocks":false,"boredApes":false,"cryptoPunks":false,"ksoids":false,"meebits":false,"omnimorphs":true}}},"floor":0.109},{"timestamp":1634901601,"price":0.13,"block_number":13467112,"account":{"address":"0x021fd52cd8320de8be03dce5f722b4af898a1a4d","tx_count":140,"eth":{"value":"0.150925161607760855","dynamic":"-0.02011621597906843"},"nft":{"value":40,"dynamic":40,"collections":[false,false,false,false,false,false,false],"collections2":{"89seconds":false,"artBlocks":false,"boredApes":false,"cryptoPunks":false,"ksoids":false,"meebits":false,"omnimorphs":true}}},"floor":0.10301},{"timestamp":1634972826,"price":0.18,"block_number":13472359,"account":{"address":"0x5d14f70a0f6d31323674a32160d2e0486dc7c1c7","tx_count":142,"eth":{"value":"8.572274921282651232","dynamic":"-7.252622711241319516"},"nft":{"value":5,"dynamic":5,"collections":[false,false,false,false,false,false,false],"collections2":{"89seconds":false,"artBlocks":false,"boredApes":false,"cryptoPunks":false,"ksoids":false,"meebits":false,"omnimorphs":true}}},"floor":0.10301},{"timestamp":1634981817,"price":0.18,"block_number":13472997,"account":{"address":"0x021fd52cd8320de8be03dce5f722b4af898a1a4d","tx_count":143,"eth":{"value":"0.106008443985438732","dynamic":"-0.065032933601390553"},"nft":{"value":39,"dynamic":39,"collections":[false,false,false,false,false,false,false],"collections2":{"89seconds":false,"artBlocks":false,"boredApes":false,"cryptoPunks":false,"ksoids":false,"meebits":false,"omnimorphs":true}}},"floor":0.12150000000000001}]}