{"uuid":"0edd4807-5b4d-482a-9322-d096ff3075d8","token_id":419,"color":4,"transactions":[{"timestamp":1634207227,"price":0.10301,"block_number":13415776,"account":{"address":"0xf5d9783d16e57ed9ea128172fb770a84960c36cb","tx_count":1,"eth":{"value":"0.129849864","dynamic":"0.129849864"},"nft":{"value":3,"dynamic":3,"collections":[false,false,false,false,false,false,false],"collections2":{"89seconds":false,"artBlocks":false,"boredApes":false,"cryptoPunks":false,"ksoids":false,"meebits":false,"omnimorphs":false}}},"floor":0.10301},{"timestamp":1634221461,"price":0.217,"block_number":13416832,"account":{"address":"0xcb2bf22e88c4f0faaf2076a82fe91a52574667ba","tx_count":103,"eth":{"value":"2.047003712365625126","dynamic":"1.577643009007550212"},"nft":{"value":13,"dynamic":8,"collections":[false,false,false,false,false,false,false],"collections2":{"89seconds":false,"artBlocks":false,"boredApes":false,"cryptoPunks":false,"ksoids":false,"meebits":false,"omnimorphs":false}}},"floor":0.10301},{"timestamp":1640897112,"price":0.08,"block_number":13908912,"account":{"address":"0x4daedd0c7906b0d5e7e5805f283b0d8805735971","tx_count":881,"eth":{"value":"0.722960822702320005","dynamic":"0.320330820779676296"},"nft":{"value":299,"dynamic":224,"collections":[false,false,false,false,false,false,false],"collections2":{"89seconds":false,"artBlocks":false,"boredApes":false,"cryptoPunks":false,"ksoids":false,"meebits":false,"omnimorphs":true}}},"floor":0.03402}]}