{"uuid":"545b9d98-4b06-4765-b902-2db0da6a8dca","token_id":411,"color":2,"transactions":[{"timestamp":1634207186,"price":0.10301,"block_number":13415776,"account":{"address":"0x1d2d1815f1e0353b4288d5ce60b806fb6f973b9a","tx_count":84,"eth":{"value":"0.359343588872878174","dynamic":"0.134238088872878174"},"nft":{"value":26,"dynamic":26,"collections":[false,false,false,false,false,false,false],"collections2":{"89seconds":false,"artBlocks":false,"boredApes":false,"cryptoPunks":false,"ksoids":false,"meebits":false,"omnimorphs":false}}},"floor":0.10301},{"timestamp":1634825618,"price":0.12,"block_number":13461485,"account":{"address":"0xc35a5fec6be6957899e15559be252db882220b37","tx_count":29152,"eth":{"value":"25.570549241691169919","dynamic":"20.92484107600979848"},"nft":{"value":6758,"dynamic":736,"collections":[false,false,false,false,false,false,false],"collections2":{"89seconds":false,"artBlocks":true,"boredApes":false,"cryptoPunks":false,"ksoids":true,"meebits":true,"omnimorphs":true}}},"floor":0.108},{"timestamp":1634845564,"price":0.18,"block_number":13462973,"account":{"address":"0x6301add4fb128de9778b8651a2a9278b86761423","tx_count":4993,"eth":{"value":"7.32924220098069287","dynamic":"6.833400092090660744"},"nft":{"value":3205,"dynamic":2381,"collections":[false,false,false,false,false,false,false],"collections2":{"89seconds":true,"artBlocks":true,"boredApes":false,"cryptoPunks":true,"ksoids":false,"meebits":true,"omnimorphs":false}}},"floor":0.1198}]}