{"uuid":"890af2a8-97f2-4994-b948-fca19095d017","token_id":417,"color":1,"transactions":[{"timestamp":1634207225,"price":0.10301,"block_number":13415776,"account":{"address":"0xf5d9783d16e57ed9ea128172fb770a84960c36cb","tx_count":1,"eth":{"value":"0.129849864","dynamic":"0.129849864"},"nft":{"value":3,"dynamic":3,"collections":[false,false,false,false,false,false,false],"collections2":{"89seconds":false,"artBlocks":false,"boredApes":false,"cryptoPunks":false,"ksoids":false,"meebits":false,"omnimorphs":false}}},"floor":0.10301},{"timestamp":1634215997,"price":0.217,"block_number":13416426,"account":{"address":"0xc35a5fec6be6957899e15559be252db882220b37","tx_count":28946,"eth":{"value":"53.231749063960719204","dynamic":"38.989419613279347764"},"nft":{"value":400,"dynamic":482,"collections":[false,false,false,false,false,false,false],"collections2":{"89seconds":false,"artBlocks":true,"boredApes":false,"cryptoPunks":false,"ksoids":true,"meebits":false,"omnimorphs":false}}},"floor":0.10301}]}