{"uuid":"3be8eb5e-7020-4f20-beae-aa430f1f7949","token_id":412,"color":4,"transactions":[{"timestamp":1634207194,"price":0.10301,"block_number":13415776,"account":{"address":"0xe2af5c5e44355e1f1d8a70991a6647518599a284","tx_count":207,"eth":{"value":"1.01977646981540323","dynamic":"1.01977646981540323"},"nft":{"value":120,"dynamic":120,"collections":[false,false,false,false,false,false,false],"collections2":{"89seconds":false,"artBlocks":false,"boredApes":false,"cryptoPunks":false,"ksoids":false,"meebits":false,"omnimorphs":true}}},"floor":0.10301},{"timestamp":1634219010,"price":0.225,"block_number":13416656,"account":{"address":"0xd5e0978654cade8fc01983899df720cca7a1cbb0","tx_count":64,"eth":{"value":"1.305461070280729174","dynamic":"1.287182177280729174"},"nft":{"value":28,"dynamic":28,"collections":[false,false,false,false,false,false,false],"collections2":{"89seconds":false,"artBlocks":false,"boredApes":false,"cryptoPunks":false,"ksoids":false,"meebits":false,"omnimorphs":false}}},"floor":0.10301}]}