{"uuid":"99c8fc54-b36d-47c7-b1c3-ba4858eb64a4","token_id":410,"color":0,"transactions":[{"timestamp":1634207185,"price":0.10301,"block_number":13415776,"account":{"address":"0x1d2d1815f1e0353b4288d5ce60b806fb6f973b9a","tx_count":84,"eth":{"value":"0.359343588872878174","dynamic":"0.134238088872878174"},"nft":{"value":26,"dynamic":26,"collections":[false,false,false,false,false,false,false],"collections2":{"89seconds":false,"artBlocks":false,"boredApes":false,"cryptoPunks":false,"ksoids":false,"meebits":false,"omnimorphs":false}}},"floor":0.10301},{"timestamp":1634852085,"price":0.13,"block_number":13463445,"account":{"address":"0xf019b2770b4fac719b5d2bef115acc50bd3394b3","tx_count":337,"eth":{"value":"13.179428416424901487","dynamic":"-7.882071583575098513"},"nft":{"value":105,"dynamic":101,"collections":[false,false,false,false,false,false,false],"collections2":{"89seconds":false,"artBlocks":true,"boredApes":true,"cryptoPunks":false,"ksoids":false,"meebits":true,"omnimorphs":false}}},"floor":0.1098},{"timestamp":1634860610,"price":0.15,"block_number":13464109,"account":{"address":"0x1894f6b66f65773566fa33ad232b4f1ec41f9941","tx_count":22,"eth":{"value":"0.010489302238899742","dynamic":"0.010489302238899742"},"nft":{"value":1,"dynamic":1,"collections":[false,false,false,false,false,false,false],"collections2":{"89seconds":false,"artBlocks":false,"boredApes":false,"cryptoPunks":false,"ksoids":false,"meebits":false,"omnimorphs":false}}},"floor":0.119},{"timestamp":1635304509,"price":0.16,"block_number":13496943,"account":{"address":"0x690c1e77630aa2cbca84157a6cc07a58eb6f9366","tx_count":79,"eth":{"value":"0.023032174612450788","dynamic":"-0.057187845237549212"},"nft":{"value":33,"dynamic":33,"collections":[false,false,false,false,false,false,false],"collections2":{"89seconds":false,"artBlocks":false,"boredApes":false,"cryptoPunks":false,"ksoids":false,"meebits":false,"omnimorphs":false}}},"floor":0.10301},{"timestamp":1636851932,"price":0.006666666666666666,"block_number":13610997,"account":{"address":"0xed59e94c104ee273b70bffd83b6725f56d932558","tx_count":11,"eth":{"value":"0.1085994564","dynamic":"0.1085994564"},"nft":{"value":3,"dynamic":3,"collections":[false,false,false,false,false,false,false],"collections2":{"89seconds":false,"artBlocks":true,"boredApes":false,"cryptoPunks":false,"ksoids":true,"meebits":false,"omnimorphs":true}}},"floor":0.069},{"timestamp":1638499018,"price":0.25,"block_number":13730998,"account":{"address":"0xed59e94c104ee273b70bffd83b6725f56d932558","tx_count":34,"eth":{"value":"0.150138449509069323","dynamic":"0.150138449509069323"},"nft":{"value":16,"dynamic":16,"collections":[false,false,false,false,false,false,false],"collections2":{"89seconds":false,"artBlocks":true,"boredApes":false,"cryptoPunks":false,"ksoids":true,"meebits":false,"omnimorphs":true}}},"floor":0.069},{"timestamp":1638500342,"price":0.25,"block_number":13731099,"account":{"address":"0xed59e94c104ee273b70bffd83b6725f56d932558","tx_count":36,"eth":{"value":"0.107575489509069323","dynamic":"0.107575489509069323"},"nft":{"value":16,"dynamic":16,"collections":[false,false,false,false,false,false,false],"collections2":{"89seconds":false,"artBlocks":true,"boredApes":false,"cryptoPunks":false,"ksoids":true,"meebits":false,"omnimorphs":true}}},"floor":0.069}]}