{"uuid":"575ae13d-0b74-450f-b9fc-51efabf9ed82","token_id":413,"color":3,"transactions":[{"timestamp":1634207196,"price":0.10301,"block_number":13415776,"account":{"address":"0x595e93690f1d8323985960bd49ede8f0c98ac52d","tx_count":18,"eth":{"value":"0.304670666175415856","dynamic":"0.304670666175415856"},"nft":{"value":10,"dynamic":10,"collections":[false,false,false,false,false,false,false],"collections2":{"89seconds":false,"artBlocks":false,"boredApes":false,"cryptoPunks":false,"ksoids":false,"meebits":false,"omnimorphs":false}}},"floor":0.10301},{"timestamp":1641010557,"price":0.06,"block_number":13917340,"account":{"address":"0xee15fbdc0b4498597fc3cd635e1760cc0f2c06e9","tx_count":1,"eth":{"value":"0.026083449396881384","dynamic":"0.026083449396881384"},"nft":{"value":1,"dynamic":1,"collections":[false,false,false,false,false,false,false],"collections2":{"89seconds":false,"artBlocks":false,"boredApes":false,"cryptoPunks":false,"ksoids":false,"meebits":false,"omnimorphs":false}}},"floor":0.0575}]}