{"uuid":"f2ae92ec-b2cc-40e0-88dd-7a7c9ecec6cf","token_id":416,"color":0,"transactions":[{"timestamp":1634207224,"price":0.10301,"block_number":13415776,"account":{"address":"0xc9e2ea211a16d5d5d9de68804f85b13c52d8c548","tx_count":117,"eth":{"value":"0.036193345107370659","dynamic":"0.036193345107370659"},"nft":{"value":38,"dynamic":38,"collections":[false,false,false,false,false,false,false],"collections2":{"89seconds":false,"artBlocks":false,"boredApes":false,"cryptoPunks":false,"ksoids":false,"meebits":false,"omnimorphs":false}}},"floor":0.10301},{"timestamp":1635122208,"price":0.14,"block_number":13483411,"account":{"address":"0x8707e76c099ac6a47a7f49aba14a8022e20291a9","tx_count":80,"eth":{"value":"0.151554927816097806","dynamic":"0.151554927816097806"},"nft":{"value":15,"dynamic":15,"collections":[false,false,false,false,false,false,false],"collections2":{"89seconds":false,"artBlocks":false,"boredApes":false,"cryptoPunks":false,"ksoids":false,"meebits":false,"omnimorphs":false}}},"floor":0.1489}]}