{"uuid":"e7e05eb9-172c-495c-87d9-4773b58a32f7","token_id":418,"color":3,"transactions":[{"timestamp":1634207226,"price":0.10301,"block_number":13415776,"account":{"address":"0xf5d9783d16e57ed9ea128172fb770a84960c36cb","tx_count":1,"eth":{"value":"0.129849864","dynamic":"0.129849864"},"nft":{"value":3,"dynamic":3,"collections":[false,false,false,false,false,false,false],"collections2":{"89seconds":false,"artBlocks":false,"boredApes":false,"cryptoPunks":false,"ksoids":false,"meebits":false,"omnimorphs":false}}},"floor":0.10301},{"timestamp":1634215850,"price":0.217,"block_number":13416417,"account":{"address":"0xb0e984d4bf1830dcb6c8c4e0f81d0869d2f037b1","tx_count":260,"eth":{"value":"2.087435569957974686","dynamic":"1.770568018805642201"},"nft":{"value":77,"dynamic":38,"collections":[false,false,false,false,false,false,false],"collections2":{"89seconds":false,"artBlocks":false,"boredApes":true,"cryptoPunks":false,"ksoids":false,"meebits":true,"omnimorphs":true}}},"floor":0.10301},{"timestamp":1634225468,"price":0.35,"block_number":13417132,"account":{"address":"0x2c51beb0297666d365bd6f328897f0681963f258","tx_count":22,"eth":{"value":"0.631931085300542088","dynamic":"0.631931085300542088"},"nft":{"value":2,"dynamic":2,"collections":[false,false,false,false,false,false,false],"collections2":{"89seconds":false,"artBlocks":false,"boredApes":false,"cryptoPunks":false,"ksoids":false,"meebits":false,"omnimorphs":false}}},"floor":0.10301},{"timestamp":1634234505,"price":0.598,"block_number":13417799,"account":{"address":"0x327bfdabdf952b08a2b99637ab3f8ec7815d0628","tx_count":10,"eth":{"value":"2.673430025416806502","dynamic":"2.673430025416806502"},"nft":{"value":10,"dynamic":10,"collections":[false,false,false,false,false,false,false],"collections2":{"89seconds":false,"artBlocks":false,"boredApes":false,"cryptoPunks":false,"ksoids":false,"meebits":false,"omnimorphs":false}}},"floor":0.10301}]}