{"uuid":"d707aaca-d90e-464f-a09c-361947b35282","token_id":414,"color":4,"transactions":[{"timestamp":1634207198,"price":0.10301,"block_number":13415776,"account":{"address":"0x595e93690f1d8323985960bd49ede8f0c98ac52d","tx_count":18,"eth":{"value":"0.304670666175415856","dynamic":"0.304670666175415856"},"nft":{"value":10,"dynamic":10,"collections":[false,false,false,false,false,false,false],"collections2":{"89seconds":false,"artBlocks":false,"boredApes":false,"cryptoPunks":false,"ksoids":false,"meebits":false,"omnimorphs":false}}},"floor":0.10301}]}