{"uuid":"1769a635-9f8f-4a78-8f32-ddd3c81ebc01","token_id":422,"color":3,"transactions":[{"timestamp":1634207253,"price":0.10301,"block_number":13415777,"account":{"address":"0xc0ecf2546f5fe83d63bdb5e6a9d1488019848fb9","tx_count":405,"eth":{"value":"0.412418021432962675","dynamic":"0.401467065978118181"},"nft":{"value":170,"dynamic":170,"collections":[false,false,false,false,false,false,false],"collections2":{"89seconds":false,"artBlocks":false,"boredApes":false,"cryptoPunks":false,"ksoids":false,"meebits":false,"omnimorphs":false}}},"floor":0.10301},{"timestamp":1634223242,"price":0.37,"block_number":13416959,"account":{"address":"0xe1a9c45cfe28ac8ee6ebf9fbfd84468717053f9c","tx_count":79,"eth":{"value":"1.095240178877016965","dynamic":"1.095240178877016965"},"nft":{"value":50,"dynamic":50,"collections":[false,false,false,false,false,false,false],"collections2":{"89seconds":false,"artBlocks":false,"boredApes":false,"cryptoPunks":false,"ksoids":false,"meebits":false,"omnimorphs":true}}},"floor":0.10301},{"timestamp":1634223891,"price":0.37,"block_number":13417013,"account":{"address":"0x86f1bfb095249208aacb02a98796aac5b70c2de8","tx_count":215,"eth":{"value":"1.881556005484792749","dynamic":"1.866481620486713566"},"nft":{"value":29,"dynamic":29,"collections":[false,false,false,false,false,false,false],"collections2":{"89seconds":false,"artBlocks":false,"boredApes":false,"cryptoPunks":false,"ksoids":false,"meebits":false,"omnimorphs":false}}},"floor":0.10301},{"timestamp":1634224575,"price":0.37,"block_number":13417064,"account":{"address":"0x4592cde006dc435b8a5c4e42efbd1db310570f1a","tx_count":326,"eth":{"value":"0.995223948910581631","dynamic":"0.995223948910581631"},"nft":{"value":111,"dynamic":111,"collections":[false,false,false,false,false,false,false],"collections2":{"89seconds":false,"artBlocks":false,"boredApes":false,"cryptoPunks":false,"ksoids":false,"meebits":false,"omnimorphs":false}}},"floor":0.10301},{"timestamp":1634224897,"price":0.37,"block_number":13417093,"account":{"address":"0x5fb998b8024e38867558fd5e2b87b6d13da730f8","tx_count":346,"eth":{"value":"2.9273505611770777","dynamic":"2.9273505611770777"},"nft":{"value":154,"dynamic":153,"collections":[false,false,false,false,false,false,false],"collections2":{"89seconds":false,"artBlocks":false,"boredApes":false,"cryptoPunks":false,"ksoids":false,"meebits":false,"omnimorphs":true}}},"floor":0.10301},{"timestamp":1634229604,"price":0.37,"block_number":13417456,"account":{"address":"0x788373a90823793ecffe357ffafc2b4256f91943","tx_count":177,"eth":{"value":"0.921998169782169018","dynamic":"0.921998169782169018"},"nft":{"value":47,"dynamic":47,"collections":[false,false,false,false,false,false,false],"collections2":{"89seconds":false,"artBlocks":false,"boredApes":false,"cryptoPunks":false,"ksoids":false,"meebits":false,"omnimorphs":false}}},"floor":0.10301}]}