{"uuid":"42ff0bcb-299f-473f-b1b2-ebee07aae973","token_id":425,"color":4,"transactions":[{"timestamp":1634207267,"price":0.10301,"block_number":13415781,"account":{"address":"0x77811b6c55751e28522e3de940abf1a7f3040235","tx_count":129,"eth":{"value":"4.214346562144895792","dynamic":"4.171900732144895792"},"nft":{"value":9,"dynamic":8,"collections":[false,false,false,false,false,false,false],"collections2":{"89seconds":false,"artBlocks":false,"boredApes":false,"cryptoPunks":false,"ksoids":false,"meebits":false,"omnimorphs":false}}},"floor":0.10301},{"timestamp":1635586300,"price":0.07,"block_number":13517692,"account":{"address":"0xd8ad6f3285764b8d3981a685f917426743dca90a","tx_count":6,"eth":{"value":"0.675572459027067557","dynamic":"0.675572459027067557"},"nft":{"value":8,"dynamic":8,"collections":[false,false,false,false,false,false,false],"collections2":{"89seconds":false,"artBlocks":false,"boredApes":false,"cryptoPunks":false,"ksoids":false,"meebits":false,"omnimorphs":false}}},"floor":0.05301},{"timestamp":1638523992,"price":0.09,"block_number":13732816,"account":{"address":"0xae0f4faadcdd86250ea06eacc5384bc59e5bd750","tx_count":3,"eth":{"value":"0.097204433805351813","dynamic":"0.097204433805351813"},"nft":{"value":5,"dynamic":5,"collections":[false,false,false,false,false,false,false],"collections2":{"89seconds":false,"artBlocks":false,"boredApes":false,"cryptoPunks":false,"ksoids":false,"meebits":false,"omnimorphs":false}}},"floor":0.064}]}