{"uuid":"69e9f1e4-b1ea-4928-afbb-55f1e3a2690f","token_id":426,"color":4,"transactions":[{"timestamp":1634207269,"price":0.10301,"block_number":13415781,"account":{"address":"0x38fd62531fedc4fcdad88a177c11051af1df5ce5","tx_count":1,"eth":{"value":"0.0413603998291667","dynamic":"0.0413603998291667"},"nft":{"value":3,"dynamic":3,"collections":[false,false,false,false,false,false,false],"collections2":{"89seconds":false,"artBlocks":false,"boredApes":false,"cryptoPunks":false,"ksoids":false,"meebits":false,"omnimorphs":false}}},"floor":0.10301},{"timestamp":1640988973,"price":0.06,"block_number":13915707,"account":{"address":"0x1ab1e0ae98d0b6299c5efe5ee599b44517065360","tx_count":17,"eth":{"value":"0.759112573061001401","dynamic":"0.759112573061001401"},"nft":{"value":4,"dynamic":4,"collections":[false,false,false,false,false,false,false],"collections2":{"89seconds":false,"artBlocks":false,"boredApes":false,"cryptoPunks":false,"ksoids":false,"meebits":false,"omnimorphs":false}}},"floor":0.0599},{"timestamp":1640990681,"price":0.06,"block_number":13915823,"account":{"address":"0x38fd62531fedc4fcdad88a177c11051af1df5ce5","tx_count":10,"eth":{"value":"0.309217849870407466","dynamic":"0.309217849870407466"},"nft":{"value":3,"dynamic":3,"collections":[false,false,false,false,false,false,false],"collections2":{"89seconds":false,"artBlocks":false,"boredApes":false,"cryptoPunks":false,"ksoids":false,"meebits":false,"omnimorphs":false}}},"floor":0.0599}]}