{"uuid":"958b92e8-3703-4470-907f-cfca73000bcc","token_id":423,"color":5,"transactions":[{"timestamp":1634207263,"price":0.10301,"block_number":13415780,"account":{"address":"0xc0ecf2546f5fe83d63bdb5e6a9d1488019848fb9","tx_count":405,"eth":{"value":"0.412418021432962675","dynamic":"0.401467065978118181"},"nft":{"value":170,"dynamic":170,"collections":[false,false,false,false,false,false,false],"collections2":{"89seconds":false,"artBlocks":false,"boredApes":false,"cryptoPunks":false,"ksoids":false,"meebits":false,"omnimorphs":false}}},"floor":0.10301},{"timestamp":1635258353,"price":0.225,"block_number":13493514,"account":{"address":"0x393f5fcc765421713bd4723832018aa94c8325db","tx_count":311,"eth":{"value":"0.234567930679119669","dynamic":"0.008190240776618765"},"nft":{"value":163,"dynamic":133,"collections":[false,false,false,false,false,false,false],"collections2":{"89seconds":false,"artBlocks":false,"boredApes":false,"cryptoPunks":false,"ksoids":false,"meebits":false,"omnimorphs":false}}},"floor":0.10301},{"timestamp":1635331277,"price":0.16,"block_number":13498926,"account":{"address":"0x092e7acb2c8f13546ccff96bc6a6005ae9fe5162","tx_count":439,"eth":{"value":"0.655323034482754515","dynamic":"0.655323034482754515"},"nft":{"value":192,"dynamic":192,"collections":[false,false,false,false,false,false,false],"collections2":{"89seconds":false,"artBlocks":false,"boredApes":false,"cryptoPunks":false,"ksoids":false,"meebits":false,"omnimorphs":true}}},"floor":0.10301}]}