{"uuid":"81fef6a4-3c0b-4f45-a2b9-a911f1270527","token_id":424,"color":0,"transactions":[{"timestamp":1634207265,"price":0.10301,"block_number":13415781,"account":{"address":"0xd15d558cb022566ce7c291d1f229420bca842349","tx_count":138,"eth":{"value":"1.187200907049202133","dynamic":"1.187200907049202133"},"nft":{"value":32,"dynamic":32,"collections":[false,false,false,false,false,false,false],"collections2":{"89seconds":false,"artBlocks":false,"boredApes":false,"cryptoPunks":false,"ksoids":false,"meebits":false,"omnimorphs":false}}},"floor":0.10301},{"timestamp":1634447308,"price":0.17,"block_number":13433489,"account":{"address":"0x9a8015305ee384fa34fc4c0f0c25a1875ad7c406","tx_count":55,"eth":{"value":"0.035221542231524492","dynamic":"0.035221538641214768"},"nft":{"value":24,"dynamic":24,"collections":[false,false,false,false,false,false,false],"collections2":{"89seconds":false,"artBlocks":false,"boredApes":false,"cryptoPunks":false,"ksoids":false,"meebits":false,"omnimorphs":false}}},"floor":0.134865},{"timestamp":1634447470,"price":0.15,"block_number":13433498,"account":{"address":"0xf860c21abaa19e1afd03aecf4c660b0fe09bf511","tx_count":23,"eth":{"value":"0.049872538063926464","dynamic":"0.049872538063926464"},"nft":{"value":11,"dynamic":11,"collections":[false,false,false,false,false,false,false],"collections2":{"89seconds":false,"artBlocks":false,"boredApes":false,"cryptoPunks":false,"ksoids":false,"meebits":false,"omnimorphs":false}}},"floor":0.12137850000000001},{"timestamp":1634447586,"price":0.17,"block_number":13433506,"account":{"address":"0xd15d558cb022566ce7c291d1f229420bca842349","tx_count":184,"eth":{"value":"0.677003355726658768","dynamic":"0.677003355726658768"},"nft":{"value":44,"dynamic":44,"collections":[false,false,false,false,false,false,false],"collections2":{"89seconds":false,"artBlocks":false,"boredApes":false,"cryptoPunks":false,"ksoids":false,"meebits":false,"omnimorphs":false}}},"floor":0.12137850000000001},{"timestamp":1634447985,"price":0.17,"block_number":13433529,"account":{"address":"0x9a8015305ee384fa34fc4c0f0c25a1875ad7c406","tx_count":56,"eth":{"value":"0.023335510455532602","dynamic":"0.023335506865222878"},"nft":{"value":23,"dynamic":23,"collections":[false,false,false,false,false,false,false],"collections2":{"89seconds":false,"artBlocks":false,"boredApes":false,"cryptoPunks":false,"ksoids":false,"meebits":false,"omnimorphs":false}}},"floor":0.1665},{"timestamp":1634448268,"price":0.17,"block_number":13433547,"account":{"address":"0xf860c21abaa19e1afd03aecf4c660b0fe09bf511","tx_count":25,"eth":{"value":"0.02506643307048714","dynamic":"0.02506643307048714"},"nft":{"value":11,"dynamic":11,"collections":[false,false,false,false,false,false,false],"collections2":{"89seconds":false,"artBlocks":false,"boredApes":false,"cryptoPunks":false,"ksoids":false,"meebits":false,"omnimorphs":false}}},"floor":0.134865},{"timestamp":1634448469,"price":0.17,"block_number":13433563,"account":{"address":"0xd15d558cb022566ce7c291d1f229420bca842349","tx_count":186,"eth":{"value":"0.629846003732391598","dynamic":"0.629846003732391598"},"nft":{"value":44,"dynamic":44,"collections":[false,false,false,false,false,false,false],"collections2":{"89seconds":false,"artBlocks":false,"boredApes":false,"cryptoPunks":false,"ksoids":false,"meebits":false,"omnimorphs":false}}},"floor":0.12137850000000001}]}