{"uuid":"60bb4d0c-38e2-4ff3-91c3-d88822fa68df","token_id":429,"color":1,"transactions":[{"timestamp":1634207273,"price":0.10301,"block_number":13415781,"account":{"address":"0x32d74c620da3db24747f453c5d01c87a83462139","tx_count":36,"eth":{"value":"0.194308821803309821","dynamic":"0.194308821803309821"},"nft":{"value":15,"dynamic":15,"collections":[false,false,false,false,false,false,false],"collections2":{"89seconds":false,"artBlocks":false,"boredApes":false,"cryptoPunks":false,"ksoids":false,"meebits":false,"omnimorphs":false}}},"floor":0.10301},{"timestamp":1634905272,"price":0.13,"block_number":13467376,"account":{"address":"0x16205a6048b6af17f1ac1a009bbf2ed9289e6921","tx_count":37654,"eth":{"value":"47.929285596512287246","dynamic":"40.212468301983928107"},"nft":{"value":3613,"dynamic":343,"collections":[false,false,false,false,false,false,false],"collections2":{"89seconds":false,"artBlocks":false,"boredApes":true,"cryptoPunks":false,"ksoids":false,"meebits":false,"omnimorphs":false}}},"floor":0.108},{"timestamp":1635117618,"price":0.2,"block_number":13483082,"account":{"address":"0xcbf6a31e9b121a4f25592fb4a058cc1186210bb3","tx_count":86,"eth":{"value":"3.803095100062861386","dynamic":"3.786492700062861386"},"nft":{"value":5,"dynamic":4,"collections":[false,false,false,false,false,false,false],"collections2":{"89seconds":false,"artBlocks":false,"boredApes":false,"cryptoPunks":false,"ksoids":true,"meebits":false,"omnimorphs":false}}},"floor":0.10301},{"timestamp":1635179743,"price":0.2,"block_number":13487717,"account":{"address":"0x16205a6048b6af17f1ac1a009bbf2ed9289e6921","tx_count":37696,"eth":{"value":"25.002851336542507209","dynamic":"24.232098459361080941"},"nft":{"value":3629,"dynamic":350,"collections":[false,false,false,false,false,false,false],"collections2":{"89seconds":false,"artBlocks":false,"boredApes":true,"cryptoPunks":false,"ksoids":true,"meebits":false,"omnimorphs":false}}},"floor":0.122391},{"timestamp":1638215894,"price":0.01,"block_number":13710525,"account":{"address":"0x25f15d79487288cbcca6811b8148069ed581d992","tx_count":423,"eth":{"value":"1.013487163625640328","dynamic":"0.62898788718233759"},"nft":{"value":524,"dynamic":-3,"collections":[false,false,false,false,false,false,false],"collections2":{"89seconds":false,"artBlocks":false,"boredApes":true,"cryptoPunks":false,"ksoids":false,"meebits":false,"omnimorphs":false}}},"floor":0.0725}]}