{"uuid":"49f0ced9-6427-480c-a818-c2420c5beb4c","token_id":428,"color":0,"transactions":[{"timestamp":1634207270,"price":0.10301,"block_number":13415781,"account":{"address":"0x38fd62531fedc4fcdad88a177c11051af1df5ce5","tx_count":1,"eth":{"value":"0.0413603998291667","dynamic":"0.0413603998291667"},"nft":{"value":3,"dynamic":3,"collections":[false,false,false,false,false,false,false],"collections2":{"89seconds":false,"artBlocks":false,"boredApes":false,"cryptoPunks":false,"ksoids":false,"meebits":false,"omnimorphs":false}}},"floor":0.10301}]}