{"uuid":"287bb41f-9617-44d8-9398-868f486570c9","token_id":420,"color":1,"transactions":[{"timestamp":1634207236,"price":0.10301,"block_number":13415776,"account":{"address":"0xc0ecf2546f5fe83d63bdb5e6a9d1488019848fb9","tx_count":405,"eth":{"value":"0.412418021432962675","dynamic":"0.401467065978118181"},"nft":{"value":170,"dynamic":170,"collections":[false,false,false,false,false,false,false],"collections2":{"89seconds":false,"artBlocks":false,"boredApes":false,"cryptoPunks":false,"ksoids":false,"meebits":false,"omnimorphs":false}}},"floor":0.10301},{"timestamp":1634481330,"price":0.42069,"block_number":13435988,"account":{"address":"0xb282100108e572c21a199ec9b0b4e9cca3bb641c","tx_count":101,"eth":{"value":"12.639868237294611715","dynamic":"12.639868237294611715"},"nft":{"value":34,"dynamic":34,"collections":[false,false,false,false,false,false,false],"collections2":{"89seconds":false,"artBlocks":false,"boredApes":false,"cryptoPunks":false,"ksoids":false,"meebits":false,"omnimorphs":false}}},"floor":0.1799},{"timestamp":1635039001,"price":0.0001,"block_number":13477268,"account":{"address":"0xb282100108e572c21a199ec9b0b4e9cca3bb641c","tx_count":141,"eth":{"value":"8.484787293091651385","dynamic":"8.484787293091651385"},"nft":{"value":34,"dynamic":34,"collections":[false,false,false,false,false,false,false],"collections2":{"89seconds":false,"artBlocks":false,"boredApes":false,"cryptoPunks":false,"ksoids":false,"meebits":false,"omnimorphs":false}}},"floor":0.12420000000000002},{"timestamp":1635039329,"price":0.001,"block_number":13477292,"account":{"address":"0xe4c70800f7fbf773a5e18bc96b0ef4135f63f63e","tx_count":165,"eth":{"value":"0.028288138817255344","dynamic":"0.028288138817255344"},"nft":{"value":83,"dynamic":83,"collections":[false,false,false,false,false,false,false],"collections2":{"89seconds":false,"artBlocks":false,"boredApes":false,"cryptoPunks":false,"ksoids":false,"meebits":false,"omnimorphs":false}}},"floor":0.12420000000000002},{"timestamp":1635045870,"price":0.01,"block_number":13477779,"account":{"address":"0x97557db165c299663ef134f18e1fb3f093a1f15e","tx_count":264,"eth":{"value":"0.007050491803882432","dynamic":"-0.013502051962598028"},"nft":{"value":29,"dynamic":14,"collections":[false,false,false,false,false,false,false],"collections2":{"89seconds":false,"artBlocks":false,"boredApes":false,"cryptoPunks":false,"ksoids":false,"meebits":false,"omnimorphs":false}}},"floor":0.11178000000000002},{"timestamp":1635052743,"price":0.1,"block_number":13478291,"account":{"address":"0xe4c70800f7fbf773a5e18bc96b0ef4135f63f63e","tx_count":166,"eth":{"value":"0.014873713422989344","dynamic":"0.014873713422989344"},"nft":{"value":83,"dynamic":83,"collections":[false,false,false,false,false,false,false],"collections2":{"89seconds":false,"artBlocks":false,"boredApes":false,"cryptoPunks":false,"ksoids":false,"meebits":false,"omnimorphs":false}}},"floor":0.10301}]}