{"uuid":"5ae84c64-ba2f-4ed4-9903-fbc973ffeeea","token_id":421,"color":2,"transactions":[{"timestamp":1634207244,"price":0.10301,"block_number":13415777,"account":{"address":"0xc0ecf2546f5fe83d63bdb5e6a9d1488019848fb9","tx_count":405,"eth":{"value":"0.412418021432962675","dynamic":"0.401467065978118181"},"nft":{"value":170,"dynamic":170,"collections":[false,false,false,false,false,false,false],"collections2":{"artBlocks":false,"boredApes":false,"cryptoPunks":false,"ksoids":false,"meebits":false}}},"floor":0.10301},{"timestamp":1634227672,"price":0.369,"block_number":13417327,"account":{"address":"0x78f28e23ecac90181c9c204599812ac610f2575f","tx_count":220,"eth":{"value":"11.934710917407629986","dynamic":"10.82454416489050705"},"nft":{"value":117,"dynamic":113,"collections":[false,false,false,false,false,false,false],"collections2":{"89seconds":false,"artBlocks":true,"boredApes":true,"cryptoPunks":false,"ksoids":false,"meebits":false,"omnimorphs":false}}},"floor":0.10301},{"timestamp":1634409953,"price":0.211,"block_number":13430716,"account":{"address":"0xd4ffd5bdc785fe5f8b8d3568ab43b8da8492ca4d","tx_count":161,"eth":{"value":"6047.501746535933592","dynamic":"1854.8281714975999972"},"nft":{"value":101,"dynamic":100,"collections":[false,false,false,false,false,false,false],"collections2":{"89seconds":false,"artBlocks":false,"boredApes":false,"cryptoPunks":false,"ksoids":false,"meebits":false,"omnimorphs":false}}},"floor":0.10301},{"timestamp":1637497646,"price":0.1,"block_number":13658176,"account":{"address":"0xc5b0d67b004563d633ba58a198441e992a12b04d","tx_count":137,"eth":{"value":"27.341210018754633826","dynamic":"18.404970191754633828"},"nft":{"value":166,"dynamic":166,"collections":[false,false,false,false,false,false,false],"collections2":{"89seconds":false,"artBlocks":false,"boredApes":false,"cryptoPunks":false,"ksoids":false,"meebits":false,"omnimorphs":false}}},"floor":0.09},{"timestamp":1640357524,"price":0.06,"block_number":13868536,"account":{"address":"0xd4ffd5bdc785fe5f8b8d3568ab43b8da8492ca4d","tx_count":252,"eth":{"value":"5816.667468542549591","dynamic":"1623.9938935042159959"},"nft":{"value":67,"dynamic":66,"collections":[false,false,false,false,false,false,false],"collections2":{"89seconds":false,"artBlocks":false,"boredApes":false,"cryptoPunks":true,"ksoids":false,"meebits":false,"omnimorphs":false}}},"floor":0.0499},{"timestamp":1640384251,"price":0.06315789473684211,"block_number":13870551,"account":{"address":"0xc5b0d67b004563d633ba58a198441e992a12b04d","tx_count":192,"eth":{"value":"70.152803251281423816","dynamic":"61.216563424281423816"},"nft":{"value":160,"dynamic":160,"collections":[false,false,false,false,false,false,false],"collections2":{"89seconds":false,"artBlocks":false,"boredApes":false,"cryptoPunks":true,"ksoids":false,"meebits":false,"omnimorphs":false}}},"floor":0.05},{"timestamp":1640400294,"price":0.058333333333333334,"block_number":13871718,"account":{"address":"0xd4ffd5bdc785fe5f8b8d3568ab43b8da8492ca4d","tx_count":262,"eth":{"value":"5816.668413371951464","dynamic":"1623.994838333617869"},"nft":{"value":84,"dynamic":83,"collections":[false,false,false,false,false,false,false],"collections2":{"89seconds":false,"artBlocks":false,"boredApes":false,"cryptoPunks":true,"ksoids":false,"meebits":false,"omnimorphs":false}}},"floor":0.05}]}