{"uuid":"ba849a07-729a-48ce-b9b3-6867652be3a2","token_id":430,"color":3,"transactions":[{"timestamp":1634207275,"price":0.10301,"block_number":13415782,"account":{"address":"0x32d74c620da3db24747f453c5d01c87a83462139","tx_count":36,"eth":{"value":"0.194308821803309821","dynamic":"0.194308821803309821"},"nft":{"value":15,"dynamic":15,"collections":[false,false,false,false,false,false,false],"collections2":{"89seconds":false,"artBlocks":false,"boredApes":false,"cryptoPunks":false,"ksoids":false,"meebits":false,"omnimorphs":false}}},"floor":0.10301},{"timestamp":1634873797,"price":0.13,"block_number":13465104,"account":{"address":"0x27fc97052117058941fdbcc35e71f53194fd2370","tx_count":79,"eth":{"value":"0.014043376084862985","dynamic":"-0.003609355218439867"},"nft":{"value":7,"dynamic":4,"collections":[false,false,false,false,false,false,false],"collections2":{"89seconds":false,"artBlocks":false,"boredApes":false,"cryptoPunks":false,"ksoids":false,"meebits":false,"omnimorphs":false}}},"floor":0.114}]}