{"uuid":"561c1c2b-68fe-4210-a222-5eca4e89fa7f","token_id":432,"color":5,"transactions":[{"timestamp":1634207279,"price":0.10301,"block_number":13415782,"account":{"address":"0x5ef84c9204c2888db12fc2b93f9a352c7e597a37","tx_count":105,"eth":{"value":"0.769906272889098447","dynamic":"0.769906272889098447"},"nft":{"value":32,"dynamic":32,"collections":[false,false,false,false,false,false,false],"collections2":{"89seconds":false,"artBlocks":false,"boredApes":false,"cryptoPunks":false,"ksoids":false,"meebits":false,"omnimorphs":false}}},"floor":0.10301}]}