{"uuid":"20e73d4b-f85e-4e3b-a8a6-4da0507a1a61","token_id":435,"color":1,"transactions":[{"timestamp":1634207283,"price":0.10301,"block_number":13415782,"account":{"address":"0xf1b0fa8177766c3eeaefe109d4b6c27ca1bcb8a7","tx_count":11,"eth":{"value":"0.067056698773102849","dynamic":"0.044759874938381287"},"nft":{"value":2,"dynamic":2,"collections":[false,false,false,false,false,false,false],"collections2":{"89seconds":false,"artBlocks":false,"boredApes":false,"cryptoPunks":false,"ksoids":false,"meebits":false,"omnimorphs":false}}},"floor":0.10301},{"timestamp":1635915196,"price":0.12,"block_number":13541904,"account":{"address":"0x0bc99f097c44e4b4eb407acd17ea6e3225a765e7","tx_count":33,"eth":{"value":"0.383851473222633838","dynamic":"0.383851473222633838"},"nft":{"value":13,"dynamic":13,"collections":[false,false,false,false,false,false,false],"collections2":{"89seconds":false,"artBlocks":false,"boredApes":false,"cryptoPunks":false,"ksoids":false,"meebits":false,"omnimorphs":true}}},"floor":0.06561},{"timestamp":1635940609,"price":0.095,"block_number":13543734,"account":{"address":"0xf1b0fa8177766c3eeaefe109d4b6c27ca1bcb8a7","tx_count":18,"eth":{"value":"0.032279523381836556","dynamic":"0.009982699547114994"},"nft":{"value":3,"dynamic":3,"collections":[false,false,false,false,false,false,false],"collections2":{"89seconds":false,"artBlocks":false,"boredApes":false,"cryptoPunks":false,"ksoids":false,"meebits":false,"omnimorphs":false}}},"floor":0.05301},{"timestamp":1636005544,"price":0.098,"block_number":13548520,"account":{"address":"0x0bc99f097c44e4b4eb407acd17ea6e3225a765e7","tx_count":34,"eth":{"value":"0.357725891085993262","dynamic":"0.357725891085993262"},"nft":{"value":13,"dynamic":13,"collections":[false,false,false,false,false,false,false],"collections2":{"89seconds":false,"artBlocks":false,"boredApes":false,"cryptoPunks":false,"ksoids":false,"meebits":false,"omnimorphs":true}}},"floor":0.05301},{"timestamp":1637159843,"price":0.09,"block_number":13633538,"account":{"address":"0xf1b0fa8177766c3eeaefe109d4b6c27ca1bcb8a7","tx_count":19,"eth":{"value":"0.011845563381836556","dynamic":"-0.010451260452885006"},"nft":{"value":3,"dynamic":3,"collections":[false,false,false,false,false,false,false],"collections2":{"89seconds":false,"artBlocks":false,"boredApes":false,"cryptoPunks":false,"ksoids":false,"meebits":false,"omnimorphs":false}}},"floor":0.085}]}