{"uuid":"315d6b2c-c296-4595-b3b5-7a967f9cb5fa","token_id":434,"color":4,"transactions":[{"timestamp":1634207282,"price":0.10301,"block_number":13415782,"account":{"address":"0xf1b0fa8177766c3eeaefe109d4b6c27ca1bcb8a7","tx_count":11,"eth":{"value":"0.067056698773102849","dynamic":"0.044759874938381287"},"nft":{"value":2,"dynamic":2,"collections":[false,false,false,false,false,false,false],"collections2":{"89seconds":false,"artBlocks":false,"boredApes":false,"cryptoPunks":false,"ksoids":false,"meebits":false,"omnimorphs":false}}},"floor":0.10301}]}