{"uuid":"e77921ce-ddce-43a8-998a-b15bdbe3a4f4","token_id":431,"color":2,"transactions":[{"timestamp":1634207277,"price":0.10301,"block_number":13415782,"account":{"address":"0x5ef84c9204c2888db12fc2b93f9a352c7e597a37","tx_count":105,"eth":{"value":"0.769906272889098447","dynamic":"0.769906272889098447"},"nft":{"value":32,"dynamic":32,"collections":[false,false,false,false,false,false,false],"collections2":{"89seconds":false,"artBlocks":false,"boredApes":false,"cryptoPunks":false,"ksoids":false,"meebits":false,"omnimorphs":false}}},"floor":0.10301},{"timestamp":1634390530,"price":0.16,"block_number":13429269,"account":{"address":"0xf79eff7690a4ae15d53cf7b90f8c20e223f2cfa6","tx_count":120,"eth":{"value":"0.037331457783188428","dynamic":"0.033016886273208455"},"nft":{"value":43,"dynamic":36,"collections":[false,false,false,false,false,false,false],"collections2":{"89seconds":false,"artBlocks":false,"boredApes":false,"cryptoPunks":false,"ksoids":false,"meebits":false,"omnimorphs":false}}},"floor":0.15}]}