{"uuid":"b93c1452-f4af-4d16-b684-bb2d14055998","token_id":438,"color":3,"transactions":[{"timestamp":1634207291,"price":0.10301,"block_number":13415782,"account":{"address":"0xbe758bb04434adf32be6e82e5688426bb129a113","tx_count":16,"eth":{"value":"0.114589278886895509","dynamic":"0.097405600438438073"},"nft":{"value":6,"dynamic":6,"collections":[false,false,false,false,false,false,false],"collections2":{"89seconds":false,"artBlocks":false,"boredApes":false,"cryptoPunks":false,"ksoids":false,"meebits":false,"omnimorphs":false}}},"floor":0.10301},{"timestamp":1634863894,"price":0.12,"block_number":13464364,"account":{"address":"0x9a65eda07fd5ed3fa4faea49305ed232d8e1bfaa","tx_count":185,"eth":{"value":"1.320876620766253242","dynamic":"0.974246030864673516"},"nft":{"value":9,"dynamic":9,"collections":[false,false,false,false,false,false,false],"collections2":{"89seconds":false,"artBlocks":false,"boredApes":false,"cryptoPunks":false,"ksoids":false,"meebits":false,"omnimorphs":false}}},"floor":0.10301}]}