{"uuid":"d334b309-33c6-4cc3-854b-a9ad56c8d7b9","token_id":439,"color":5,"transactions":[{"timestamp":1634207292,"price":0.10301,"block_number":13415782,"account":{"address":"0xbe758bb04434adf32be6e82e5688426bb129a113","tx_count":16,"eth":{"value":"0.114589278886895509","dynamic":"0.097405600438438073"},"nft":{"value":6,"dynamic":6,"collections":[false,false,false,false,false,false,false],"collections2":{"89seconds":false,"artBlocks":false,"boredApes":false,"cryptoPunks":false,"ksoids":false,"meebits":false,"omnimorphs":false}}},"floor":0.10301},{"timestamp":1635008442,"price":0.15,"block_number":13475016,"account":{"address":"0xc2e8db85f30e83a332d47a933500ba5b8a5ad977","tx_count":146,"eth":{"value":"0.076707206269326208","dynamic":"0.016663562177267363"},"nft":{"value":39,"dynamic":39,"collections":[false,false,false,false,false,false,false],"collections2":{"89seconds":false,"artBlocks":false,"boredApes":false,"cryptoPunks":false,"ksoids":false,"meebits":false,"omnimorphs":false}}},"floor":0.12600000000000003},{"timestamp":1635048567,"price":0.16,"block_number":13477984,"account":{"address":"0x67362b4fb7072680a4f119cc442fb24f55dbd6c4","tx_count":25,"eth":{"value":"1.24564963417075498","dynamic":"1.24564963417075498"},"nft":{"value":16,"dynamic":16,"collections":[false,false,false,false,false,false,false],"collections2":{"89seconds":false,"artBlocks":false,"boredApes":false,"cryptoPunks":false,"ksoids":false,"meebits":false,"omnimorphs":false}}},"floor":0.10301},{"timestamp":1635054535,"price":0.162,"block_number":13478415,"account":{"address":"0xc2e8db85f30e83a332d47a933500ba5b8a5ad977","tx_count":153,"eth":{"value":"0.369773567826495052","dynamic":"0.309729923734436207"},"nft":{"value":44,"dynamic":44,"collections":[false,false,false,false,false,false,false],"collections2":{"89seconds":false,"artBlocks":false,"boredApes":false,"cryptoPunks":false,"ksoids":false,"meebits":false,"omnimorphs":false}}},"floor":0.138},{"timestamp":1635055277,"price":0.165,"block_number":13478484,"account":{"address":"0x67362b4fb7072680a4f119cc442fb24f55dbd6c4","tx_count":26,"eth":{"value":"1.22443899217075498","dynamic":"1.22443899217075498"},"nft":{"value":16,"dynamic":16,"collections":[false,false,false,false,false,false,false],"collections2":{"89seconds":false,"artBlocks":false,"boredApes":false,"cryptoPunks":false,"ksoids":false,"meebits":false,"omnimorphs":false}}},"floor":0.12420000000000002},{"timestamp":1635056303,"price":0.168,"block_number":13478554,"account":{"address":"0xc2e8db85f30e83a332d47a933500ba5b8a5ad977","tx_count":154,"eth":{"value":"0.347189965223270482","dynamic":"0.287146321131211637"},"nft":{"value":44,"dynamic":44,"collections":[false,false,false,false,false,false,false],"collections2":{"89seconds":false,"artBlocks":false,"boredApes":false,"cryptoPunks":false,"ksoids":false,"meebits":false,"omnimorphs":false}}},"floor":0.138},{"timestamp":1635881254,"price":0.35,"block_number":13539379,"account":{"address":"0x19e9a6a3fa71a7ed563b7de9133b96db798b2fa2","tx_count":25,"eth":{"value":"0.402833775620719568","dynamic":"0.402833775620719568"},"nft":{"value":57,"dynamic":57,"collections":[false,false,false,false,false,false,false],"collections2":{"89seconds":false,"artBlocks":false,"boredApes":false,"cryptoPunks":false,"ksoids":true,"meebits":false,"omnimorphs":true}}},"floor":0.08083627624623123}]}