{"uuid":"85b862b2-eade-4460-bc85-7bab14d433d3","token_id":436,"color":5,"transactions":[{"timestamp":1634207285,"price":0.10301,"block_number":13415782,"account":{"address":"0x84b503af73a5f7f62149829a223ae4a45438aca2","tx_count":82,"eth":{"value":"0.865036606760120263","dynamic":"0.856439976792658881"},"nft":{"value":21,"dynamic":21,"collections":[false,false,false,false,false,false,false],"collections2":{"89seconds":false,"artBlocks":false,"boredApes":false,"cryptoPunks":false,"ksoids":false,"meebits":false,"omnimorphs":false}}},"floor":0.10301},{"timestamp":1634209261,"price":0.219,"block_number":13415920,"account":{"address":"0xf3d7f04be645adbdde46b54f3f760cdf8f7416a5","tx_count":26,"eth":{"value":"2.611424035845656384","dynamic":"2.611424035845656384"},"nft":{"value":17,"dynamic":17,"collections":[false,false,false,false,false,false,false],"collections2":{"89seconds":false,"artBlocks":false,"boredApes":false,"cryptoPunks":false,"ksoids":false,"meebits":false,"omnimorphs":true}}},"floor":0.10301},{"timestamp":1634223655,"price":0.55,"block_number":13417000,"account":{"address":"0xad25e0585f3ce763a9a95ab3f91e58f345dc2106","tx_count":25,"eth":{"value":"0.006425080665803272","dynamic":"0.006425080665803272"},"nft":{"value":16,"dynamic":16,"collections":[false,false,false,false,false,false,false],"collections2":{"89seconds":false,"artBlocks":false,"boredApes":false,"cryptoPunks":false,"ksoids":false,"meebits":false,"omnimorphs":true}}},"floor":0.10301}]}