{"uuid":"81acaff7-9901-4f86-8113-2378fe984389","token_id":433,"color":5,"transactions":[{"timestamp":1634207281,"price":0.10301,"block_number":13415782,"account":{"address":"0x59333f39a196ac01ea6fa5b29e6e26d0497338f1","tx_count":13,"eth":{"value":"0.851751489559802153","dynamic":"0.851751489559802153"},"nft":{"value":3,"dynamic":3,"collections":[false,false,false,false,false,false,false],"collections2":{"89seconds":false,"artBlocks":false,"boredApes":false,"cryptoPunks":false,"ksoids":false,"meebits":false,"omnimorphs":false}}},"floor":0.10301},{"timestamp":1634224562,"price":0.33,"block_number":13417062,"account":{"address":"0xf4c29bc5cbefd546e270b518d18a8153b1dbb384","tx_count":9,"eth":{"value":"1.15797442232133079","dynamic":"1.15797442232133079"},"nft":{"value":3,"dynamic":3,"collections":[false,false,false,false,false,false,false],"collections2":{"89seconds":false,"artBlocks":false,"boredApes":false,"cryptoPunks":false,"ksoids":false,"meebits":false,"omnimorphs":false}}},"floor":0.10301}]}