{"uuid":"017c4208-15c9-4b72-8938-a08bc2519a47","token_id":437,"color":0,"transactions":[{"timestamp":1634207290,"price":0.10301,"block_number":13415782,"account":{"address":"0xbe758bb04434adf32be6e82e5688426bb129a113","tx_count":16,"eth":{"value":"0.114589278886895509","dynamic":"0.097405600438438073"},"nft":{"value":6,"dynamic":6,"collections":[false,false,false,false,false,false,false],"collections2":{"89seconds":false,"artBlocks":false,"boredApes":false,"cryptoPunks":false,"ksoids":false,"meebits":false,"omnimorphs":false}}},"floor":0.10301},{"timestamp":1634863072,"price":0,"block_number":13464305,"account":{"address":"0x8b8c7b71072f853d11d9c94ac86fb2f57af80053","tx_count":138,"eth":{"value":"10.069423151442135909","dynamic":"10.069423151442135909"},"nft":{"value":32,"dynamic":32,"collections":[false,false,false,false,false,false,false],"collections2":{"89seconds":false,"artBlocks":false,"boredApes":false,"cryptoPunks":false,"ksoids":false,"meebits":false,"omnimorphs":false}}},"floor":0.1071},{"timestamp":1639864820,"price":0.069,"block_number":13831672,"account":{"address":"0x3f58588b59da010031dd8a355dcd7de229663ebf","tx_count":279,"eth":{"value":"0.162507599521082607","dynamic":"-3.821888410986304193"},"nft":{"value":263,"dynamic":168,"collections":[false,false,false,false,false,false,false],"collections2":{"89seconds":false,"artBlocks":true,"boredApes":true,"cryptoPunks":false,"ksoids":false,"meebits":true,"omnimorphs":false}}},"floor":0.068}]}