{"uuid":"8f9fb454-cc13-4320-9550-8a2075b3ab89","token_id":444,"color":3,"transactions":[{"timestamp":1634207303,"price":0.10301,"block_number":13415782,"account":{"address":"0x88dd09c514dda1f14b64fcb65c8fa185be110c7c","tx_count":141,"eth":{"value":"0.404368298716366087","dynamic":"0.404368298716366087"},"nft":{"value":46,"dynamic":46,"collections":[false,false,false,false,false,false,false],"collections2":{"89seconds":false,"artBlocks":false,"boredApes":false,"cryptoPunks":false,"ksoids":false,"meebits":false,"omnimorphs":false}}},"floor":0.10301},{"timestamp":1634440837,"price":0.24,"block_number":13433013,"account":{"address":"0x56358c8af1980d428eff7400f27f07b7f803b168","tx_count":56,"eth":{"value":"7.443577753182744004","dynamic":"7.411914115275819217"},"nft":{"value":9,"dynamic":9,"collections":[false,false,false,false,false,false,false],"collections2":{"89seconds":false,"artBlocks":false,"boredApes":false,"cryptoPunks":false,"ksoids":false,"meebits":false,"omnimorphs":false}}},"floor":0.10301}]}