{"uuid":"cd908c22-ddcd-4809-a65b-7be305986209","token_id":441,"color":0,"transactions":[{"timestamp":1634207296,"price":0.10301,"block_number":13415782,"account":{"address":"0xac693e7e769facc6f238306e10a865438a0a0e24","tx_count":85,"eth":{"value":"0.378470549501098931","dynamic":"0.374453741401098931"},"nft":{"value":24,"dynamic":24,"collections":[false,false,false,false,false,false,false],"collections2":{"89seconds":false,"artBlocks":false,"boredApes":false,"cryptoPunks":false,"ksoids":false,"meebits":false,"omnimorphs":false}}},"floor":0.10301},{"timestamp":1639487094,"price":0.07666,"block_number":13803455,"account":{"address":"0xc35a5fec6be6957899e15559be252db882220b37","tx_count":30122,"eth":{"value":"9.704532910663554657","dynamic":"-31.791733276168233998"},"nft":{"value":3314,"dynamic":613,"collections":[false,false,false,false,false,false,false],"collections2":{"89seconds":false,"artBlocks":true,"boredApes":true,"cryptoPunks":true,"ksoids":false,"meebits":false,"omnimorphs":false}}},"floor":0.07},{"timestamp":1640248739,"price":0.06,"block_number":13860374,"account":{"address":"0x03b16ab6e23bdbeeab719d8e4c49d63674876253","tx_count":37480,"eth":{"value":"0.503168628772876363","dynamic":"0.461968175483062829"},"nft":{"value":3,"dynamic":1,"collections":[false,false,false,false,false,false,false],"collections2":{"89seconds":false,"artBlocks":true,"boredApes":false,"cryptoPunks":false,"ksoids":false,"meebits":false,"omnimorphs":false}}},"floor":0.053},{"timestamp":1640253920,"price":0.06,"block_number":13860747,"account":{"address":"0xc35a5fec6be6957899e15559be252db882220b37","tx_count":30198,"eth":{"value":"3.9099258192392966","dynamic":"-12.617639994479617011"},"nft":{"value":3368,"dynamic":669,"collections":[false,false,false,false,false,false,false],"collections2":{"89seconds":false,"artBlocks":true,"boredApes":false,"cryptoPunks":false,"ksoids":false,"meebits":false,"omnimorphs":false}}},"floor":0.053},{"timestamp":1640255688,"price":0.06,"block_number":13860872,"account":{"address":"0x03b16ab6e23bdbeeab719d8e4c49d63674876253","tx_count":37483,"eth":{"value":"0.394465544503622067","dynamic":"0.353265091213808533"},"nft":{"value":6,"dynamic":4,"collections":[false,false,false,false,false,false,false],"collections2":{"89seconds":false,"artBlocks":true,"boredApes":false,"cryptoPunks":false,"ksoids":false,"meebits":false,"omnimorphs":false}}},"floor":0.053},{"timestamp":1640257105,"price":0.06,"block_number":13860984,"account":{"address":"0xc35a5fec6be6957899e15559be252db882220b37","tx_count":30199,"eth":{"value":"3.832287746181837616","dynamic":"-12.695278067537075995"},"nft":{"value":3368,"dynamic":672,"collections":[false,false,false,false,false,false,false],"collections2":{"89seconds":false,"artBlocks":true,"boredApes":false,"cryptoPunks":false,"ksoids":false,"meebits":false,"omnimorphs":false}}},"floor":0.05}]}