{"uuid":"35727f03-b600-46d7-b959-4d29271db4e6","token_id":446,"color":4,"transactions":[{"timestamp":1634207318,"price":0.10301,"block_number":13415782,"account":{"address":"0x2720278d977fa37605faacf2c81d10c1fc83c2d0","tx_count":190,"eth":{"value":"0.270909920043218872","dynamic":"0.270909920043218872"},"nft":{"value":159,"dynamic":159,"collections":[false,false,false,false,false,false,false],"collections2":{"89seconds":false,"artBlocks":false,"boredApes":false,"cryptoPunks":false,"ksoids":false,"meebits":false,"omnimorphs":false}}},"floor":0.10301},{"timestamp":1634218621,"price":0.23,"block_number":13416620,"account":{"address":"0xb0e984d4bf1830dcb6c8c4e0f81d0869d2f037b1","tx_count":260,"eth":{"value":"2.087435569957974686","dynamic":"1.770568018805642201"},"nft":{"value":77,"dynamic":38,"collections":[false,false,false,false,false,false,false],"collections2":{"89seconds":false,"artBlocks":false,"boredApes":true,"cryptoPunks":false,"ksoids":false,"meebits":true,"omnimorphs":true}}},"floor":0.10301}]}