{"uuid":"2da5f3c4-b2cf-4045-9001-36224cc520a1","token_id":443,"color":5,"transactions":[{"timestamp":1634207299,"price":0.10301,"block_number":13415782,"account":{"address":"0xac693e7e769facc6f238306e10a865438a0a0e24","tx_count":85,"eth":{"value":"0.378470549501098931","dynamic":"0.374453741401098931"},"nft":{"value":24,"dynamic":24,"collections":[false,false,false,false,false,false,false],"collections2":{"89seconds":false,"artBlocks":false,"boredApes":false,"cryptoPunks":false,"ksoids":false,"meebits":false,"omnimorphs":false}}},"floor":0.10301},{"timestamp":1634211427,"price":0.249,"block_number":13416077,"account":{"address":"0x69ca096066addc51046097d029c64e8254e4a43e","tx_count":74,"eth":{"value":"0.096679890691706891","dynamic":"0.096679890691706891"},"nft":{"value":14,"dynamic":14,"collections":[false,false,false,false,false,false,false],"collections2":{"89seconds":false,"artBlocks":false,"boredApes":false,"cryptoPunks":false,"ksoids":false,"meebits":false,"omnimorphs":false}}},"floor":0.10301},{"timestamp":1635064516,"price":0.175,"block_number":13479145,"account":{"address":"0x67cc642f32d724724765dbc40472a3d520b9e02a","tx_count":1014,"eth":{"value":"2.76671065299316004","dynamic":"2.704798199396226743"},"nft":{"value":144,"dynamic":130,"collections":[false,false,false,false,false,false,false],"collections2":{"89seconds":false,"artBlocks":false,"boredApes":true,"cryptoPunks":false,"ksoids":false,"meebits":false,"omnimorphs":false}}},"floor":0.12420000000000002},{"timestamp":1635065525,"price":0.195,"block_number":13479222,"account":{"address":"0x68665572e6244ec2e0e0f444c3d859928aa15b26","tx_count":356,"eth":{"value":"1.392004091708279629","dynamic":"-0.627019813653822076"},"nft":{"value":98,"dynamic":74,"collections":[false,false,false,false,false,false,false],"collections2":{"89seconds":false,"artBlocks":true,"boredApes":true,"cryptoPunks":false,"ksoids":false,"meebits":false,"omnimorphs":false}}},"floor":0.12420000000000002},{"timestamp":1635146144,"price":0.2168,"block_number":13485178,"account":{"address":"0x18456ce597e8469472dcb76e9144a151681cdc52","tx_count":46,"eth":{"value":"0.74853482918986665","dynamic":"0.74853482918986665"},"nft":{"value":30,"dynamic":29,"collections":[false,false,false,false,false,false,false],"collections2":{"89seconds":false,"artBlocks":false,"boredApes":false,"cryptoPunks":false,"ksoids":false,"meebits":true,"omnimorphs":false}}},"floor":0.10301},{"timestamp":1639176484,"price":0.104,"block_number":13780184,"account":{"address":"0x4e7ea23a608949f52820bf9d2c01f6d914d98203","tx_count":208,"eth":{"value":"0.072575872590933538","dynamic":"0.062502375973855731"},"nft":{"value":20,"dynamic":17,"collections":[false,false,false,false,false,false,false],"collections2":{"89seconds":true,"artBlocks":true,"boredApes":true,"cryptoPunks":true,"ksoids":true,"meebits":true,"omnimorphs":true}}},"floor":0.0795}]}