{"uuid":"5d22bcbc-5986-4b11-8184-f697a1b59158","token_id":447,"color":3,"transactions":[{"timestamp":1634207321,"price":0.10301,"block_number":13415782,"account":{"address":"0xba942ba205ddcfbe56eb3fa0d1e325b4c9a9638a","tx_count":124,"eth":{"value":"0.292495788809296632","dynamic":"0.251000463928576332"},"nft":{"value":51,"dynamic":47,"collections":[false,false,false,false,false,false,false],"collections2":{"89seconds":false,"artBlocks":false,"boredApes":false,"cryptoPunks":false,"ksoids":false,"meebits":true,"omnimorphs":false}}},"floor":0.10301},{"timestamp":1640830300,"price":0.06,"block_number":13903960,"account":{"address":"0x3285ba409c0bd13a7e3f3fda5e721d8d5f8f80db","tx_count":38,"eth":{"value":"7.289097617130148296","dynamic":"6.922442877412691952"},"nft":{"value":109,"dynamic":51,"collections":[false,false,false,false,false,false,false],"collections2":{"89seconds":false,"artBlocks":false,"boredApes":true,"cryptoPunks":true,"ksoids":false,"meebits":true,"omnimorphs":false}}},"floor":0.0429},{"timestamp":1640889304,"price":0.046,"block_number":13908316,"account":{"address":"0x3285ba409c0bd13a7e3f3fda5e721d8d5f8f80db","tx_count":42,"eth":{"value":"6.526425540435123964","dynamic":"6.15977080071766762"},"nft":{"value":111,"dynamic":53,"collections":[false,false,false,false,false,false,false],"collections2":{"89seconds":false,"artBlocks":false,"boredApes":true,"cryptoPunks":true,"ksoids":false,"meebits":true,"omnimorphs":false}}},"floor":0.042},{"timestamp":1640898772,"price":0.046,"block_number":13909040,"account":{"address":"0x3285ba409c0bd13a7e3f3fda5e721d8d5f8f80db","tx_count":45,"eth":{"value":"6.313526403358804047","dynamic":"5.946871663641347703"},"nft":{"value":102,"dynamic":44,"collections":[false,false,false,false,false,false,false],"collections2":{"89seconds":false,"artBlocks":false,"boredApes":true,"cryptoPunks":true,"ksoids":false,"meebits":true,"omnimorphs":false}}},"floor":0.03861},{"timestamp":1640906492,"price":0.042,"block_number":13909623,"account":{"address":"0x3285ba409c0bd13a7e3f3fda5e721d8d5f8f80db","tx_count":47,"eth":{"value":"5.749489228466186542","dynamic":"5.382834488748730198"},"nft":{"value":102,"dynamic":44,"collections":[false,false,false,false,false,false,false],"collections2":{"89seconds":false,"artBlocks":false,"boredApes":true,"cryptoPunks":true,"ksoids":false,"meebits":true,"omnimorphs":false}}},"floor":0.04},{"timestamp":1640930072,"price":0.04,"block_number":13911358,"account":{"address":"0x3285ba409c0bd13a7e3f3fda5e721d8d5f8f80db","tx_count":52,"eth":{"value":"5.409186642288956961","dynamic":"5.042531902571500617"},"nft":{"value":102,"dynamic":44,"collections":[false,false,false,false,false,false,false],"collections2":{"89seconds":false,"artBlocks":false,"boredApes":true,"cryptoPunks":true,"ksoids":false,"meebits":true,"omnimorphs":false}}},"floor":0.036}]}