{"uuid":"23750640-ddee-40a3-8dd8-916483044d36","token_id":440,"color":0,"transactions":[{"timestamp":1634207295,"price":0.10301,"block_number":13415782,"account":{"address":"0xd354b51ca68030d16caf91177b546c5ebaab0277","tx_count":67,"eth":{"value":"0.198788651719103196","dynamic":"0.198788651719103196"},"nft":{"value":32,"dynamic":32,"collections":[false,false,false,false,false,false,false],"collections2":{"89seconds":false,"artBlocks":false,"boredApes":false,"cryptoPunks":false,"ksoids":false,"meebits":false,"omnimorphs":false}}},"floor":0.10301},{"timestamp":1634208263,"price":0.22,"block_number":13415862,"account":{"address":"0x1f49e1fae7b487d6bcb86d702b06ee7a45b72ee8","tx_count":29,"eth":{"value":"2.654671591570067559","dynamic":"2.4412314508750592"},"nft":{"value":24,"dynamic":19,"collections":[false,false,false,false,false,false,false],"collections2":{"89seconds":false,"artBlocks":false,"boredApes":true,"cryptoPunks":true,"ksoids":false,"meebits":false,"omnimorphs":false}}},"floor":0.10301}]}