{"uuid":"3e3c2efa-52d8-4aa8-a23a-caea1a8b901a","token_id":442,"color":2,"transactions":[{"timestamp":1634207298,"price":0.10301,"block_number":13415782,"account":{"address":"0xac693e7e769facc6f238306e10a865438a0a0e24","tx_count":85,"eth":{"value":"0.378470549501098931","dynamic":"0.374453741401098931"},"nft":{"value":24,"dynamic":24,"collections":[false,false,false,false,false,false,false],"collections2":{"89seconds":false,"artBlocks":false,"boredApes":false,"cryptoPunks":false,"ksoids":false,"meebits":false,"omnimorphs":false}}},"floor":0.10301},{"timestamp":1637326847,"price":0.1235,"block_number":13645705,"account":{"address":"0x4e7ea23a608949f52820bf9d2c01f6d914d98203","tx_count":103,"eth":{"value":"1.843545238462107537","dynamic":"1.83347174184502973"},"nft":{"value":12,"dynamic":9,"collections":[false,false,false,false,false,false,false],"collections2":{"89seconds":true,"artBlocks":true,"boredApes":true,"cryptoPunks":true,"ksoids":true,"meebits":true,"omnimorphs":true}}},"floor":0.095},{"timestamp":1637704582,"price":0.28,"block_number":13673325,"account":{"address":"0x3b6b9fe01bc88574e7acb90949d4ad5adbe2d4a9","tx_count":156,"eth":{"value":"0.316465501018210279","dynamic":"0.316465501018210279"},"nft":{"value":136,"dynamic":136,"collections":[false,false,false,false,false,false,false],"collections2":{"89seconds":false,"artBlocks":false,"boredApes":false,"cryptoPunks":false,"ksoids":false,"meebits":false,"omnimorphs":false}}},"floor":0.06300000000000001},{"timestamp":1637707193,"price":0.071,"block_number":13673535,"account":{"address":"0x196ab3e637219ea9d2efdec0523006af0c1fc8f1","tx_count":365,"eth":{"value":"0.033468454914811194","dynamic":"0.030374816201692759"},"nft":{"value":34,"dynamic":32,"collections":[false,false,false,false,false,false,false],"collections2":{"89seconds":false,"artBlocks":false,"boredApes":false,"cryptoPunks":false,"ksoids":false,"meebits":false,"omnimorphs":true}}},"floor":0.07}]}