{"uuid":"2d374c2f-6132-42e0-b77a-effb80d45307","token_id":449,"color":4,"transactions":[{"timestamp":1634207325,"price":0.10301,"block_number":13415782,"account":{"address":"0xba942ba205ddcfbe56eb3fa0d1e325b4c9a9638a","tx_count":124,"eth":{"value":"0.292495788809296632","dynamic":"0.251000463928576332"},"nft":{"value":51,"dynamic":47,"collections":[false,false,false,false,false,false,false],"collections2":{"89seconds":false,"artBlocks":false,"boredApes":false,"cryptoPunks":false,"ksoids":false,"meebits":true,"omnimorphs":false}}},"floor":0.10301}]}