{"uuid":"01362d7d-772a-4b40-8b53-852a9c7034fc","token_id":445,"color":3,"transactions":[{"timestamp":1634207312,"price":0.10301,"block_number":13415782,"account":{"address":"0x2720278d977fa37605faacf2c81d10c1fc83c2d0","tx_count":190,"eth":{"value":"0.270909920043218872","dynamic":"0.270909920043218872"},"nft":{"value":159,"dynamic":159,"collections":[false,false,false,false,false,false,false],"collections2":{"89seconds":false,"artBlocks":false,"boredApes":false,"cryptoPunks":false,"ksoids":false,"meebits":false,"omnimorphs":false}}},"floor":0.10301},{"timestamp":1634411147,"price":0.17,"block_number":13430798,"account":{"address":"0x2615a4447515d97640e43ccbbf47e003f55eb18c","tx_count":2899,"eth":{"value":"2.676423224356531522","dynamic":"2.676423224356531522"},"nft":{"value":1144,"dynamic":24,"collections":[false,false,false,false,false,false,false],"collections2":{"89seconds":false,"artBlocks":false,"boredApes":false,"cryptoPunks":false,"ksoids":false,"meebits":false,"omnimorphs":false}}},"floor":0.10301}]}