{"uuid":"c8dfa583-3b55-4060-bac5-da3b732410f4","token_id":456,"color":0,"transactions":[{"timestamp":1634207343,"price":0.10301,"block_number":13415783,"account":{"address":"0x5c54151916d6270cd8159f4731b3170c4580f517","tx_count":157,"eth":{"value":"0.483590131000359395","dynamic":"0.483590131000359395"},"nft":{"value":42,"dynamic":42,"collections":[false,false,false,false,false,false,false],"collections2":{"89seconds":false,"artBlocks":false,"boredApes":false,"cryptoPunks":false,"ksoids":false,"meebits":false,"omnimorphs":false}}},"floor":0.10301},{"timestamp":1637485094,"price":0.0899,"block_number":13657221,"account":{"address":"0x241365e6eed258ac4a2824424b6802c0240e13eb","tx_count":71,"eth":{"value":"1.071543982934765728","dynamic":"1.071543982934765728"},"nft":{"value":65,"dynamic":65,"collections":[false,false,false,false,false,false,false],"collections2":{"89seconds":true,"artBlocks":false,"boredApes":false,"cryptoPunks":false,"ksoids":true,"meebits":true,"omnimorphs":false}}},"floor":0.088}]}