{"uuid":"86625544-fc3d-418d-8c8c-e27cfc818621","token_id":452,"color":0,"transactions":[{"timestamp":1634207329,"price":0.10301,"block_number":13415783,"account":{"address":"0x23145f55648b1399356b519e96fc369f85a1f82d","tx_count":114,"eth":{"value":"0.263962036788862117","dynamic":"0.259185977126019061"},"nft":{"value":11,"dynamic":10,"collections":[false,false,false,false,false,false,false],"collections2":{"89seconds":false,"boredApes":false,"cryptoPunks":false,"ksoids":false,"omnimorphs":false}}},"floor":0.10301},{"timestamp":1634834463,"price":0.25,"block_number":13462143,"account":{"address":"0xca732469b336831fcbe82bf96206a8f5403b2e9c","tx_count":129,"eth":{"value":"0.468482102627522123","dynamic":"0.467343404627522123"},"nft":{"value":17,"dynamic":16,"collections":[false,false,false,false,false,false,false],"collections2":{"89seconds":false,"artBlocks":false,"boredApes":false,"cryptoPunks":false,"ksoids":false,"meebits":false,"omnimorphs":false}}},"floor":0.115191}]}