{"uuid":"5d2844d0-ef16-4774-95c7-5137387fbc36","token_id":458,"color":3,"transactions":[{"timestamp":1634207354,"price":0.10301,"block_number":13415783,"account":{"address":"0xe66119846a1ebe948ea147656b08742479cef006","tx_count":250,"eth":{"value":"0.252375955771713288","dynamic":"0.226702211944968129"},"nft":{"value":113,"dynamic":110,"collections":[false,false,false,false,false,false,false],"collections2":{"89seconds":false,"artBlocks":false,"boredApes":false,"cryptoPunks":false,"ksoids":false,"meebits":false,"omnimorphs":false}}},"floor":0.10301}]}