{"uuid":"d551c5dd-df07-4504-9d62-baedfbe5cd59","token_id":459,"color":2,"transactions":[{"timestamp":1634207360,"price":0.10301,"block_number":13415783,"account":{"address":"0xe66119846a1ebe948ea147656b08742479cef006","tx_count":250,"eth":{"value":"0.252375955771713288","dynamic":"0.226702211944968129"},"nft":{"value":113,"dynamic":110,"collections":[false,false,false,false,false,false,false],"collections2":{"89seconds":false,"artBlocks":false,"boredApes":false,"cryptoPunks":false,"ksoids":false,"meebits":false,"omnimorphs":false}}},"floor":0.10301},{"timestamp":1635682641,"price":0.11,"block_number":13524737,"account":{"address":"0xc35a5fec6be6957899e15559be252db882220b37","tx_count":29533,"eth":{"value":"45.659980548537204236","dynamic":"45.587479565428997142"},"nft":{"value":6807,"dynamic":801,"collections":[false,false,false,false,false,false,false],"collections2":{"89seconds":true,"artBlocks":true,"boredApes":true,"cryptoPunks":true,"ksoids":true,"meebits":true,"omnimorphs":false}}},"floor":0.05301}]}