{"uuid":"674dd9d9-cb3a-4df5-8c26-c99c633bd440","token_id":451,"color":3,"transactions":[{"timestamp":1634207328,"price":0.10301,"block_number":13415782,"account":{"address":"0x23145f55648b1399356b519e96fc369f85a1f82d","tx_count":114,"eth":{"value":"0.263962036788862117","dynamic":"0.259185977126019061"},"nft":{"value":11,"dynamic":10,"collections":[false,false,false,false,false,false,false],"collections2":{"89seconds":false,"artBlocks":false,"boredApes":false,"cryptoPunks":false,"ksoids":false,"meebits":false,"omnimorphs":false}}},"floor":0.10301},{"timestamp":1634223128,"price":0.29,"block_number":13416948,"account":{"address":"0xb6321c5e3d0a97b8d4218bc15ec95bd8d1f7d639","tx_count":588,"eth":{"value":"105.19513551113274297","dynamic":"105.19513551113274297"},"nft":{"value":448,"dynamic":448,"collections":[false,false,false,false,false,false,false],"collections2":{"89seconds":false,"artBlocks":false,"boredApes":false,"cryptoPunks":false,"ksoids":false,"meebits":false,"omnimorphs":false}}},"floor":0.10301}]}