{"uuid":"0cb1935e-cff3-440e-ade1-9ef412f5904e","token_id":450,"color":4,"transactions":[{"timestamp":1634207326,"price":0.10301,"block_number":13415782,"account":{"address":"0x23145f55648b1399356b519e96fc369f85a1f82d","tx_count":114,"eth":{"value":"0.263962036788862117","dynamic":"0.259185977126019061"},"nft":{"value":11,"dynamic":10,"collections":[false,false,false,false,false,false,false],"collections2":{"89seconds":false,"artBlocks":false,"boredApes":false,"cryptoPunks":false,"ksoids":false,"meebits":false,"omnimorphs":false}}},"floor":0.10301},{"timestamp":1634838301,"price":0.23,"block_number":13462444,"account":{"address":"0xc35a5fec6be6957899e15559be252db882220b37","tx_count":29185,"eth":{"value":"17.729053574230169185","dynamic":"13.083345408548797746"},"nft":{"value":6783,"dynamic":761,"collections":[false,false,false,false,false,false,false],"collections2":{"89seconds":true,"artBlocks":true,"boredApes":false,"cryptoPunks":false,"ksoids":true,"meebits":true,"omnimorphs":true}}},"floor":0.12799}]}