{"uuid":"fa2c4a82-6c69-402d-974f-495f1a14a8aa","token_id":453,"color":4,"transactions":[{"timestamp":1634207331,"price":0.10301,"block_number":13415783,"account":{"address":"0xb31544dd428cd3d1f927eda2e18bf0f47282fa90","tx_count":46,"eth":{"value":"0.42673361988195174","dynamic":"0.42673361988195174"},"nft":{"value":22,"dynamic":22,"collections":[false,false,false,false,false,false,false],"collections2":{"89seconds":false,"artBlocks":false,"boredApes":false,"cryptoPunks":false,"ksoids":false,"meebits":false,"omnimorphs":false}}},"floor":0.10301}]}