{"uuid":"5091ed7b-bd04-491a-ac0d-df68d1e89a9b","token_id":454,"color":0,"transactions":[{"timestamp":1634207334,"price":0.10301,"block_number":13415783,"account":{"address":"0xf17cd420b438529c27eaff9e0ba10ef3ac2560ac","tx_count":86,"eth":{"value":"0.114481924767829844","dynamic":"0.114481924767829844"},"nft":{"value":26,"dynamic":26,"collections":[false,false,false,false,false,false,false],"collections2":{"89seconds":false,"artBlocks":false,"boredApes":false,"cryptoPunks":false,"ksoids":false,"meebits":false,"omnimorphs":false}}},"floor":0.10301},{"timestamp":1634214609,"price":0.276,"block_number":13416328,"account":{"address":"0x4e538c32d73cc13610cb1fdc7191abc47be08ddd","tx_count":151,"eth":{"value":"0.010155944008061733","dynamic":"-0.275224512336589117"},"nft":{"value":19,"dynamic":15,"collections":[false,false,false,false,false,false,false],"collections2":{"89seconds":false,"artBlocks":false,"boredApes":false,"cryptoPunks":false,"ksoids":false,"meebits":true,"omnimorphs":false}}},"floor":0.10301}]}