{"uuid":"c5e197cb-8843-47fb-b582-67c0f1711b12","token_id":455,"color":0,"transactions":[{"timestamp":1634207339,"price":0.10301,"block_number":13415783,"account":{"address":"0x5c54151916d6270cd8159f4731b3170c4580f517","tx_count":157,"eth":{"value":"0.483590131000359395","dynamic":"0.483590131000359395"},"nft":{"value":42,"dynamic":42,"collections":[false,false,false,false,false,false,false],"collections2":{"89seconds":false,"artBlocks":false,"boredApes":false,"cryptoPunks":false,"ksoids":false,"meebits":false,"omnimorphs":false}}},"floor":0.10301},{"timestamp":1634210806,"price":0.26,"block_number":13416036,"account":{"address":"0x614c3ce52760343fccb7d908eda39f114620a1e7","tx_count":1073,"eth":{"value":"0.482704319401199563","dynamic":"-1.262147169911586542"},"nft":{"value":371,"dynamic":364,"collections":[false,false,false,false,false,false,false],"collections2":{"89seconds":false,"artBlocks":false,"boredApes":false,"cryptoPunks":false,"meebits":false,"omnimorphs":false}}},"floor":0.10301},{"timestamp":1634436551,"price":0.2,"block_number":13432704,"account":{"address":"0xbff58ab2e1b1510b0beb3e2c57e4a1e3949e56fb","tx_count":59,"eth":{"value":"1.064744401555084309","dynamic":"1.064744401555084309"},"nft":{"value":2,"dynamic":2,"collections":[false,false,false,false,false,false,false],"collections2":{"89seconds":false,"artBlocks":false,"boredApes":false,"cryptoPunks":false,"ksoids":false,"meebits":false,"omnimorphs":false}}},"floor":0.10301},{"timestamp":1637495043,"price":0.1,"block_number":13657975,"account":{"address":"0x8910ff16c56415a408737812445aaaa78cef1c6b","tx_count":491,"eth":{"value":"5.976443626489844208","dynamic":"1.032486246831469598"},"nft":{"value":68,"dynamic":30,"collections":[false,false,false,false,false,false,false],"collections2":{"89seconds":false,"artBlocks":false,"boredApes":false,"cryptoPunks":false,"ksoids":false,"meebits":false,"omnimorphs":false}}},"floor":0.09},{"timestamp":1638697970,"price":0.1,"block_number":13745387,"account":{"address":"0x36bd6221c2016371c3af00071726578b91acb007","tx_count":1907,"eth":{"value":"12.706285233090222606","dynamic":"-10.94190606307112016"},"nft":{"value":327,"dynamic":105,"collections":[false,false,false,false,false,false,false],"collections2":{"89seconds":false,"artBlocks":false,"boredApes":false,"cryptoPunks":false,"ksoids":true,"meebits":false,"omnimorphs":false}}},"floor":0.066},{"timestamp":1638700127,"price":0.1,"block_number":13745539,"account":{"address":"0x06a8c253486232b6388be396e7463d615f2b6bb2","tx_count":88,"eth":{"value":"6.171699920326582474","dynamic":"0.425023123551325779"},"nft":{"value":98,"dynamic":89,"collections":[false,false,false,false,false,false,false],"collections2":{"89seconds":false,"artBlocks":false,"boredApes":false,"cryptoPunks":false,"ksoids":true,"meebits":false,"omnimorphs":false}}},"floor":0.066},{"timestamp":1638702964,"price":0.1,"block_number":13745740,"account":{"address":"0x36bd6221c2016371c3af00071726578b91acb007","tx_count":1910,"eth":{"value":"12.671785462217952921","dynamic":"-10.976405833943389845"},"nft":{"value":327,"dynamic":105,"collections":[false,false,false,false,false,false,false],"collections2":{"89seconds":false,"artBlocks":false,"boredApes":false,"cryptoPunks":false,"ksoids":true,"meebits":false,"omnimorphs":false}}},"floor":0.066}]}