{"uuid":"5f45384d-0532-4820-960f-19da404b1230","token_id":457,"color":0,"transactions":[{"timestamp":1634207346,"price":0.10301,"block_number":13415783,"account":{"address":"0x5c54151916d6270cd8159f4731b3170c4580f517","tx_count":157,"eth":{"value":"0.483590131000359395","dynamic":"0.483590131000359395"},"nft":{"value":42,"dynamic":42,"collections":[false,false,false,false,false,false,false],"collections2":{"89seconds":false,"artBlocks":false,"boredApes":false,"cryptoPunks":false,"ksoids":false,"meebits":false,"omnimorphs":false}}},"floor":0.10301},{"timestamp":1635002012,"price":0.139,"block_number":13474503,"account":{"address":"0xc5e38233cc0d7cff9340e6139367aba498ec9b18","tx_count":2960,"eth":{"value":"67.102713874383198726","dynamic":"58.303153438070342"},"nft":{"value":2038,"dynamic":-297,"collections":[false,false,false,false,false,false,false],"collections2":{"89seconds":false,"artBlocks":true,"boredApes":false,"cryptoPunks":true,"ksoids":true,"meebits":true,"omnimorphs":true}}},"floor":0.14},{"timestamp":1638972788,"price":0.1,"block_number":13765248,"account":{"address":"0xc35a5fec6be6957899e15559be252db882220b37","tx_count":30031,"eth":{"value":"25.613686363693643015","dynamic":"-6.2504590124405036"},"nft":{"value":3330,"dynamic":623,"collections":[false,false,false,false,false,false,false],"collections2":{"89seconds":true,"artBlocks":true,"boredApes":true,"cryptoPunks":true,"ksoids":true,"meebits":true,"omnimorphs":false}}},"floor":0.0836},{"timestamp":1638973562,"price":0.112,"block_number":13765296,"account":{"address":"0xc5e38233cc0d7cff9340e6139367aba498ec9b18","tx_count":3126,"eth":{"value":"8.936161087998481599","dynamic":"-67.35619414455509053"},"nft":{"value":2231,"dynamic":580,"collections":[false,false,false,false,false,false,false],"collections2":{"89seconds":false,"artBlocks":true,"boredApes":false,"cryptoPunks":false,"ksoids":true,"meebits":true,"omnimorphs":true}}},"floor":0.083}]}