{"uuid":"49d9a8c9-b377-4130-b8fc-7364df9ab1c1","token_id":466,"color":4,"transactions":[{"timestamp":1634207384,"price":0.10301,"block_number":13415784,"account":{"address":"0x1d83901268d79dda8470ec652794c63b01f5fbfc","tx_count":1,"eth":{"value":"0.00103422806322018","dynamic":"0.00103422806322018"},"nft":{"value":2,"dynamic":2,"collections":[false,false,false,false,false,false,false],"collections2":{"89seconds":false,"artBlocks":false,"boredApes":false,"cryptoPunks":false,"ksoids":false,"meebits":false,"omnimorphs":false}}},"floor":0.10301},{"timestamp":1640513354,"price":0.08,"block_number":13880176,"account":{"address":"0x3b28b7bf937580fc5c010d6a4b7f844ee4b4243c","tx_count":235,"eth":{"value":"0.022237761635078572","dynamic":"-0.452718387733177035"},"nft":{"value":63,"dynamic":57,"collections":[false,false,false,false,false,false,false],"collections2":{"89seconds":false,"artBlocks":true,"boredApes":false,"cryptoPunks":false,"ksoids":false,"meebits":false,"omnimorphs":false}}},"floor":0.057},{"timestamp":1640783648,"price":0.055,"block_number":13900417,"account":{"address":"0x44b4bb5f277a69e01f7c9accd1e5bdf83270da88","tx_count":18,"eth":{"value":"0.093944979071757752","dynamic":"0.093944979071757752"},"nft":{"value":0,"dynamic":0,"collections":[false,false,false,false,false,false,false],"collections2":{"89seconds":false,"artBlocks":false,"boredApes":false,"cryptoPunks":false,"ksoids":false,"meebits":false,"omnimorphs":false}}},"floor":0.0549},{"timestamp":1640795589,"price":0.055,"block_number":13901328,"account":{"address":"0x44b4bb5f277a69e01f7c9accd1e5bdf83270da88","tx_count":21,"eth":{"value":"0.033005055566994796","dynamic":"0.033005055566994796"},"nft":{"value":0,"dynamic":0,"collections":[false,false,false,false,false,false,false],"collections2":{"89seconds":false,"artBlocks":false,"boredApes":false,"cryptoPunks":false,"ksoids":false,"meebits":false,"omnimorphs":false}}},"floor":0.0515},{"timestamp":1640811737,"price":0.045,"block_number":13902563,"account":{"address":"0x44b4bb5f277a69e01f7c9accd1e5bdf83270da88","tx_count":23,"eth":{"value":"0.054256369507332073","dynamic":"0.054256369507332073"},"nft":{"value":0,"dynamic":0,"collections":[false,false,false,false,false,false,false],"collections2":{"89seconds":false,"artBlocks":false,"boredApes":false,"cryptoPunks":false,"ksoids":false,"meebits":false,"omnimorphs":false}}},"floor":0.044},{"timestamp":1640813212,"price":0.045,"block_number":13902665,"account":{"address":"0x3b28b7bf937580fc5c010d6a4b7f844ee4b4243c","tx_count":277,"eth":{"value":"0.088810039196576325","dynamic":"-0.103589866102828513"},"nft":{"value":67,"dynamic":57,"collections":[false,false,false,false,false,false,false],"collections2":{"89seconds":false,"artBlocks":false,"boredApes":false,"cryptoPunks":false,"ksoids":false,"meebits":false,"omnimorphs":false}}},"floor":0.044},{"timestamp":1640819271,"price":0.043,"block_number":13903120,"account":{"address":"0x44b4bb5f277a69e01f7c9accd1e5bdf83270da88","tx_count":26,"eth":{"value":"0.033612299928781249","dynamic":"0.033612299928781249"},"nft":{"value":0,"dynamic":0,"collections":[false,false,false,false,false,false,false],"collections2":{"89seconds":false,"artBlocks":false,"boredApes":false,"cryptoPunks":false,"ksoids":false,"meebits":false,"omnimorphs":false}}},"floor":0.0429}]}