{"uuid":"c2bcd399-20c2-4b96-ad53-74c8c4d42b39","token_id":465,"color":4,"transactions":[{"timestamp":1634207383,"price":0.10301,"block_number":13415784,"account":{"address":"0xf92f571fd4ed497f672d4f37f46ee02eb13b63c8","tx_count":150,"eth":{"value":"1.057107052919265112","dynamic":"1.057107052919265112"},"nft":{"value":52,"dynamic":52,"collections":[false,false,false,false,false,false,false],"collections2":{"89seconds":false,"artBlocks":false,"boredApes":false,"cryptoPunks":false,"ksoids":false,"meebits":false,"omnimorphs":false}}},"floor":0.10301},{"timestamp":1634823069,"price":0.128,"block_number":13461307,"account":{"address":"0x9f9a835741ce043dc33ecdd2ab093ee3f5b324ce","tx_count":2,"eth":{"value":"0.085459712372837922","dynamic":"0.085459712372837922"},"nft":{"value":2,"dynamic":2,"collections":[false,false,false,false,false,false,false],"collections2":{"89seconds":false,"artBlocks":false,"boredApes":false,"cryptoPunks":false,"ksoids":false,"meebits":false,"omnimorphs":false}}},"floor":0.10301}]}