{"uuid":"dc815c1a-55a4-4db3-a584-a47de6dd1e40","token_id":462,"color":0,"transactions":[{"timestamp":1634207373,"price":0.10301,"block_number":13415784,"account":{"address":"0xf92f571fd4ed497f672d4f37f46ee02eb13b63c8","tx_count":150,"eth":{"value":"1.057107052919265112","dynamic":"1.057107052919265112"},"nft":{"value":52,"dynamic":52,"collections":[false,false,false,false,false,false,false],"collections2":{"89seconds":false,"artBlocks":false,"boredApes":false,"cryptoPunks":false,"ksoids":false,"meebits":false,"omnimorphs":false}}},"floor":0.10301},{"timestamp":1634825872,"price":0.129,"block_number":13461508,"account":{"address":"0x437ea4b7e37c6f93fbe24b9749737e73fc5048ce","tx_count":1151,"eth":{"value":"0.803354843303127912","dynamic":"0.616484620896853985"},"nft":{"value":94,"dynamic":94,"collections":[false,false,false,false,false,false,false],"collections2":{"89seconds":false,"artBlocks":false,"boredApes":false,"cryptoPunks":false,"ksoids":false,"meebits":false,"omnimorphs":false}}},"floor":0.12},{"timestamp":1634827451,"price":0.215,"block_number":13461623,"account":{"address":"0x409733ad849e634a386ec83d40b7a55650178b1d","tx_count":34,"eth":{"value":"0.363083316716703224","dynamic":"0.363083316716703224"},"nft":{"value":18,"dynamic":18,"collections":[false,false,false,false,false,false,false],"collections2":{"89seconds":false,"artBlocks":false,"boredApes":false,"cryptoPunks":false,"ksoids":false,"meebits":false,"omnimorphs":true}}},"floor":0.12799}]}