{"uuid":"49782261-7fcd-4312-9bed-d3159c33dbf4","token_id":460,"color":1,"transactions":[{"timestamp":1634207363,"price":0.10301,"block_number":13415784,"account":{"address":"0x40307c8d4d2ced37713b19483f4366ef57e6d3aa","tx_count":44,"eth":{"value":"0.294810198865578509","dynamic":"0.294810198865578509"},"nft":{"value":4,"dynamic":4,"collections":[false,false,false,false,false,false,false],"collections2":{"artBlocks":false,"boredApes":false,"meebits":false}}},"floor":0.10301},{"timestamp":1634209258,"price":0.25,"block_number":13415920,"account":{"address":"0x2805cce998da26dc28337991e8289f198c8f450b","tx_count":74,"eth":{"value":"4.866435517435397085","dynamic":"4.866435517435397085"},"nft":{"value":17,"dynamic":17,"collections":[false,false,false,false,false,false,false],"collections2":{"89seconds":false,"artBlocks":false,"boredApes":false,"cryptoPunks":false,"ksoids":false,"meebits":false,"omnimorphs":false}}},"floor":0.10301}]}