{"uuid":"e7db9a2b-0562-410b-88d7-bd27235b6aa5","token_id":468,"color":0,"transactions":[{"timestamp":1634207390,"price":0.10301,"block_number":13415784,"account":{"address":"0x7a406e4e6b3474016ed94503715103983ce9444d","tx_count":267,"eth":{"value":"0.992824349434581261","dynamic":"0.992824349434581261"},"nft":{"value":73,"dynamic":73,"collections":[false,false,false,false,false,false,false],"collections2":{"89seconds":false,"artBlocks":false,"boredApes":false,"cryptoPunks":false,"ksoids":false,"meebits":false,"omnimorphs":false}}},"floor":0.10301},{"timestamp":1634211632,"price":0.29,"block_number":13416091,"account":{"address":"0x2fd48f3a8a0de43d3dd1a0a3795131a288d971b8","tx_count":88,"eth":{"value":"8.117285383312059073","dynamic":"8.108255985312059073"},"nft":{"value":14,"dynamic":14,"collections":[false,false,false,false,false,false,false],"collections2":{"89seconds":false,"artBlocks":false,"boredApes":false,"cryptoPunks":false,"ksoids":false,"meebits":false,"omnimorphs":false}}},"floor":0.10301},{"timestamp":1636199628,"price":0.095,"block_number":13562814,"account":{"address":"0xd42f3d6e319a27800fefb267dd4ab8fb6b45a4f7","tx_count":18,"eth":{"value":"0.342561633736051942","dynamic":"0.342561633736051942"},"nft":{"value":7,"dynamic":7,"collections":[false,false,false,false,false,false,false],"collections2":{"89seconds":false,"artBlocks":false,"boredApes":false,"cryptoPunks":false,"ksoids":false,"meebits":false,"omnimorphs":false}}},"floor":0.05301},{"timestamp":1636270551,"price":0.11,"block_number":13568085,"account":{"address":"0x2fd48f3a8a0de43d3dd1a0a3795131a288d971b8","tx_count":172,"eth":{"value":"0.655728313018603588","dynamic":"0.550782783490486883"},"nft":{"value":24,"dynamic":24,"collections":[false,false,false,false,false,false,false],"collections2":{"89seconds":false,"artBlocks":false,"boredApes":false,"cryptoPunks":false,"ksoids":false,"meebits":false,"omnimorphs":false}}},"floor":0.07301},{"timestamp":1636277853,"price":0.11,"block_number":13568625,"account":{"address":"0xd42f3d6e319a27800fefb267dd4ab8fb6b45a4f7","tx_count":19,"eth":{"value":"0.50236203993802458","dynamic":"0.50236203993802458"},"nft":{"value":7,"dynamic":7,"collections":[false,false,false,false,false,false,false],"collections2":{"89seconds":false,"artBlocks":false,"boredApes":false,"cryptoPunks":false,"ksoids":false,"meebits":false,"omnimorphs":false}}},"floor":0.07301},{"timestamp":1636285976,"price":0.11,"block_number":13569208,"account":{"address":"0x2fd48f3a8a0de43d3dd1a0a3795131a288d971b8","tx_count":176,"eth":{"value":"1.052395778651899612","dynamic":"1.051122799445382154"},"nft":{"value":22,"dynamic":22,"collections":[false,false,false,false,false,false,false],"collections2":{"89seconds":false,"artBlocks":false,"boredApes":false,"cryptoPunks":false,"ksoids":false,"omnimorphs":false}}},"floor":0.07301},{"timestamp":1637408927,"price":0.1,"block_number":13651710,"account":{"address":"0x338f9e616d9212dd863c0718831389d747819839","tx_count":8,"eth":{"value":"0.084423377470862446","dynamic":"0.084423377470862446"},"nft":{"value":6,"dynamic":6,"collections":[false,false,false,false,false,false,false],"collections2":{"89seconds":false,"artBlocks":false,"boredApes":false,"cryptoPunks":false,"ksoids":false,"meebits":false,"omnimorphs":false}}},"floor":0.099}]}