{"uuid":"d4baaf89-036f-44e9-9c3b-ea7f695a5c34","token_id":464,"color":3,"transactions":[{"timestamp":1634207380,"price":0.10301,"block_number":13415784,"account":{"address":"0xf92f571fd4ed497f672d4f37f46ee02eb13b63c8","tx_count":150,"eth":{"value":"1.057107052919265112","dynamic":"1.057107052919265112"},"nft":{"value":52,"dynamic":52,"collections":[false,false,false,false,false,false,false],"collections2":{"89seconds":false,"artBlocks":false,"boredApes":false,"cryptoPunks":false,"ksoids":false,"meebits":false,"omnimorphs":false}}},"floor":0.10301},{"timestamp":1634744796,"price":0.19,"block_number":13455494,"account":{"address":"0xe3ec512ed1aec80f7cf9ab8b4877f450aa350444","tx_count":11,"eth":{"value":"2.048045431481976263","dynamic":"2.048045431481976263"},"nft":{"value":7,"dynamic":7,"collections":[false,false,false,false,false,false,false],"collections2":{"89seconds":false,"artBlocks":false,"boredApes":false,"cryptoPunks":false,"ksoids":false,"meebits":false,"omnimorphs":false}}},"floor":0.10935000000000002}]}