{"uuid":"6d2ac8d0-d6c7-47dd-8bb6-6e14a6b14b9a","token_id":467,"color":0,"transactions":[{"timestamp":1634207385,"price":0.10301,"block_number":13415784,"account":{"address":"0x1d83901268d79dda8470ec652794c63b01f5fbfc","tx_count":1,"eth":{"value":"0.00103422806322018","dynamic":"0.00103422806322018"},"nft":{"value":2,"dynamic":2,"collections":[false,false,false,false,false,false,false],"collections2":{"89seconds":false,"artBlocks":false,"boredApes":false,"cryptoPunks":false,"ksoids":false,"meebits":false,"omnimorphs":false}}},"floor":0.10301}]}