{"uuid":"8d4d9616-1a1e-487a-a4f3-19948d44441f","token_id":463,"color":2,"transactions":[{"timestamp":1634207376,"price":0.10301,"block_number":13415784,"account":{"address":"0xf92f571fd4ed497f672d4f37f46ee02eb13b63c8","tx_count":150,"eth":{"value":"1.057107052919265112","dynamic":"1.057107052919265112"},"nft":{"value":52,"dynamic":52,"collections":[false,false,false,false,false,false,false],"collections2":{"89seconds":false,"artBlocks":false,"boredApes":false,"cryptoPunks":false,"ksoids":false,"meebits":false,"omnimorphs":false}}},"floor":0.10301},{"timestamp":1634823391,"price":0.129,"block_number":13461331,"account":{"address":"0x154643be8bcbe38e28331119e5a9fdd081490699","tx_count":19,"eth":{"value":"0.101701997336937797","dynamic":"0.101701997336937797"},"nft":{"value":1,"dynamic":1,"collections":[false,false,false,false,false,false,false],"collections2":{"89seconds":false,"artBlocks":false,"boredApes":false,"cryptoPunks":false,"ksoids":false,"meebits":false,"omnimorphs":false}}},"floor":0.10301},{"timestamp":1636363662,"price":0.00001977,"block_number":13574967,"account":{"address":"0x0b5a570f2e9e05896c8991593fe15e0b4b89e647","tx_count":3,"eth":{"value":"0.069961427137649088","dynamic":"0.069961427137649088"},"nft":{"value":1,"dynamic":1,"collections":[false,false,false,false,false,false,false],"collections2":{"89seconds":false,"artBlocks":false,"boredApes":false,"cryptoPunks":false,"ksoids":false,"meebits":false,"omnimorphs":false}}},"floor":0.07301},{"timestamp":1637238763,"price":0.18,"block_number":13639356,"account":{"address":"0x154643be8bcbe38e28331119e5a9fdd081490699","tx_count":34,"eth":{"value":"0.107625174390892943","dynamic":"0.107625174390892943"},"nft":{"value":2,"dynamic":2,"collections":[false,false,false,false,false,false,false],"collections2":{"89seconds":false,"artBlocks":false,"boredApes":false,"cryptoPunks":false,"ksoids":false,"meebits":false,"omnimorphs":false}}},"floor":0.0985},{"timestamp":1637239020,"price":0.16,"block_number":13639376,"account":{"address":"0x0b5a570f2e9e05896c8991593fe15e0b4b89e647","tx_count":8,"eth":{"value":"0.081015171645744727","dynamic":"0.081015171645744727"},"nft":{"value":1,"dynamic":1,"collections":[false,false,false,false,false,false,false],"collections2":{"89seconds":false,"artBlocks":false,"boredApes":false,"cryptoPunks":false,"ksoids":false,"meebits":false,"omnimorphs":false}}},"floor":0.0985},{"timestamp":1638883452,"price":0.153,"block_number":13758770,"account":{"address":"0x154643be8bcbe38e28331119e5a9fdd081490699","tx_count":66,"eth":{"value":"0.012872450801432285","dynamic":"0.012872450801432285"},"nft":{"value":8,"dynamic":8,"collections":[false,false,false,false,false,false,false],"collections2":{"89seconds":false,"artBlocks":false,"boredApes":false,"cryptoPunks":false,"ksoids":false,"meebits":false,"omnimorphs":false}}},"floor":0.08},{"timestamp":1638941422,"price":0.156,"block_number":13763015,"account":{"address":"0x0b5a570f2e9e05896c8991593fe15e0b4b89e647","tx_count":15,"eth":{"value":"0.036571733536953888","dynamic":"0.036571733536953888"},"nft":{"value":2,"dynamic":2,"collections":[false,false,false,false,false,false,false],"collections2":{"89seconds":false,"artBlocks":false,"boredApes":false,"cryptoPunks":false,"ksoids":false,"meebits":false,"omnimorphs":false}}},"floor":0.075}]}