{"uuid":"a459ba08-9dff-4149-bd3d-f74ae23837f2","token_id":461,"color":2,"transactions":[{"timestamp":1634207364,"price":0.10301,"block_number":13415784,"account":{"address":"0xde68add584446a0702aa8de820466a9aae64b280","tx_count":18,"eth":{"value":"0.000557653196142","dynamic":"0.000557653196142"},"nft":{"value":2,"dynamic":2,"collections":[false,false,false,false,false,false,false],"collections2":{"89seconds":false,"artBlocks":false,"boredApes":false,"cryptoPunks":false,"ksoids":false,"meebits":false,"omnimorphs":false}}},"floor":0.10301},{"timestamp":1634208152,"price":0.23,"block_number":13415852,"account":{"address":"0x6e5e3a5dfb5d218bd81d8083f11aeac7656ea668","tx_count":124,"eth":{"value":"0.089944183064860359","dynamic":"-0.08456751861251555"},"nft":{"value":37,"dynamic":37,"collections":[false,false,false,false,false,false,false],"collections2":{"89seconds":false,"artBlocks":false,"boredApes":false,"cryptoPunks":false,"ksoids":false,"meebits":false,"omnimorphs":true}}},"floor":0.10301},{"timestamp":1634239580,"price":0.28,"block_number":13418161,"account":{"address":"0x3b6e5f05a718a3af19979ffda15aaf13df83e046","tx_count":2,"eth":{"value":"0.059050916260010858","dynamic":"0.059050916260010858"},"nft":{"value":2,"dynamic":2,"collections":[false,false,false,false,false,false,false],"collections2":{"89seconds":false,"artBlocks":false,"boredApes":false,"cryptoPunks":false,"ksoids":false,"meebits":false,"omnimorphs":false}}},"floor":0.10301},{"timestamp":1634375307,"price":0.265,"block_number":13428137,"account":{"address":"0x342fd75c69029ad660c844600a0de75ae7704266","tx_count":4,"eth":{"value":"0.057723313567714277","dynamic":"0.023723313567714277"},"nft":{"value":4,"dynamic":4,"collections":[false,false,false,false,false,false,false],"collections2":{"89seconds":false,"artBlocks":false,"boredApes":false,"cryptoPunks":false,"ksoids":false,"meebits":false,"omnimorphs":false}}},"floor":0.1233},{"timestamp":1634455276,"price":0.3,"block_number":13434057,"account":{"address":"0x6e5e3a5dfb5d218bd81d8083f11aeac7656ea668","tx_count":136,"eth":{"value":"0.303910442813189105","dynamic":"0.129398741135813196"},"nft":{"value":40,"dynamic":40,"collections":[false,false,false,false,false,false,false],"collections2":{"89seconds":false,"artBlocks":false,"boredApes":false,"cryptoPunks":false,"ksoids":false,"meebits":false,"omnimorphs":true}}},"floor":0.16999},{"timestamp":1635330811,"price":0.151,"block_number":13498900,"account":{"address":"0x3b6e5f05a718a3af19979ffda15aaf13df83e046","tx_count":11,"eth":{"value":"0.067513414209263416","dynamic":"0.067513414209263416"},"nft":{"value":5,"dynamic":5,"collections":[false,false,false,false,false,false,false],"collections2":{"89seconds":false,"artBlocks":false,"boredApes":false,"cryptoPunks":false,"ksoids":false,"meebits":false,"omnimorphs":true}}},"floor":0.10301},{"timestamp":1636034139,"price":0.1,"block_number":13550613,"account":{"address":"0x6e5e3a5dfb5d218bd81d8083f11aeac7656ea668","tx_count":156,"eth":{"value":"0.658007664417962585","dynamic":"0.612500555687395124"},"nft":{"value":36,"dynamic":36,"collections":[false,false,false,false,false,false,false],"collections2":{"89seconds":false,"artBlocks":false,"boredApes":false,"cryptoPunks":false,"ksoids":false,"meebits":false,"omnimorphs":true}}},"floor":0.05301}]}