{"uuid":"6f3ea8d6-73b6-458f-abac-9a57b301bee6","token_id":469,"color":3,"transactions":[{"timestamp":1634207394,"price":0.10301,"block_number":13415784,"account":{"address":"0x7a406e4e6b3474016ed94503715103983ce9444d","tx_count":267,"eth":{"value":"0.992824349434581261","dynamic":"0.992824349434581261"},"nft":{"value":73,"dynamic":73,"collections":[false,false,false,false,false,false,false],"collections2":{"89seconds":false,"artBlocks":false,"boredApes":false,"cryptoPunks":false,"ksoids":false,"meebits":false,"omnimorphs":false}}},"floor":0.10301}]}