{"uuid":"b802df4e-8be5-4d33-b3ee-a75be65f17b1","token_id":472,"color":5,"transactions":[{"timestamp":1634207403,"price":0.10301,"block_number":13415784,"account":{"address":"0xeaaa433c3ab4f150c713d12732b75c8962169205","tx_count":126,"eth":{"value":"1.909860599132142507","dynamic":"1.909860599132142507"},"nft":{"value":48,"dynamic":48,"collections":[false,false,false,false,false,false,false],"collections2":{"89seconds":false,"artBlocks":false,"boredApes":false,"cryptoPunks":false,"ksoids":false,"meebits":false,"omnimorphs":false}}},"floor":0.10301},{"timestamp":1634284323,"price":0.21,"block_number":13421421,"account":{"address":"0x788373a90823793ecffe357ffafc2b4256f91943","tx_count":179,"eth":{"value":"1.566299605693601641","dynamic":"1.566299605693601641"},"nft":{"value":45,"dynamic":45,"collections":[false,false,false,false,false,false,false],"collections2":{"89seconds":false,"artBlocks":false,"boredApes":false,"cryptoPunks":false,"ksoids":false,"meebits":false,"omnimorphs":false}}},"floor":0.10301},{"timestamp":1634316411,"price":0.35,"block_number":13423795,"account":{"address":"0x879c0d35f526df2f8b833a923607a7e9efd89aa0","tx_count":6,"eth":{"value":"0.088080848748852","dynamic":"0.088080848748852"},"nft":{"value":1,"dynamic":1,"collections":[false,false,false,false,false,false,false],"collections2":{"89seconds":false,"artBlocks":false,"boredApes":false,"cryptoPunks":false,"ksoids":false,"meebits":false,"omnimorphs":false}}},"floor":0.10301},{"timestamp":1640515400,"price":0.065,"block_number":13880321,"account":{"address":"0xc7faebf9c69ea200aad156e596087acf9675ef7f","tx_count":120,"eth":{"value":"0.432156273557228714","dynamic":"0.432156273557228714"},"nft":{"value":4,"dynamic":4,"collections":[false,false,false,false,false,false,false],"collections2":{"89seconds":false,"artBlocks":true,"boredApes":false,"cryptoPunks":false,"ksoids":false,"meebits":false,"omnimorphs":false}}},"floor":0.056},{"timestamp":1640940813,"price":0.05,"block_number":13912194,"account":{"address":"0xc7faebf9c69ea200aad156e596087acf9675ef7f","tx_count":127,"eth":{"value":"0.973531448380814807","dynamic":"0.973531448380814807"},"nft":{"value":9,"dynamic":9,"collections":[false,false,false,false,false,false,false],"collections2":{"89seconds":false,"artBlocks":true,"boredApes":false,"cryptoPunks":false,"ksoids":false,"meebits":false,"omnimorphs":false}}},"floor":0.044},{"timestamp":1640943534,"price":0.05,"block_number":13912387,"account":{"address":"0xc7faebf9c69ea200aad156e596087acf9675ef7f","tx_count":134,"eth":{"value":"0.585515694807410211","dynamic":"0.585515694807410211"},"nft":{"value":9,"dynamic":9,"collections":[false,false,false,false,false,false,false],"collections2":{"89seconds":false,"artBlocks":true,"boredApes":false,"cryptoPunks":false,"ksoids":false,"meebits":false,"omnimorphs":false}}},"floor":0.045},{"timestamp":1640944927,"price":0.05,"block_number":13912486,"account":{"address":"0xc7faebf9c69ea200aad156e596087acf9675ef7f","tx_count":141,"eth":{"value":"0.203515650149433918","dynamic":"0.203515650149433918"},"nft":{"value":3,"dynamic":3,"collections":[false,false,false,false,false,false,false],"collections2":{"89seconds":false,"artBlocks":true,"boredApes":false,"cryptoPunks":false,"ksoids":false,"meebits":false,"omnimorphs":false}}},"floor":0.045}]}