{"uuid":"1e218834-116a-42f3-9071-4d17e3434593","token_id":471,"color":3,"transactions":[{"timestamp":1634207399,"price":0.10301,"block_number":13415784,"account":{"address":"0x1edf83108402508357805331bdd530c3da202517","tx_count":3,"eth":{"value":"0.000406724708502","dynamic":"0.000406724708502"},"nft":{"value":0,"dynamic":0,"collections":[false,false,false,false,false,false,false],"collections2":{"89seconds":false,"artBlocks":false,"boredApes":false,"cryptoPunks":false,"ksoids":false,"meebits":false,"omnimorphs":false}}},"floor":0.10301},{"timestamp":1634216670,"price":0.218,"block_number":13416471,"account":{"address":"0xf86eb5215f14af0ec2708653dc8a7c6714648eb1","tx_count":983,"eth":{"value":"0.170664708443576122","dynamic":"-5.838774058431494935"},"nft":{"value":20,"dynamic":20,"collections":[false,false,false,false,false,false,false],"collections2":{"89seconds":false,"artBlocks":false,"boredApes":false,"cryptoPunks":false,"ksoids":false,"meebits":false,"omnimorphs":false}}},"floor":0.10301},{"timestamp":1636740646,"price":0.075,"block_number":13602805,"account":{"address":"0x030fc13e39da4d58c1b9f16ba095a6b96903a98d","tx_count":6,"eth":{"value":"4.518308190776004262","dynamic":"4.518308190776004262"},"nft":{"value":2,"dynamic":2,"collections":[false,false,false,false,false,false,false],"collections2":{"89seconds":false,"artBlocks":false,"boredApes":false,"cryptoPunks":false,"ksoids":false,"meebits":false,"omnimorphs":false}}},"floor":0.07}]}