{"uuid":"886ba7d8-e44a-4277-b31b-51769db978fe","token_id":476,"color":5,"transactions":[{"timestamp":1634207426,"price":0.10301,"block_number":13415786,"account":{"address":"0x9993da67f310669d33ab5fe159792582c3bdbf36","tx_count":162,"eth":{"value":"0.913511842410780551","dynamic":"0.91221416753209343"},"nft":{"value":32,"dynamic":26,"collections":[false,false,false,false,false,false,false],"collections2":{"89seconds":false,"artBlocks":false,"boredApes":false,"cryptoPunks":false,"ksoids":false,"meebits":false,"omnimorphs":false}}},"floor":0.10301}]}