{"uuid":"291cfd6b-de7e-491f-ad7a-cb489d9913de","token_id":470,"color":4,"transactions":[{"timestamp":1634207398,"price":0.10301,"block_number":13415784,"account":{"address":"0x7a406e4e6b3474016ed94503715103983ce9444d","tx_count":267,"eth":{"value":"0.992824349434581261","dynamic":"0.992824349434581261"},"nft":{"value":73,"dynamic":73,"collections":[false,false,false,false,false,false,false],"collections2":{"89seconds":false,"artBlocks":false,"boredApes":false,"cryptoPunks":false,"ksoids":false,"meebits":false,"omnimorphs":false}}},"floor":0.10301},{"timestamp":1637134762,"price":0.07,"block_number":13631661,"account":{"address":"0x241365e6eed258ac4a2824424b6802c0240e13eb","tx_count":11,"eth":{"value":"7.312064427624248127","dynamic":"7.312064427624248127"},"nft":{"value":19,"dynamic":19,"collections":[false,false,false,false,false,false,false],"collections2":{"89seconds":true,"artBlocks":false,"boredApes":false,"cryptoPunks":false,"ksoids":true,"meebits":true,"omnimorphs":false}}},"floor":0.05301}]}