{"uuid":"8e5517b2-48ce-4a96-b035-33eceba02563","token_id":479,"color":5,"transactions":[{"timestamp":1634206813,"price":0.10301,"block_number":13415751,"account":{"address":"0xd5763d80763fa2599fb5feb578d1e963db0b0559","tx_count":281,"eth":{"value":"1.2674716610016453","dynamic":"1.2087250717782263"},"nft":{"value":22,"dynamic":8,"collections":[false,false,false,false,false,false,false],"collections2":{"89seconds":false,"artBlocks":false,"boredApes":false,"cryptoPunks":false,"ksoids":false,"meebits":false,"omnimorphs":false}}},"floor":0.10301},{"timestamp":1634857870,"price":0.0712,"block_number":13463891,"account":{"address":"0x0694969e24a5c2bbdea00b55906c25daffc667f2","tx_count":11,"eth":{"value":"0.397599823119965651","dynamic":"0.397599823119965651"},"nft":{"value":1,"dynamic":1,"collections":[false,false,false,false,false,false,false],"collections2":{"89seconds":false,"artBlocks":false,"boredApes":false,"cryptoPunks":false,"ksoids":false,"meebits":false,"omnimorphs":false}}},"floor":0.122},{"timestamp":1634858982,"price":0.1188,"block_number":13463981,"account":{"address":"0x28335276026bf160a4c2e8e03703a7fec024e731","tx_count":118,"eth":{"value":"6.917595060962380065","dynamic":"6.766343710843249926"},"nft":{"value":68,"dynamic":66,"collections":[false,false,false,false,false,false,false],"collections2":{"89seconds":false,"artBlocks":false,"boredApes":true,"cryptoPunks":false,"ksoids":false,"meebits":false,"omnimorphs":false}}},"floor":0.122},{"timestamp":1637230025,"price":0.15,"block_number":13638685,"account":{"address":"0x4daedd0c7906b0d5e7e5805f283b0d8805735971","tx_count":775,"eth":{"value":"0.054509434934023638","dynamic":"-3.196824217072631437"},"nft":{"value":236,"dynamic":212,"collections":[false,false,false,false,false,false,false],"collections2":{"89seconds":false,"artBlocks":false,"cryptoPunks":false,"ksoids":false,"meebits":false,"omnimorphs":true}}},"floor":0.099}]}