{"uuid":"4a1bb962-94c4-46cc-b791-c7b06bfa680c","token_id":474,"color":2,"transactions":[{"timestamp":1634207409,"price":0.10301,"block_number":13415785,"account":{"address":"0xeaaa433c3ab4f150c713d12732b75c8962169205","tx_count":126,"eth":{"value":"1.909860599132142507","dynamic":"1.909860599132142507"},"nft":{"value":48,"dynamic":48,"collections":[false,false,false,false,false,false,false],"collections2":{"artBlocks":false}}},"floor":0.10301},{"timestamp":1634349662,"price":0.24,"block_number":13426228,"account":{"address":"0x71d74f39d1676e3b8924a45eacc46bdb8e12a768","tx_count":2,"eth":{"value":"0.250774323857981248","dynamic":"0.250774323857981248"},"nft":{"value":1,"dynamic":1,"collections":[false,false,false,false,false,false,false],"collections2":{"89seconds":false,"artBlocks":false,"boredApes":false,"cryptoPunks":false,"ksoids":false,"meebits":false,"omnimorphs":false}}},"floor":0.117}]}