{"uuid":"5665c56b-74af-4845-bc6b-d84609440a89","token_id":478,"color":2,"transactions":[{"timestamp":1634206813,"price":0.10301,"block_number":13415751,"account":{"address":"0xd5763d80763fa2599fb5feb578d1e963db0b0559","tx_count":281,"eth":{"value":"1.2674716610016453","dynamic":"1.2087250717782263"},"nft":{"value":22,"dynamic":8,"collections":[false,false,false,false,false,false,false],"collections2":{"89seconds":false,"artBlocks":false,"boredApes":false,"cryptoPunks":false,"ksoids":false,"meebits":false,"omnimorphs":false}}},"floor":0.10301},{"timestamp":1634858445,"price":0.0712,"block_number":13463931,"account":{"address":"0x0694969e24a5c2bbdea00b55906c25daffc667f2","tx_count":12,"eth":{"value":"0.324741634189260717","dynamic":"0.324741634189260717"},"nft":{"value":2,"dynamic":2,"collections":[false,false,false,false,false,false,false],"collections2":{"89seconds":false,"artBlocks":false,"boredApes":false,"cryptoPunks":false,"ksoids":false,"meebits":false,"omnimorphs":false}}},"floor":0.10301},{"timestamp":1634862066,"price":0.11781,"block_number":13464231,"account":{"address":"0x46f655abf896301b72eb27b76f5e063899b9067c","tx_count":45,"eth":{"value":"0.380261460950917536","dynamic":"0.380261460950917536"},"nft":{"value":20,"dynamic":20,"collections":[false,false,false,false,false,false,false],"collections2":{"89seconds":false,"artBlocks":false,"boredApes":false,"cryptoPunks":false,"ksoids":false,"meebits":false,"omnimorphs":false}}},"floor":0.10301}]}