{"uuid":"94036b4c-cfcc-4446-97ae-25b379313035","token_id":473,"color":0,"transactions":[{"timestamp":1634207406,"price":0.10301,"block_number":13415784,"account":{"address":"0xeaaa433c3ab4f150c713d12732b75c8962169205","tx_count":126,"eth":{"value":"1.909860599132142507","dynamic":"1.909860599132142507"},"nft":{"value":48,"dynamic":48,"collections":[false,false,false,false,false,false,false],"collections2":{"89seconds":false,"artBlocks":false,"boredApes":false,"cryptoPunks":false,"ksoids":false,"meebits":false,"omnimorphs":false}}},"floor":0.10301},{"timestamp":1634284412,"price":0.2,"block_number":13421424,"account":{"address":"0x788373a90823793ecffe357ffafc2b4256f91943","tx_count":180,"eth":{"value":"1.340604331830095744","dynamic":"1.340604331830095744"},"nft":{"value":45,"dynamic":45,"collections":[false,false,false,false,false,false,false],"collections2":{"89seconds":false,"artBlocks":false,"boredApes":false,"cryptoPunks":false,"ksoids":false,"meebits":false,"omnimorphs":false}}},"floor":0.10301},{"timestamp":1634321664,"price":0.35,"block_number":13424186,"account":{"address":"0xc9595426d6cc4d14776ed55257b80a1eddf49a96","tx_count":7,"eth":{"value":"0.093365669026532286","dynamic":"0.093365669026532286"},"nft":{"value":1,"dynamic":1,"collections":[false,false,false,false,false,false,false],"collections2":{"89seconds":false,"artBlocks":false,"boredApes":false,"cryptoPunks":false,"ksoids":false,"meebits":false,"omnimorphs":false}}},"floor":0.1438575727444686},{"timestamp":1640515400,"price":0.065,"block_number":13880321,"account":{"address":"0xc7faebf9c69ea200aad156e596087acf9675ef7f","tx_count":120,"eth":{"value":"0.432156273557228714","dynamic":"0.432156273557228714"},"nft":{"value":4,"dynamic":4,"collections":[false,false,false,false,false,false,false],"collections2":{"89seconds":false,"artBlocks":true,"boredApes":false,"cryptoPunks":false,"ksoids":false,"meebits":false,"omnimorphs":false}}},"floor":0.056},{"timestamp":1640940813,"price":0.05,"block_number":13912194,"account":{"address":"0xc7faebf9c69ea200aad156e596087acf9675ef7f","tx_count":127,"eth":{"value":"0.973531448380814807","dynamic":"0.973531448380814807"},"nft":{"value":9,"dynamic":9,"collections":[false,false,false,false,false,false,false],"collections2":{"89seconds":false,"artBlocks":true,"boredApes":false,"cryptoPunks":false,"ksoids":false,"meebits":false,"omnimorphs":false}}},"floor":0.044},{"timestamp":1640943534,"price":0.05,"block_number":13912387,"account":{"address":"0xc7faebf9c69ea200aad156e596087acf9675ef7f","tx_count":134,"eth":{"value":"0.585515694807410211","dynamic":"0.585515694807410211"},"nft":{"value":9,"dynamic":9,"collections":[false,false,false,false,false,false,false],"collections2":{"89seconds":false,"artBlocks":true,"boredApes":false,"cryptoPunks":false,"ksoids":false,"meebits":false,"omnimorphs":false}}},"floor":0.045},{"timestamp":1640944927,"price":0.05,"block_number":13912486,"account":{"address":"0xc7faebf9c69ea200aad156e596087acf9675ef7f","tx_count":141,"eth":{"value":"0.203515650149433918","dynamic":"0.203515650149433918"},"nft":{"value":3,"dynamic":3,"collections":[false,false,false,false,false,false,false],"collections2":{"89seconds":false,"artBlocks":true,"boredApes":false,"cryptoPunks":false,"ksoids":false,"meebits":false,"omnimorphs":false}}},"floor":0.045}]}