{"uuid":"4201af9f-9d65-4e4b-bf48-f1885c9d588d","token_id":477,"color":0,"transactions":[{"timestamp":1634207428,"price":0.10301,"block_number":13415787,"account":{"address":"0x9993da67f310669d33ab5fe159792582c3bdbf36","tx_count":162,"eth":{"value":"0.913511842410780551","dynamic":"0.91221416753209343"},"nft":{"value":32,"dynamic":26,"collections":[false,false,false,false,false,false,false],"collections2":{"89seconds":false,"artBlocks":false,"boredApes":false,"cryptoPunks":false,"ksoids":false,"meebits":false,"omnimorphs":false}}},"floor":0.10301},{"timestamp":1634225509,"price":0.35,"block_number":13417138,"account":{"address":"0x966a139f55aa56742298525bd7306c92d0c51cdd","tx_count":443,"eth":{"value":"0.323698376960144545","dynamic":"-0.238227856142531345"},"nft":{"value":66,"dynamic":62,"collections":[false,false,false,false,false,false,false],"collections2":{"89seconds":false,"artBlocks":false,"boredApes":false,"cryptoPunks":false,"ksoids":false,"meebits":false,"omnimorphs":false}}},"floor":0.10301}]}