{"uuid":"f64cb3dd-5861-4685-9ddd-b4346f247150","token_id":475,"color":4,"transactions":[{"timestamp":1634207412,"price":0.10301,"block_number":13415785,"account":{"address":"0xeaaa433c3ab4f150c713d12732b75c8962169205","tx_count":126,"eth":{"value":"1.909860599132142507","dynamic":"1.909860599132142507"},"nft":{"value":48,"dynamic":48,"collections":[false,false,false,false,false,false,false],"collections2":{"89seconds":false,"artBlocks":false,"boredApes":false,"cryptoPunks":false,"ksoids":false,"meebits":false,"omnimorphs":false}}},"floor":0.10301},{"timestamp":1634349771,"price":0.24,"block_number":13426235,"account":{"address":"0xa6c7e4f321d26f3c3e78503846b8381620630e1f","tx_count":2,"eth":{"value":"0.25124718162145818","dynamic":"0.25124718162145818"},"nft":{"value":1,"dynamic":1,"collections":[false,false,false,false,false,false,false],"collections2":{"89seconds":false,"artBlocks":false,"boredApes":false,"cryptoPunks":false,"ksoids":false,"meebits":false,"omnimorphs":false}}},"floor":0.13}]}