{"uuid":"d38338b0-b950-4861-a73e-98d6f8e84884","token_id":481,"color":4,"transactions":[{"timestamp":1634207431,"price":0.10301,"block_number":13415788,"account":{"address":"0x3f19531810d632ef01601f51ebce4c267275d7b6","tx_count":36,"eth":{"value":"0.051806841957462668","dynamic":"0.051806841957462668"},"nft":{"value":8,"dynamic":8,"collections":[false,false,false,false,false,false,false],"collections2":{"89seconds":false,"artBlocks":false,"boredApes":false,"cryptoPunks":false,"ksoids":false,"meebits":false,"omnimorphs":false}}},"floor":0.10301},{"timestamp":1634231324,"price":0.31,"block_number":13417580,"account":{"address":"0xd90b9bf68e29ddbec03f63e34c593bd9d0f5aab9","tx_count":13,"eth":{"value":"33.38896713993407813","dynamic":"33.38896713993407813"},"nft":{"value":16,"dynamic":16,"collections":[false,false,false,false,false,false,false],"collections2":{"89seconds":false,"artBlocks":false,"boredApes":false,"cryptoPunks":false,"ksoids":false,"meebits":true,"omnimorphs":false}}},"floor":0.10301}]}