{"uuid":"1b134550-d695-4b19-8995-5c866bf471e3","token_id":483,"color":4,"transactions":[{"timestamp":1634207457,"price":0.10301,"block_number":13415788,"account":{"address":"0x10b54d8e8e7ea708e5c71915401261f92e03b376","tx_count":752,"eth":{"value":"1.023340429817836396","dynamic":"0.460038466133078472"},"nft":{"value":356,"dynamic":277,"collections":[false,false,false,false,false,false,false],"collections2":{"89seconds":false,"artBlocks":false,"boredApes":true,"cryptoPunks":false,"ksoids":false,"meebits":false,"omnimorphs":true}}},"floor":0.10301}]}