{"uuid":"57fafafb-b498-4eaa-b6a9-11b245eb92da","token_id":482,"color":2,"transactions":[{"timestamp":1634207447,"price":0.10301,"block_number":13415788,"account":{"address":"0x10b54d8e8e7ea708e5c71915401261f92e03b376","tx_count":752,"eth":{"value":"1.023340429817836396","dynamic":"0.460038466133078472"},"nft":{"value":356,"dynamic":277,"collections":[false,false,false,false,false,false,false],"collections2":{"89seconds":false,"artBlocks":false,"boredApes":true,"cryptoPunks":false,"ksoids":false,"meebits":false,"omnimorphs":true}}},"floor":0.10301}]}