{"uuid":"f97a9554-38cd-4b33-9c96-8a1d7da25908","token_id":489,"color":5,"transactions":[{"timestamp":1634207486,"price":0.10301,"block_number":13415794,"account":{"address":"0xe46105bbda606babb797b343b21f930668e83c1d","tx_count":15,"eth":{"value":"0.266245866376960015","dynamic":"0.266245866376960015"},"nft":{"value":14,"dynamic":14,"collections":[false,false,false,false,false,false,false],"collections2":{"89seconds":false,"artBlocks":false,"boredApes":false,"cryptoPunks":false,"ksoids":false,"meebits":false,"omnimorphs":false}}},"floor":0.10301},{"timestamp":1634214065,"price":0.27,"block_number":13416288,"account":{"address":"0xdc3f185290e1a77e1fef5cddbec873d0781156c1","tx_count":31,"eth":{"value":"0.28998591931522972","dynamic":"0.22076504831522972"},"nft":{"value":12,"dynamic":12,"collections":[false,false,false,false,false,false,false],"collections2":{"89seconds":false,"artBlocks":false,"boredApes":false,"cryptoPunks":false,"ksoids":false,"meebits":false,"omnimorphs":false}}},"floor":0.10301},{"timestamp":1640976943,"price":0.06,"block_number":13914820,"account":{"address":"0x709608d8ed2758e9b1ab189d025acc5ffa79e493","tx_count":6,"eth":{"value":"0.700190764858327883","dynamic":"0.700190764858327883"},"nft":{"value":4,"dynamic":4,"collections":[false,false,false,false,false,false,false],"collections2":{"89seconds":false,"artBlocks":false,"boredApes":false,"cryptoPunks":false,"ksoids":false,"meebits":false,"omnimorphs":false}}},"floor":0.06},{"timestamp":1640980716,"price":0.06,"block_number":13915113,"account":{"address":"0x709608d8ed2758e9b1ab189d025acc5ffa79e493","tx_count":8,"eth":{"value":"0.618023935542638605","dynamic":"0.618023935542638605"},"nft":{"value":4,"dynamic":4,"collections":[false,false,false,false,false,false,false],"collections2":{"89seconds":false,"artBlocks":false,"boredApes":false,"cryptoPunks":false,"ksoids":false,"meebits":false,"omnimorphs":false}}},"floor":0.0599}]}