{"uuid":"4092914a-678b-46d5-bab1-560c31e24cc4","token_id":487,"color":3,"transactions":[{"timestamp":1634207483,"price":0.10301,"block_number":13415794,"account":{"address":"0x57fc571b8683b73a7eae96be64ee9f205fb8a0e8","tx_count":99,"eth":{"value":"0.117017012788934754","dynamic":"0.117017012788934754"},"nft":{"value":6,"dynamic":6,"collections":[false,false,false,false,false,false,false],"collections2":{"89seconds":false,"artBlocks":false,"boredApes":false,"cryptoPunks":false,"ksoids":false,"meebits":false,"omnimorphs":true}}},"floor":0.10301},{"timestamp":1634207751,"price":0.2,"block_number":13415814,"account":{"address":"0xc118c71f221d4208360aeb40ffdb2da4cd7ad5fe","tx_count":177,"eth":{"value":"3.132436928360273752","dynamic":"3.132436928360273752"},"nft":{"value":127,"dynamic":127,"collections":[false,false,false,false,false,false,false],"collections2":{"89seconds":false,"artBlocks":false,"boredApes":false,"cryptoPunks":false,"ksoids":false,"meebits":false,"omnimorphs":false}}},"floor":0.10301}]}