{"uuid":"91c67e0d-239c-4649-b808-cbf6e0c715df","token_id":485,"color":0,"transactions":[{"timestamp":1634207479,"price":0.10301,"block_number":13415792,"account":{"address":"0x10b54d8e8e7ea708e5c71915401261f92e03b376","tx_count":752,"eth":{"value":"1.023340429817836396","dynamic":"0.460038466133078472"},"nft":{"value":356,"dynamic":277,"collections":[false,false,false,false,false,false,false],"collections2":{"89seconds":false,"artBlocks":false,"boredApes":true,"cryptoPunks":false,"ksoids":false,"meebits":false,"omnimorphs":true}}},"floor":0.10301}]}