{"uuid":"d135d951-016a-45fb-bf52-7cbe56dd1f06","token_id":480,"color":0,"transactions":[{"timestamp":1634207430,"price":0.10301,"block_number":13415788,"account":{"address":"0x3f19531810d632ef01601f51ebce4c267275d7b6","tx_count":36,"eth":{"value":"0.051806841957462668","dynamic":"0.051806841957462668"},"nft":{"value":8,"dynamic":8,"collections":[false,false,false,false,false,false,false],"collections2":{"89seconds":false,"artBlocks":false,"boredApes":false,"cryptoPunks":false,"ksoids":false,"meebits":false,"omnimorphs":false}}},"floor":0.10301},{"timestamp":1634224555,"price":0.288,"block_number":13417062,"account":{"address":"0xa69494a12973002c2fec0ad0c49f426af3e13cac","tx_count":176,"eth":{"value":"0.098297152916952782","dynamic":"0.098297152916952782"},"nft":{"value":40,"dynamic":40,"collections":[false,false,false,false,false,false,false],"collections2":{"89seconds":false,"artBlocks":false,"boredApes":false,"cryptoPunks":false,"ksoids":false,"meebits":false,"omnimorphs":false}}},"floor":0.10301},{"timestamp":1634371577,"price":0.16,"block_number":13427855,"account":{"address":"0x415c51d36608a0d8c2fd6ab6e352060929e9e851","tx_count":3,"eth":{"value":"0.018686035814899312","dynamic":"0.018686035814899312"},"nft":{"value":2,"dynamic":2,"collections":[false,false,false,false,false,false,false],"collections2":{"89seconds":false,"artBlocks":false,"boredApes":false,"cryptoPunks":false,"ksoids":false,"meebits":false,"omnimorphs":false}}},"floor":0.1233},{"timestamp":1634421163,"price":0.35,"block_number":13431570,"account":{"address":"0xfef3427ccb8f70dae9930ae9f99650e36c9159e7","tx_count":879,"eth":{"value":"3.165186953400622148","dynamic":"2.650784946729475226"},"nft":{"value":94,"dynamic":82,"collections":[false,false,false,false,false,false,false],"collections2":{"89seconds":false,"artBlocks":false,"boredApes":false,"cryptoPunks":false,"ksoids":false,"meebits":false,"omnimorphs":false}}},"floor":0.10301},{"timestamp":1637065557,"price":0.1,"block_number":13626592,"account":{"address":"0xbda74636999a025cbd9f7b16edd65323e95b1bb3","tx_count":54,"eth":{"value":"0.027699964891953212","dynamic":"0.020207173891953212"},"nft":{"value":47,"dynamic":47,"collections":[false,false,false,false,false,false,false],"collections2":{"89seconds":false,"artBlocks":true,"boredApes":false,"cryptoPunks":false,"ksoids":false,"meebits":false,"omnimorphs":false}}},"floor":0.055080000000000004}]}