{"uuid":"873c8a46-ee84-42d4-acb9-c88df46442f8","token_id":486,"color":3,"transactions":[{"timestamp":1634207482,"price":0.10301,"block_number":13415793,"account":{"address":"0x28a00b8a10b7175e5e886f1f112a21b8b2460dea","tx_count":37,"eth":{"value":"0.317944407774044182","dynamic":"0.317944407774044182"},"nft":{"value":18,"dynamic":18,"collections":[false,false,false,false,false,false,false],"collections2":{"89seconds":false,"artBlocks":false,"boredApes":false,"cryptoPunks":false,"ksoids":false,"meebits":false,"omnimorphs":true}}},"floor":0.10301}]}