{"uuid":"077e04c1-cd66-4a5c-8007-6884d6f89446","token_id":488,"color":4,"transactions":[{"timestamp":1634207484,"price":0.10301,"block_number":13415794,"account":{"address":"0x57fc571b8683b73a7eae96be64ee9f205fb8a0e8","tx_count":99,"eth":{"value":"0.117017012788934754","dynamic":"0.117017012788934754"},"nft":{"value":6,"dynamic":6,"collections":[false,false,false,false,false,false,false],"collections2":{"89seconds":false,"artBlocks":false,"boredApes":false,"cryptoPunks":false,"ksoids":false,"meebits":false,"omnimorphs":true}}},"floor":0.10301},{"timestamp":1634207891,"price":0.2,"block_number":13415824,"account":{"address":"0x2d3dbcb2929afe8e9aa700ef41d14fff85bb91f5","tx_count":358,"eth":{"value":"27.97995851020333649","dynamic":"26.993818147203336489"},"nft":{"value":71,"dynamic":71,"collections":[false,false,false,false,false,false,false],"collections2":{"89seconds":false,"artBlocks":false,"boredApes":false,"cryptoPunks":false,"ksoids":false,"meebits":false,"omnimorphs":false}}},"floor":0.10301},{"timestamp":1635338033,"price":0.1497,"block_number":13499409,"account":{"address":"0xb0a0bcac1f8010af6c63e7190824ff93186d54e3","tx_count":225,"eth":{"value":"0.014739357246486492","dynamic":"0.01122320044676322"},"nft":{"value":48,"dynamic":47,"collections":[false,false,false,false,false,false,false],"collections2":{"89seconds":false,"artBlocks":false,"boredApes":false,"cryptoPunks":false,"ksoids":false,"meebits":false,"omnimorphs":false}}},"floor":0.10301},{"timestamp":1635628866,"price":0.07,"block_number":13520839,"account":{"address":"0x45bf8472fb90e200e887195aa79a3d8b80d1613d","tx_count":690,"eth":{"value":"0.039069006170059966","dynamic":"0.035391979043218812"},"nft":{"value":46,"dynamic":46,"collections":[false,false,false,false,false,false,false],"collections2":{"89seconds":false,"artBlocks":false,"boredApes":false,"cryptoPunks":false,"ksoids":false,"meebits":false,"omnimorphs":true}}},"floor":0.068},{"timestamp":1635629403,"price":0.07,"block_number":13520884,"account":{"address":"0xb0a0bcac1f8010af6c63e7190824ff93186d54e3","tx_count":234,"eth":{"value":"0.037461224618871977","dynamic":"0.033945067819148705"},"nft":{"value":50,"dynamic":49,"collections":[false,false,false,false,false,false,false],"collections2":{"89seconds":false,"artBlocks":false,"boredApes":false,"cryptoPunks":false,"ksoids":false,"meebits":false,"omnimorphs":true}}},"floor":0.068},{"timestamp":1636146975,"price":0.089,"block_number":13558959,"account":{"address":"0xb0a0bcac1f8010af6c63e7190824ff93186d54e3","tx_count":246,"eth":{"value":"0.054822530694450071","dynamic":"0.041062407831092543"},"nft":{"value":46,"dynamic":44,"collections":[false,false,false,false,false,false,false],"collections2":{"89seconds":false,"artBlocks":false,"boredApes":false,"cryptoPunks":false,"ksoids":false,"meebits":false,"omnimorphs":false}}},"floor":0.05301},{"timestamp":1636147884,"price":0.089,"block_number":13559020,"account":{"address":"0xb0a0bcac1f8010af6c63e7190824ff93186d54e3","tx_count":248,"eth":{"value":"0.043073075533661705","dynamic":"0.029312952670304177"},"nft":{"value":47,"dynamic":45,"collections":[false,false,false,false,false,false,false],"collections2":{"89seconds":false,"artBlocks":false,"boredApes":false,"cryptoPunks":false,"ksoids":false,"meebits":false,"omnimorphs":false}}},"floor":0.05301}]}