{"uuid":"27a242cf-903f-4bb1-901c-73a7b58fd36c","token_id":490,"color":4,"transactions":[{"timestamp":1634207488,"price":0.10301,"block_number":13415794,"account":{"address":"0xe46105bbda606babb797b343b21f930668e83c1d","tx_count":15,"eth":{"value":"0.266245866376960015","dynamic":"0.266245866376960015"},"nft":{"value":14,"dynamic":14,"collections":[false,false,false,false,false,false,false],"collections2":{"89seconds":false,"artBlocks":false,"boredApes":false,"cryptoPunks":false,"ksoids":false,"meebits":false,"omnimorphs":false}}},"floor":0.10301},{"timestamp":1634225980,"price":0.3,"block_number":13417178,"account":{"address":"0x623a184f4b963b98dc85d7f578d0728f456b2731","tx_count":226,"eth":{"value":"1.087719914106228895","dynamic":"0.466545059468176595"},"nft":{"value":16,"dynamic":14,"collections":[false,false,false,false,false,false,false],"collections2":{"89seconds":false,"artBlocks":false,"boredApes":false,"cryptoPunks":false,"ksoids":false,"meebits":false,"omnimorphs":false}}},"floor":0.10301}]}