{"uuid":"62050331-f152-4a4c-b8ae-9acc526b650b","token_id":492,"color":1,"transactions":[{"timestamp":1634207491,"price":0.10301,"block_number":13415794,"account":{"address":"0xe46105bbda606babb797b343b21f930668e83c1d","tx_count":15,"eth":{"value":"0.266245866376960015","dynamic":"0.266245866376960015"},"nft":{"value":14,"dynamic":14,"collections":[false,false,false,false,false,false,false],"collections2":{"89seconds":false,"artBlocks":false,"boredApes":false,"cryptoPunks":false,"ksoids":false,"meebits":false,"omnimorphs":false}}},"floor":0.10301},{"timestamp":1635072098,"price":0.15,"block_number":13479693,"account":{"address":"0xc35a5fec6be6957899e15559be252db882220b37","tx_count":29321,"eth":{"value":"17.168608905639556925","dynamic":"14.065791731958185485"},"nft":{"value":6823,"dynamic":806,"collections":[false,false,false,false,false,false,false],"collections2":{"89seconds":true,"artBlocks":true,"boredApes":true,"cryptoPunks":true,"ksoids":true,"meebits":true,"omnimorphs":false}}},"floor":0.138}]}