{"uuid":"9706eb62-b5a7-4438-9682-29161f6cef73","token_id":494,"color":1,"transactions":[{"timestamp":1634207525,"price":0.10301,"block_number":13415798,"account":{"address":"0xd378a3a648178d556107418cb970be14571bb7fc","tx_count":45,"eth":{"value":"0.192084112581550721","dynamic":"-0.308106281218449279"},"nft":{"value":9,"dynamic":3,"collections":[false,false,false,false,false,false,false],"collections2":{"89seconds":false,"artBlocks":false,"boredApes":false,"cryptoPunks":false,"ksoids":true,"meebits":false,"omnimorphs":false}}},"floor":0.10301},{"timestamp":1634207636,"price":0.2,"block_number":13415809,"account":{"address":"0x9ede8a7572dc0e931b6a7daceda94303df178f03","tx_count":2,"eth":{"value":"0.492122274473570664","dynamic":"0.492122274473570664"},"nft":{"value":0,"dynamic":0,"collections":[false,false,false,false,false,false,false],"collections2":{"89seconds":false,"artBlocks":false,"boredApes":false,"cryptoPunks":false,"ksoids":false,"meebits":false,"omnimorphs":false}}},"floor":0.10301},{"timestamp":1634210572,"price":0.22,"block_number":13416019,"account":{"address":"0xd378a3a648178d556107418cb970be14571bb7fc","tx_count":48,"eth":{"value":"0.008099864766425428","dynamic":"-0.492090529033574572"},"nft":{"value":9,"dynamic":3,"collections":[false,false,false,false,false,false,false],"collections2":{"89seconds":false,"artBlocks":false,"boredApes":false,"cryptoPunks":false,"ksoids":true,"meebits":false,"omnimorphs":false}}},"floor":0.10301},{"timestamp":1635005942,"price":0.2,"block_number":13474817,"account":{"address":"0x6f635c5d75a0409702b2d947db2ba7f27828bd65","tx_count":38,"eth":{"value":"0.057762028858043065","dynamic":"-1.691957383641956935"},"nft":{"value":1,"dynamic":1,"collections":[false,false,false,false,false,false,false],"collections2":{"89seconds":false,"artBlocks":false,"boredApes":false,"cryptoPunks":false,"ksoids":false,"meebits":false,"omnimorphs":false}}},"floor":0.14},{"timestamp":1635006797,"price":0.2,"block_number":13474880,"account":{"address":"0xd378a3a648178d556107418cb970be14571bb7fc","tx_count":73,"eth":{"value":"2.726194043759508209","dynamic":"2.226003649959508209"},"nft":{"value":12,"dynamic":10,"collections":[false,false,false,false,false,false,false],"collections2":{"89seconds":false,"artBlocks":false,"boredApes":false,"cryptoPunks":false,"ksoids":false,"meebits":false,"omnimorphs":false}}},"floor":0.12600000000000003},{"timestamp":1635292589,"price":0.2,"block_number":13496060,"account":{"address":"0x6f635c5d75a0409702b2d947db2ba7f27828bd65","tx_count":46,"eth":{"value":"0.209363500509830542","dynamic":"-0.540014661990169458"},"nft":{"value":2,"dynamic":2,"collections":[false,false,false,false,false,false,false],"collections2":{"89seconds":false,"artBlocks":false,"boredApes":false,"cryptoPunks":false,"ksoids":false,"meebits":false,"omnimorphs":false}}},"floor":0.10851731257809272},{"timestamp":1635296668,"price":0.2,"block_number":13496343,"account":{"address":"0xd378a3a648178d556107418cb970be14571bb7fc","tx_count":87,"eth":{"value":"0.951722207706977328","dynamic":"0.451531813906977328"},"nft":{"value":13,"dynamic":11,"collections":[false,false,false,false,false,false,false],"collections2":{"89seconds":false,"artBlocks":false,"boredApes":false,"cryptoPunks":false,"ksoids":false,"meebits":false,"omnimorphs":false}}},"floor":0.10301}]}