{"uuid":"aef643ed-d9de-45f3-8aa1-e3e18d07a605","token_id":497,"color":1,"transactions":[{"timestamp":1634207537,"price":0.10301,"block_number":13415798,"account":{"address":"0x41338d84a3e14d506499abeb455d749339e3ff5c","tx_count":115,"eth":{"value":"0.842707739528157653","dynamic":"0.842707739528157653"},"nft":{"value":29,"dynamic":29,"collections":[false,false,false,false,false,false,false],"collections2":{"89seconds":false,"artBlocks":false,"boredApes":false,"cryptoPunks":false,"ksoids":false,"meebits":false,"omnimorphs":true}}},"floor":0.10301},{"timestamp":1634227625,"price":0.35,"block_number":13417323,"account":{"address":"0xd3e2e76e4ab0322614fe7aaa3be0b04bed83d0d0","tx_count":2189,"eth":{"value":"27.923110756095695513","dynamic":"24.96914072322683515"},"nft":{"value":528,"dynamic":400,"collections":[false,false,false,false,false,false,false],"collections2":{"89seconds":true,"artBlocks":true,"boredApes":false,"cryptoPunks":true,"ksoids":false,"meebits":true,"omnimorphs":false}}},"floor":0.10301},{"timestamp":1639863984,"price":0.077,"block_number":13831614,"account":{"address":"0x3f58588b59da010031dd8a355dcd7de229663ebf","tx_count":277,"eth":{"value":"0.257304391594883947","dynamic":"-3.727091618912502853"},"nft":{"value":262,"dynamic":167,"collections":[false,false,false,false,false,false,false],"collections2":{"89seconds":false,"artBlocks":true,"boredApes":true,"cryptoPunks":false,"ksoids":false,"meebits":true,"omnimorphs":false}}},"floor":0.068},{"timestamp":1639864820,"price":0.077,"block_number":13831672,"account":{"address":"0xd3e2e76e4ab0322614fe7aaa3be0b04bed83d0d0","tx_count":2439,"eth":{"value":"1.402664626071410974","dynamic":"-140.1327566349487628"},"nft":{"value":717,"dynamic":463,"collections":[false,false,false,false,false,false,false],"collections2":{"89seconds":true,"artBlocks":true,"boredApes":false,"cryptoPunks":true,"ksoids":true,"meebits":true,"omnimorphs":false}}},"floor":0.068},{"timestamp":1639865035,"price":0.077,"block_number":13831689,"account":{"address":"0x3f58588b59da010031dd8a355dcd7de229663ebf","tx_count":279,"eth":{"value":"0.162507599521082607","dynamic":"-3.821888410986304193"},"nft":{"value":263,"dynamic":168,"collections":[false,false,false,false,false,false,false],"collections2":{"89seconds":false,"artBlocks":true,"boredApes":true,"cryptoPunks":false,"ksoids":false,"meebits":true,"omnimorphs":false}}},"floor":0.068},{"timestamp":1640401426,"price":0.1666,"block_number":13871797,"account":{"address":"0xd3e2e76e4ab0322614fe7aaa3be0b04bed83d0d0","tx_count":2505,"eth":{"value":"3.259955022646425997","dynamic":"-103.470030708269546536"},"nft":{"value":746,"dynamic":489,"collections":[false,false,false,false,false,false,false],"collections2":{"89seconds":true,"artBlocks":true,"boredApes":false,"cryptoPunks":true,"ksoids":true,"meebits":true,"omnimorphs":false}}},"floor":0.05},{"timestamp":1640446747,"price":0.13,"block_number":13875206,"account":{"address":"0x3f58588b59da010031dd8a355dcd7de229663ebf","tx_count":312,"eth":{"value":"3.301068378274276888","dynamic":"1.295613331544972511"},"nft":{"value":275,"dynamic":140,"collections":[false,false,false,false,false,false,false],"collections2":{"89seconds":false,"artBlocks":true,"boredApes":false,"cryptoPunks":false,"ksoids":false,"meebits":true,"omnimorphs":false}}},"floor":0.05}]}