{"uuid":"f30b2c4c-289d-44de-9436-fc24a24f9741","token_id":495,"color":3,"transactions":[{"timestamp":1634207526,"price":0.10301,"block_number":13415798,"account":{"address":"0xd378a3a648178d556107418cb970be14571bb7fc","tx_count":45,"eth":{"value":"0.192084112581550721","dynamic":"-0.308106281218449279"},"nft":{"value":9,"dynamic":3,"collections":[false,false,false,false,false,false,false],"collections2":{"89seconds":false,"artBlocks":false,"boredApes":false,"cryptoPunks":false,"ksoids":true,"meebits":false,"omnimorphs":false}}},"floor":0.10301},{"timestamp":1634219752,"price":0.3,"block_number":13416707,"account":{"address":"0x9ede8a7572dc0e931b6a7daceda94303df178f03","tx_count":9,"eth":{"value":"0.087501859860361478","dynamic":"0.087501859860361478"},"nft":{"value":0,"dynamic":0,"collections":[false,false,false,false,false,false,false],"collections2":{"89seconds":false,"artBlocks":false,"boredApes":false,"cryptoPunks":false,"ksoids":false,"meebits":false,"omnimorphs":false}}},"floor":0.10301},{"timestamp":1634225489,"price":0.4,"block_number":13417135,"account":{"address":"0xd378a3a648178d556107418cb970be14571bb7fc","tx_count":49,"eth":{"value":"0.629139253666290171","dynamic":"0.128948859866290171"},"nft":{"value":9,"dynamic":3,"collections":[false,false,false,false,false,false,false],"collections2":{"89seconds":false,"artBlocks":false,"boredApes":false,"cryptoPunks":false,"ksoids":true,"meebits":false,"omnimorphs":false}}},"floor":0.10301},{"timestamp":1634232089,"price":0.3,"block_number":13417642,"account":{"address":"0x9ede8a7572dc0e931b6a7daceda94303df178f03","tx_count":11,"eth":{"value":"0.045535035360353254","dynamic":"0.045535035360353254"},"nft":{"value":1,"dynamic":1,"collections":[false,false,false,false,false,false,false],"collections2":{"artBlocks":false,"boredApes":false,"cryptoPunks":false,"ksoids":false,"meebits":false,"omnimorphs":false}}},"floor":0.10301},{"timestamp":1634232497,"price":0.35,"block_number":13417673,"account":{"address":"0xd378a3a648178d556107418cb970be14571bb7fc","tx_count":50,"eth":{"value":"0.593963263366979275","dynamic":"0.093772869566979275"},"nft":{"value":9,"dynamic":3,"collections":[false,false,false,false,false,false,false],"collections2":{"89seconds":false,"artBlocks":false,"boredApes":false,"cryptoPunks":false,"ksoids":true,"meebits":false,"omnimorphs":false}}},"floor":0.10301},{"timestamp":1634238893,"price":0.4,"block_number":13418119,"account":{"address":"0x9ede8a7572dc0e931b6a7daceda94303df178f03","tx_count":12,"eth":{"value":"0.012732751870836054","dynamic":"0.012732751870836054"},"nft":{"value":0,"dynamic":0,"collections":[false,false,false,false,false,false,false],"collections2":{"89seconds":false,"artBlocks":false,"boredApes":false,"cryptoPunks":false,"ksoids":false,"meebits":false,"omnimorphs":false}}},"floor":0.10301},{"timestamp":1634254782,"price":0.5,"block_number":13419295,"account":{"address":"0xd378a3a648178d556107418cb970be14571bb7fc","tx_count":52,"eth":{"value":"0.503364830234439547","dynamic":"0.003174436434439547"},"nft":{"value":9,"dynamic":3,"collections":[false,false,false,false,false,false,false],"collections2":{"89seconds":false,"artBlocks":false,"boredApes":false,"cryptoPunks":false,"ksoids":true,"meebits":false,"omnimorphs":false}}},"floor":0.2}]}