{"uuid":"95eb5b64-0479-42bb-845e-1b53b66d0820","token_id":491,"color":3,"transactions":[{"timestamp":1634207490,"price":0.10301,"block_number":13415794,"account":{"address":"0xe46105bbda606babb797b343b21f930668e83c1d","tx_count":15,"eth":{"value":"0.266245866376960015","dynamic":"0.266245866376960015"},"nft":{"value":14,"dynamic":14,"collections":[false,false,false,false,false,false,false],"collections2":{"89seconds":false,"artBlocks":false,"boredApes":false,"cryptoPunks":false,"ksoids":false,"meebits":false,"omnimorphs":false}}},"floor":0.10301},{"timestamp":1635072132,"price":0.15,"block_number":13479699,"account":{"address":"0xc35a5fec6be6957899e15559be252db882220b37","tx_count":29322,"eth":{"value":"17.010802061271478664","dynamic":"13.907984887590107226"},"nft":{"value":6823,"dynamic":806,"collections":[false,false,false,false,false,false,false],"collections2":{"89seconds":true,"artBlocks":true,"boredApes":true,"cryptoPunks":true,"ksoids":true,"meebits":true,"omnimorphs":false}}},"floor":0.138},{"timestamp":1640816203,"price":0.083,"block_number":13902890,"account":{"address":"0x258b3bab0aaec3d95ab9c5382281ea09dedea61b","tx_count":171,"eth":{"value":"2.024764577268261288","dynamic":"1.802411116556568714"},"nft":{"value":88,"dynamic":16,"collections":[false,false,false,false,false,false,false],"collections2":{"89seconds":false,"artBlocks":false,"boredApes":true,"cryptoPunks":false,"ksoids":false,"meebits":false,"omnimorphs":false}}},"floor":0.044},{"timestamp":1640846776,"price":0.043333333333333335,"block_number":13905173,"account":{"address":"0x480ebc853c7dacfcd97043d69eca3f62a98a9a92","tx_count":129,"eth":{"value":"0.188755852653688353","dynamic":"0.188755852653688353"},"nft":{"value":15,"dynamic":15,"collections":[false,false,false,false,false,false,false],"collections2":{"89seconds":false,"artBlocks":true,"boredApes":false,"cryptoPunks":false,"ksoids":true,"meebits":false,"omnimorphs":false}}},"floor":0.0429},{"timestamp":1640851919,"price":0.04666666666666667,"block_number":13905545,"account":{"address":"0x480ebc853c7dacfcd97043d69eca3f62a98a9a92","tx_count":132,"eth":{"value":"0.290884212497208387","dynamic":"0.290884212497208387"},"nft":{"value":9,"dynamic":9,"collections":[false,false,false,false,false,false,false],"collections2":{"89seconds":false,"artBlocks":true,"boredApes":false,"cryptoPunks":false,"ksoids":false,"meebits":false,"omnimorphs":false}}},"floor":0.0429},{"timestamp":1640891080,"price":0.045,"block_number":13908453,"account":{"address":"0x480ebc853c7dacfcd97043d69eca3f62a98a9a92","tx_count":134,"eth":{"value":"0.291011921285385565","dynamic":"0.291011921285385565"},"nft":{"value":12,"dynamic":12,"collections":[false,false,false,false,false,false,false],"collections2":{"89seconds":false,"artBlocks":true,"boredApes":false,"cryptoPunks":false,"ksoids":false,"meebits":false,"omnimorphs":false}}},"floor":0.042}]}