{"uuid":"fdc9c5ed-3e77-42fa-8e03-265468051e1d","token_id":496,"color":3,"transactions":[{"timestamp":1634207534,"price":0.10301,"block_number":13415798,"account":{"address":"0xc32438f7e4d3444acb88c23ecdadbc9989acc344","tx_count":312,"eth":{"value":"0.48048194784585678","dynamic":"0.443690765761316426"},"nft":{"value":186,"dynamic":184,"collections":[false,false,false,false,false,false,false],"collections2":{"89seconds":false,"artBlocks":false,"boredApes":false,"cryptoPunks":false,"ksoids":false,"meebits":false,"omnimorphs":false}}},"floor":0.10301},{"timestamp":1634229230,"price":0.369,"block_number":13417428,"account":{"address":"0x75a6b3b01980bf4a78c7bdeca563d04f2dc60de2","tx_count":261,"eth":{"value":"59.472202230336151062","dynamic":"58.453861307736151062"},"nft":{"value":24,"dynamic":24,"collections":[false,false,false,false,false,false,false],"collections2":{"89seconds":false,"artBlocks":false,"boredApes":false,"cryptoPunks":false,"ksoids":false,"meebits":false,"omnimorphs":false}}},"floor":0.10301}]}