{"uuid":"c27a27de-8847-4f74-be5b-1400d123e5e9","token_id":493,"color":5,"transactions":[{"timestamp":1634207523,"price":0.10301,"block_number":13415798,"account":{"address":"0xd378a3a648178d556107418cb970be14571bb7fc","tx_count":45,"eth":{"value":"0.192084112581550721","dynamic":"-0.308106281218449279"},"nft":{"value":9,"dynamic":3,"collections":[false,false,false,false,false,false,false],"collections2":{"89seconds":false,"artBlocks":false,"boredApes":false,"cryptoPunks":false,"ksoids":true,"meebits":false,"omnimorphs":false}}},"floor":0.10301},{"timestamp":1634873651,"price":0.15,"block_number":13465088,"account":{"address":"0x6f635c5d75a0409702b2d947db2ba7f27828bd65","tx_count":32,"eth":{"value":"0.225732590885000028","dynamic":"-2.524564321614999972"},"nft":{"value":1,"dynamic":1,"collections":[false,false,false,false,false,false,false],"collections2":{"89seconds":false,"artBlocks":false,"boredApes":false,"cryptoPunks":false,"ksoids":false,"meebits":false,"omnimorphs":false}}},"floor":0.10301},{"timestamp":1634874693,"price":0.13,"block_number":13465179,"account":{"address":"0xd378a3a648178d556107418cb970be14571bb7fc","tx_count":64,"eth":{"value":"0.061016644440912208","dynamic":"-0.439173749359087792"},"nft":{"value":16,"dynamic":10,"collections":[false,false,false,false,false,false,false],"collections2":{"89seconds":false,"artBlocks":false,"boredApes":false,"cryptoPunks":false,"ksoids":true,"meebits":false,"omnimorphs":false}}},"floor":0.114},{"timestamp":1634909060,"price":0.4,"block_number":13467657,"account":{"address":"0x6f635c5d75a0409702b2d947db2ba7f27828bd65","tx_count":37,"eth":{"value":"0.084607321769493475","dynamic":"-2.665689590730506525"},"nft":{"value":1,"dynamic":1,"collections":[false,false,false,false,false,false,false],"collections2":{"89seconds":false,"artBlocks":false,"boredApes":false,"cryptoPunks":false,"ksoids":false,"meebits":false,"omnimorphs":false}}},"floor":0.12},{"timestamp":1634909995,"price":0.2,"block_number":13467730,"account":{"address":"0xd378a3a648178d556107418cb970be14571bb7fc","tx_count":70,"eth":{"value":"1.679152329053852413","dynamic":"1.178961935253852413"},"nft":{"value":14,"dynamic":12,"collections":[false,false,false,false,false,false,false],"collections2":{"89seconds":false,"artBlocks":false,"boredApes":false,"cryptoPunks":false,"ksoids":false,"meebits":false,"omnimorphs":false}}},"floor":0.12},{"timestamp":1635010345,"price":0.15,"block_number":13475159,"account":{"address":"0x6f635c5d75a0409702b2d947db2ba7f27828bd65","tx_count":40,"eth":{"value":"0.065435285945834676","dynamic":"-1.684284126554165324"},"nft":{"value":1,"dynamic":1,"collections":[false,false,false,false,false,false,false],"collections2":{"89seconds":false,"artBlocks":false,"boredApes":false,"cryptoPunks":false,"ksoids":false,"meebits":false,"omnimorphs":false}}},"floor":0.12600000000000003},{"timestamp":1635013106,"price":0.2,"block_number":13475369,"account":{"address":"0xd378a3a648178d556107418cb970be14571bb7fc","tx_count":76,"eth":{"value":"2.294478246903628887","dynamic":"1.794287853103628887"},"nft":{"value":14,"dynamic":12,"collections":[false,false,false,false,false,false,false],"collections2":{"89seconds":false,"artBlocks":false,"boredApes":false,"cryptoPunks":false,"ksoids":false,"meebits":false,"omnimorphs":false}}},"floor":0.11340000000000003}]}