{"uuid":"d1123d27-186d-4564-909e-07181c672d61","token_id":500,"color":3,"transactions":[{"timestamp":1634207540,"price":0.10301,"block_number":13415799,"account":{"address":"0xb4a411df5fbcd24d51a40ffb1445730ed100d9d7","tx_count":22,"eth":{"value":"1.760770990170644133","dynamic":"0.804544469170644133"},"nft":{"value":3,"dynamic":3,"collections":[false,false,false,false,false,false,false],"collections2":{"89seconds":false,"artBlocks":false,"boredApes":false,"cryptoPunks":false,"ksoids":false,"meebits":false,"omnimorphs":false}}},"floor":0.10301}]}